retriever,variant,scope,n_manuals,strategy,n_questions,doc_hit@1,doc_hit@1_lo,doc_hit@1_hi,doc_hit@3,doc_hit@3_lo,doc_hit@3_hi,doc_rr,doc_rr_lo,doc_rr_hi,chunk_hit@1,chunk_hit@1_lo,chunk_hit@1_hi,chunk_hit@5,chunk_hit@5_lo,chunk_hit@5_hi,chunk_hit@10,chunk_hit@10_lo,chunk_hit@10_hi,chunk_rr@10,chunk_rr@10_lo,chunk_rr@10_hi,ndcg@10,ndcg@10_lo,ndcg@10_hi,page_hit@1,page_hit@1_lo,page_hit@1_hi,page_hit@5,page_hit@5_lo,page_hit@5_hi,doc_hit@1_lenient,doc_hit@1_lenient_lo,doc_hit@1_lenient_hi,chunk_hit@5_lenient,chunk_hit@5_lenient_lo,chunk_hit@5_lenient_hi,confusion_same_vehicle,confusion_same_vehicle_lo,confusion_same_vehicle_hi,confusion_same_brand,confusion_same_brand_lo,confusion_same_brand_hi,confusion_other_brand,confusion_other_brand_lo,confusion_other_brand_hi
bm25_stem,native_brand,global,0,,429,0.2494172494172494,0.21081941463386683,0.29246291745654324,0.46853146853146854,0.4217997511405959,0.5158217510288975,0.396451951501946,0.36145456082238586,0.4316239558487307,0.14918414918414918,0.11859037476737491,0.18600489015919916,0.331002331002331,0.2881454122494534,0.37685895125338137,0.3939393939393939,0.3488394217607179,0.4409219374031301,0.22017057017057018,0.1870621508121508,0.25386881636881636,0.24265572175593,0.20946578199901997,0.27631547430351433,0.16083916083916083,0.1291085151111866,0.19858989716001957,0.358974358974359,0.3150175124980972,0.40543440463185465,0.32167832167832167,0.2792264219690699,0.36729542365805923,0.3682983682983683,0.3240120572914401,0.41492237771421736,0.011655011655011656,0.004988317064839966,0.02698980919507543,0.2564102564102564,0.21737972116177612,0.2997644993354132,0.4825174825174825,0.43559763266203977,0.5297476463210121
bm25_stem,native_brand,manual,0,,429,1.0,0.9911250210847168,1.0,1.0,0.9911250210847168,1.0,1.0,0.9911250210847168,1.0,0.41025641025641024,0.3647074320412226,0.4573983334051104,0.6946386946386947,0.6494888549874664,0.7363337056678896,0.7948717948717948,0.7541245182812059,0.830385109537986,0.5347985347985348,0.4952630471380471,0.5740548109298109,0.5741947195264338,0.5381823019760439,0.6098281933247589,0.4731934731934732,0.42639497062791254,0.5204677904794338,0.7482517482517482,0.7051016818804644,0.7869953565601991,1.0,0.9911250210847168,1.0,0.6946386946386947,0.6494888549874664,0.7363337056678896,0.0,0.0,0.008874978915283301,0.0,0.0,0.008874978915283301,0.0,0.0,0.008874978915283301
bm25_stem,native_brand,tier,1,hard,429,1.0,0.9911250210847168,1.0,1.0,0.9911250210847168,1.0,1.0,0.9911250210847168,1.0,0.41025641025641024,0.3647074320412226,0.4573983334051104,0.6946386946386947,0.6494888549874664,0.7363337056678896,0.7948717948717948,0.7541245182812059,0.830385109537986,0.5347985347985348,0.4952630471380471,0.5740548109298109,0.5741947195264338,0.5381823019760439,0.6098281933247589,0.4731934731934732,0.42639497062791254,0.5204677904794338,0.7482517482517482,0.7051016818804644,0.7869953565601991,1.0,0.9911250210847168,1.0,0.6946386946386947,0.6494888549874664,0.7363337056678896,0.0,0.0,0.008874978915283301,0.0,0.0,0.008874978915283301,0.0,0.0,0.008874978915283301
bm25_stem,native_brand,tier,1,random,429,1.0,0.9911250210847168,1.0,1.0,0.9911250210847168,1.0,1.0,0.9911250210847168,1.0,0.41025641025641024,0.3647074320412226,0.4573983334051104,0.6946386946386947,0.6494888549874664,0.7363337056678896,0.7948717948717948,0.7541245182812059,0.830385109537986,0.5347985347985348,0.4952630471380471,0.5740548109298109,0.5741947195264338,0.5381823019760439,0.6098281933247589,0.4731934731934732,0.42639497062791254,0.5204677904794338,0.7482517482517482,0.7051016818804644,0.7869953565601991,1.0,0.9911250210847168,1.0,0.6946386946386947,0.6494888549874664,0.7363337056678896,0.0,0.0,0.008874978915283301,0.0,0.0,0.008874978915283301,0.0,0.0,0.008874978915283301
bm25_stem,native_brand,tier,2,hard,429,0.7328671328671328,0.6997668997668998,0.7645687645687645,1.0,0.9911250210847168,1.0,0.8664335664335664,0.8498834498834499,0.8822843822843823,0.3328671328671329,0.2913752913752914,0.3752913752913753,0.6163170163170163,0.5710955710955711,0.66013986013986,0.7062937062937062,0.6638694638694639,0.7463869463869465,0.4517341917341917,0.41325368150368147,0.4899802327302327,0.48920179725556245,0.45189941938043454,0.5251865637839687,0.38368298368298365,0.34032634032634035,0.42657342657342656,0.6652680652680653,0.6214452214452215,0.7081585081585082,0.7934731934731934,0.7622377622377622,0.8223776223776224,0.6233100233100233,0.578088578088578,0.6666666666666666,0.008857808857808857,0.0018648018648018648,0.018181818181818184,0.2536130536130536,0.22284382284382284,0.2857808857808858,0.004662004662004662,0.0012794222258141726,0.016836815627321967
bm25_stem,native_brand,tier,2,random,429,0.9393939393939394,0.925874125874126,0.951981351981352,1.0,0.9911250210847168,1.0,0.9696969696969697,0.9629370629370629,0.9759906759906761,0.39300699300699293,0.3477855477855478,0.43776223776223777,0.6773892773892775,0.634032634032634,0.7188811188811188,0.7771561771561771,0.7384615384615385,0.813986013986014,0.5157649757649758,0.47685126910126907,0.5542197848447847,0.5542224732946885,0.5184777778112547,0.5896805195010594,0.4522144522144522,0.40651515151515155,0.4979020979020979,0.7314685314685315,0.6909090909090908,0.7720279720279721,0.9421911421911422,0.9291375291375292,0.9543240093240092,0.6778554778554778,0.6344988344988346,0.7193473193473194,0.0004662004662004662,0.0,0.0013986013986013988,0.008391608391608393,0.004662004662004662,0.012587412587412588,0.05174825174825175,0.039627039627039624,0.0648018648018648
bm25_stem,native_brand,tier,5,hard,429,0.49930069930069926,0.45454545454545453,0.5435897435897435,0.8526806526806527,0.8205128205128205,0.882983682983683,0.6862859362859364,0.6565874125874126,0.7151843434343435,0.24755244755244757,0.20885780885780889,0.28717948717948716,0.5142191142191143,0.46713286713286717,0.558974358974359,0.6223776223776224,0.5766899766899767,0.6662004662004661,0.358981203981204,0.32246742146742147,0.3959836413586413,0.3971229095941978,0.3618577399361102,0.4328034048536528,0.289044289044289,0.24848484848484848,0.3305361305361305,0.5715617715617716,0.5249417249417249,0.6172494172494172,0.6149184149184149,0.5710955710955712,0.6582867132867132,0.5449883449883449,0.4983566433566435,0.5897435897435898,0.012121212121212121,0.0037296037296037296,0.022843822843822845,0.4396270396270397,0.3948717948717949,0.4843822843822844,0.04895104895104895,0.03223701256359725,0.07367118519914084
bm25_stem,native_brand,tier,5,random,429,0.807925407925408,0.7813519813519814,0.8326340326340328,0.9790209790209791,0.9706293706293706,0.9864801864801865,0.8919269619269619,0.875819153069153,0.9068764568764569,0.3585081585081585,0.3156177156177156,0.4013986013986014,0.6223776223776224,0.5785547785547785,0.6648018648018648,0.7165501165501166,0.6764568764568762,0.7552447552447552,0.47195286195286196,0.43313402338402346,0.5106974784474784,0.505682819566346,0.4687322518943055,0.5423972693803519,0.41212121212121217,0.3682983682983683,0.455944055944056,0.6801864801864802,0.6382284382284382,0.7212121212121212,0.8219114219114219,0.7958041958041957,0.8456876456876459,0.626107226107226,0.5822843822843823,0.6685314685314686,0.0009324009324009324,0.0,0.002331002331002331,0.0344988344988345,0.026107226107226107,0.04335664335664336,0.15664335664335666,0.13379953379953377,0.18088578088578092
bm25_stem,native_brand,tier,10,hard,429,0.38554778554778557,0.33939393939393936,0.43078088578088564,0.7002331002331001,0.655944055944056,0.7421911421911421,0.5773158323158323,0.543739515114515,0.6101608900358901,0.19999999999999998,0.16317016317016317,0.2382284382284382,0.42937062937062936,0.3822843822843823,0.47599067599067596,0.5347319347319347,0.4876456876456876,0.5813519813519814,0.29661264661264664,0.2615735375735376,0.33262370962370963,0.3311295572252802,0.29674675985688187,0.3666108524123561,0.22797202797202795,0.18974358974358976,0.2680652680652681,0.48997668997668997,0.44242424242424244,0.537995337995338,0.5263403263403263,0.47972027972027975,0.5729603729603729,0.48951048951048953,0.4428904428904429,0.5356643356643357,0.016317016317016316,0.007925949993377536,0.033293435204390695,0.4512820512820513,0.40466200466200464,0.49790209790209794,0.14685314685314685,0.11649485329383594,0.1834797821638117
bm25_stem,native_brand,tier,10,random,429,0.696969696969697,0.6624708624708626,0.7305361305361305,0.9146853146853147,0.8927738927738927,0.9347319347319347,0.8130750730750731,0.7896196303696305,0.8358213453213453,0.3282051282051282,0.2867132867132867,0.3706293706293706,0.5706293706293707,0.5263403263403263,0.6144522144522145,0.6648018648018649,0.6219114219114218,0.7058275058275059,0.43164687164687165,0.3931250832500833,0.47055818255818255,0.4618116485160187,0.42456031689619134,0.4993426740770664,0.37435897435897436,0.3324009324009324,0.41678321678321684,0.6247086247086248,0.5808857808857809,0.6675990675990675,0.7156177156177156,0.6815850815850817,0.7477972027972027,0.5752913752913753,0.5314568764568766,0.6191142191142192,0.0009324009324009324,0.0,0.002331002331002331,0.05687645687645687,0.045221445221445215,0.06946386946386947,0.24522144522144523,0.2144522144522145,0.2773892773892774
bm25_stem,native_brand,tier,20,hard,429,0.3356643356643357,0.292612224498145,0.38163339794254264,0.5948717948717949,0.5482517482517483,0.6410256410256411,0.5108824645304652,0.47500889228112836,0.5454748204177262,0.18414918414918416,0.1503296942794218,0.22357501268104854,0.38461538461538464,0.33979582375967643,0.43148301752846596,0.4755244755244755,0.4286941093181368,0.522789281258136,0.2681929181929182,0.233226726976727,0.30392343767343766,0.296146610757499,0.2618708368816664,0.3311010629975044,0.20512820512820512,0.16961489046201395,0.24587548171879414,0.43356643356643354,0.3874663807382864,0.48084567939731077,0.46386946386946387,0.4172086144675725,0.5111716287640681,0.4522144522144522,0.4057486882797991,0.49952840760720946,0.011655011655011656,0.004988317064839966,0.02698980919507543,0.3939393939393939,0.3488394217607179,0.4409219374031301,0.25874125874125875,0.21956954261721856,0.30219530734889727
bm25_stem,native_brand,tier,20,random,429,0.5902097902097903,0.551969696969697,0.6270512820512819,0.8125874125874126,0.779941724941725,0.8433566433566434,0.7237268987772895,0.6943064522613834,0.7518671412486458,0.29603729603729606,0.2564102564102564,0.3356643356643357,0.5198135198135199,0.47599067599067596,0.5641025641025641,0.6093240093240093,0.5650349650349651,0.653146853146853,0.38907499907499904,0.3508968161468161,0.4274433853183853,0.4174379399595614,0.3804338834121761,0.4548242945538974,0.3328671328671329,0.29277389277389276,0.372960372960373,0.5720279720279721,0.5277389277389277,0.6149300699300697,0.6214452214452214,0.5836829836829837,0.6582750582750582,0.5277389277389277,0.4834498834498835,0.5710955710955711,0.0009324009324009324,0.0,0.002331002331002331,0.08717948717948716,0.07179487179487179,0.10396270396270395,0.32167832167832167,0.2867132867132867,0.35804195804195804
bm25_stem,native_brand,tier,50,hard,429,0.3006993006993007,0.25923208252404617,0.34570409788274514,0.5221445221445221,0.4748902462704758,0.569005733684325,0.4569193765590669,0.4206298780519134,0.4923078961235598,0.16317016317016317,0.13121991408930228,0.20109912765083032,0.3613053613053613,0.3172644390216624,0.4078081075772158,0.43123543123543123,0.3851857619183915,0.47850566874827927,0.24085174085174088,0.20742590742590744,0.2757440938690939,0.26641499054901085,0.23280954043248606,0.30052939964546427,0.18181818181818182,0.14819730023302682,0.22108677725851714,0.40559440559440557,0.3601683449544227,0.4526961615540574,0.3939393939393939,0.3488394217607179,0.4409219374031301,0.4125874125874126,0.36697857491734737,0.4597478199979121,0.011655011655011656,0.004988317064839966,0.02698980919507543,0.3146853146853147,0.2725501970830512,0.3601097601372986,0.372960372960373,0.328516122749774,0.41965957119373637
bm25_stem,native_brand,tier,50,random,429,0.4331002331002331,0.3939393939393939,0.47179487179487173,0.6909090909090908,0.6503496503496503,0.7296153846153844,0.5863243374655059,0.5530625813457906,0.6184105814739238,0.23403263403263405,0.19813519813519814,0.2703962703962704,0.4284382284382285,0.38368298368298365,0.47272727272727266,0.5263403263403263,0.48158508158508156,0.5710955710955711,0.3182963332963333,0.28138423613423613,0.3551190106190106,0.34606237799399786,0.31046985645272823,0.38222683519494205,0.25594405594405595,0.2195804195804196,0.29277389277389276,0.4801864801864802,0.43496503496503497,0.524009324009324,0.4834498834498835,0.4433566433566434,0.5226107226107226,0.4512820512820513,0.40652680652680656,0.49557109557109547,0.002331002331002331,0.0004662004662004662,0.005128205128205128,0.15104895104895105,0.1282051282051282,0.17482517482517482,0.41351981351981354,0.3752913752913753,0.4522144522144522
bm25_stem,native_brand,tier,100,hard,429,0.2634032634032634,0.22395368452166273,0.307052424382306,0.47785547785547783,0.43099426631567495,0.5251097537295242,0.41084660714067767,0.3749833500376185,0.4469367649363474,0.14918414918414918,0.11859037476737491,0.18600489015919916,0.34032634032634035,0.297083847081787,0.38640303429675354,0.40326340326340326,0.35790040638671894,0.45034347065283475,0.22324342324342325,0.19001551689051693,0.25708106708106704,0.24821165976246268,0.21470717261308864,0.2822910687559019,0.16083916083916083,0.1291085151111866,0.19858989716001957,0.3706293706293706,0.326263527644609,0.4172915368299749,0.337995337995338,0.29484743754889503,0.384018814360719,0.3776223776223776,0.3330246702462239,0.42439228263513923,0.011655011655011656,0.004988317064839966,0.02698980919507543,0.26573426573426573,0.22614797943492934,0.3094787589379657,0.4592074592074592,0.4126215683033422,0.5065174159904456
bm25_stem,native_brand,tier,100,random,429,0.3212121212121212,0.28205128205128205,0.36037296037296035,0.5692307692307693,0.5254079254079255,0.6111888111888112,0.4779815825273963,0.44334855773815196,0.5114205139031609,0.18461538461538465,0.15151515151515152,0.21819347319347304,0.3734265734265734,0.32960372960372963,0.4172494172494173,0.45454545454545453,0.4088578088578088,0.4997785547785547,0.26259314759314756,0.22868493543493543,0.2975310707810708,0.28839771176672796,0.2544998798495447,0.32321358274971645,0.19860139860139864,0.16456876456876454,0.23356643356643353,0.4177156177156177,0.372960372960373,0.46247086247086244,0.39207459207459205,0.35104895104895106,0.43311188811188794,0.40745920745920744,0.36315850815850825,0.4517482517482518,0.005594405594405594,0.0013986013986013986,0.01118881118881119,0.21212121212121213,0.18041958041958042,0.2452214452214452,0.4610722610722611,0.41864801864801865,0.5039627039627039
bm25_stem,native_brand,tier,165,hard,429,0.2494172494172494,0.21081941463386683,0.29246291745654324,0.46853146853146854,0.4217997511405959,0.5158217510288975,0.396451951501946,0.36145456082238586,0.4316239558487307,0.14918414918414918,0.11859037476737491,0.18600489015919916,0.331002331002331,0.2881454122494534,0.37685895125338137,0.3939393939393939,0.3488394217607179,0.4409219374031301,0.22017057017057018,0.1870621508121508,0.25386881636881636,0.24265572175593,0.20946578199901997,0.27631547430351433,0.16083916083916083,0.1291085151111866,0.19858989716001957,0.358974358974359,0.3150175124980972,0.40543440463185465,0.32167832167832167,0.2792264219690699,0.36729542365805923,0.3682983682983683,0.3240120572914401,0.41492237771421736,0.011655011655011656,0.004988317064839966,0.02698980919507543,0.2564102564102564,0.21737972116177612,0.2997644993354132,0.4825174825174825,0.43559763266203977,0.5297476463210121
bm25_stem,native_brand,tier,165,random,429,0.2494172494172494,0.21081941463386683,0.29246291745654324,0.46853146853146854,0.4217997511405959,0.5158217510288975,0.396451951501946,0.36145456082238586,0.4316239558487307,0.14918414918414918,0.11859037476737491,0.18600489015919916,0.331002331002331,0.2881454122494534,0.37685895125338137,0.3939393939393939,0.3488394217607179,0.4409219374031301,0.22017057017057018,0.1870621508121508,0.25386881636881636,0.24265572175593,0.20946578199901997,0.27631547430351433,0.16083916083916083,0.1291085151111866,0.19858989716001957,0.358974358974359,0.3150175124980972,0.40543440463185465,0.32167832167832167,0.2792264219690699,0.36729542365805923,0.3682983682983683,0.3240120572914401,0.41492237771421736,0.011655011655011656,0.004988317064839966,0.02698980919507543,0.2564102564102564,0.21737972116177612,0.2997644993354132,0.4825174825174825,0.43559763266203977,0.5297476463210121
bm25_stem,native_brand,vehicle,0,,429,0.9813519813519813,0.9636388469508962,0.9905211383824092,1.0,0.9911250210847168,1.0,0.9906759906759907,0.9836829836829837,0.9965034965034965,0.3986013986013986,0.35336775394527187,0.44563486415642906,0.682983682983683,0.6374937647607524,0.7252256485499715,0.7878787878787878,0.7467263880650792,0.8239213513473334,0.5242313242313242,0.48518893143893155,0.5639002432752434,0.5637175960720145,0.5278157230648673,0.5997328030910701,0.46153846153846156,0.41491457954847283,0.5088450342142413,0.7365967365967366,0.6929475756176942,0.7760463154783375,0.9813519813519813,0.9636388469508962,0.9905211383824092,0.682983682983683,0.6374937647607524,0.7252256485499715,0.018648018648018648,0.009478861617590886,0.03636115304910376,0.0,0.0,0.008874978915283301,0.0,0.0,0.008874978915283301
bm25_stem,native_full,global,0,,429,0.3613053613053613,0.3172644390216624,0.4078081075772158,0.6013986013986014,0.5543651358435709,0.6466322460547281,0.5126933728447916,0.4758512650193512,0.5499811020436154,0.1351981351981352,0.10606073686102929,0.17081075125198625,0.3123543123543124,0.2703273064993251,0.35771202125209833,0.3986013986013986,0.35336775394527187,0.44563486415642906,0.2116069116069116,0.18051832426832423,0.24439276001776,0.24041146201960364,0.20888991659673403,0.27349135931550517,0.15384615384615385,0.12278967351834266,0.19104685034608423,0.351981351981352,0.30828363904162037,0.3983063896815522,0.4522144522144522,0.4057486882797991,0.49952840760720946,0.3473193473193473,0.30380019593569085,0.3935485738496288,0.009324009324009324,0.003631730272433362,0.02372576651855561,0.24242424242424243,0.20427314046303083,0.28514730322059995,0.38694638694638694,0.3420550813163108,0.433844389440758
bm25_stem,native_full,manual,0,,429,1.0,0.9911250210847168,1.0,1.0,0.9911250210847168,1.0,1.0,0.9911250210847168,1.0,0.32634032634032634,0.2836834605581472,0.3720796440068347,0.6456876456876457,0.5993164493280936,0.6894728924798077,0.7762237762237763,0.7344327819474892,0.8131118101202914,0.46474636474636477,0.4272450003700004,0.5029313973063972,0.5183919271787032,0.4839616979499115,0.5538506271808296,0.3752913752913753,0.3307698383385157,0.42202648507392104,0.710955710955711,0.6663366369883157,0.7518303299495253,1.0,0.9911250210847168,1.0,0.6456876456876457,0.5993164493280936,0.6894728924798077,0.0,0.0,0.008874978915283301,0.0,0.0,0.008874978915283301,0.0,0.0,0.008874978915283301
bm25_stem,native_full,tier,1,hard,429,1.0,0.9911250210847168,1.0,1.0,0.9911250210847168,1.0,1.0,0.9911250210847168,1.0,0.32634032634032634,0.2836834605581472,0.3720796440068347,0.6456876456876457,0.5993164493280936,0.6894728924798077,0.7762237762237763,0.7344327819474892,0.8131118101202914,0.46474636474636477,0.4272450003700004,0.5029313973063972,0.5183919271787032,0.4839616979499115,0.5538506271808296,0.3752913752913753,0.3307698383385157,0.42202648507392104,0.710955710955711,0.6663366369883157,0.7518303299495253,1.0,0.9911250210847168,1.0,0.6456876456876457,0.5993164493280936,0.6894728924798077,0.0,0.0,0.008874978915283301,0.0,0.0,0.008874978915283301,0.0,0.0,0.008874978915283301
bm25_stem,native_full,tier,1,random,429,1.0,0.9911250210847168,1.0,1.0,0.9911250210847168,1.0,1.0,0.9911250210847168,1.0,0.32634032634032634,0.2836834605581472,0.3720796440068347,0.6456876456876457,0.5993164493280936,0.6894728924798077,0.7762237762237763,0.7344327819474892,0.8131118101202914,0.46474636474636477,0.4272450003700004,0.5029313973063972,0.5183919271787032,0.4839616979499115,0.5538506271808296,0.3752913752913753,0.3307698383385157,0.42202648507392104,0.710955710955711,0.6663366369883157,0.7518303299495253,1.0,0.9911250210847168,1.0,0.6456876456876457,0.5993164493280936,0.6894728924798077,0.0,0.0,0.008874978915283301,0.0,0.0,0.008874978915283301,0.0,0.0,0.008874978915283301
bm25_stem,native_full,tier,2,hard,429,0.8102564102564103,0.7804195804195805,0.8386946386946386,1.0,0.9911250210847168,1.0,0.9051282051282051,0.8902097902097902,0.9193473193473193,0.2773892773892774,0.2386946386946387,0.317948717948718,0.5673659673659673,0.5212121212121212,0.6125874125874126,0.701165501165501,0.6587296037296038,0.7426573426573427,0.4044757094757095,0.368231092981093,0.4420317506567506,0.4536215174074438,0.41869526063868406,0.4895264235621181,0.31934731934731936,0.2783216783216783,0.36083916083916084,0.6354312354312355,0.5911421911421911,0.6797202797202796,0.8550116550116549,0.8284382284382283,0.8806526806526807,0.5776223776223777,0.5324009324009323,0.6228438228438228,0.008857808857808857,0.0018648018648018648,0.018181818181818184,0.17622377622377622,0.14965034965034965,0.20466200466200468,0.004662004662004662,0.0012794222258141726,0.016836815627321967
bm25_stem,native_full,tier,2,random,429,0.9622377622377623,0.9519813519813519,0.972027972027972,1.0,0.9911250210847168,1.0,0.981118881118881,0.9759906759906761,0.986013986013986,0.317016317016317,0.27505827505827507,0.36083916083916084,0.6312354312354312,0.586013986013986,0.675990675990676,0.7603729603729604,0.7207459207459208,0.7986013986013987,0.4514074814074814,0.4143463665963666,0.489689726939727,0.5031183039287043,0.4682616067458099,0.5384385327998921,0.3641025641025641,0.32027972027972035,0.40885780885780887,0.6951048951048953,0.6526806526806527,0.737995337995338,0.9636363636363636,0.9533799533799534,0.9729603729603731,0.6317016317016317,0.5864801864801865,0.6764568764568765,0.0004662004662004662,0.0,0.0013986013986013988,0.005594405594405595,0.002797202797202797,0.008857808857808859,0.0317016317016317,0.02237762237762238,0.04149184149184149
bm25_stem,native_full,tier,5,hard,429,0.6219114219114219,0.5785547785547785,0.6657342657342658,0.9212121212121211,0.8965034965034966,0.9440559440559441,0.773069153069153,0.7457956487956489,0.7999226884226885,0.21678321678321677,0.17995337995337995,0.255011655011655,0.4713286713286713,0.4251748251748252,0.5184149184149184,0.6088578088578088,0.5631701631701631,0.6531468531468532,0.3292888592888593,0.29432122507122505,0.3652884707884709,0.37500526985724025,0.34060632314203065,0.4099758983433265,0.2540792540792541,0.2153846153846154,0.29370629370629375,0.5431235431235432,0.49603729603729607,0.5892773892773893,0.7235431235431234,0.6834498834498836,0.7631701631701631,0.5020979020979021,0.45547785547785546,0.5491841491841493,0.01118881118881119,0.002797202797202797,0.021445221445221447,0.32960372960372963,0.28811188811188815,0.37109557109557106,0.037296037296037296,0.02308532723413666,0.05971972318396934
bm25_stem,native_full,tier,5,random,429,0.8815850815850815,0.8606060606060607,0.9016317016317017,0.9883449883449883,0.9818181818181818,0.9944055944055945,0.9342579642579643,0.9220817793317794,0.9461851204351205,0.29836829836829837,0.2578088578088578,0.3407925407925408,0.5841491841491842,0.5393939393939394,0.6279720279720279,0.7086247086247086,0.6671328671328672,0.7491841491841491,0.42073926073926077,0.3839477605727606,0.4593916407666408,0.4661622033171782,0.4309117980707614,0.5024236237179472,0.34032634032634035,0.29790209790209793,0.3832167832167832,0.6522144522144521,0.6083916083916084,0.695104895104895,0.8923076923076922,0.8722610722610722,0.9114219114219114,0.586946386946387,0.5421794871794873,0.6312354312354311,0.0009324009324009324,0.0,0.002331002331002331,0.02237762237762238,0.01585081585081585,0.029370629370629373,0.0951048951048951,0.07691142191142201,0.11421911421911422
bm25_stem,native_full,tier,10,hard,429,0.5146853146853148,0.4666666666666666,0.5617715617715617,0.8130536130536129,0.7757575757575758,0.8489510489510489,0.6815945165945168,0.6490548201798201,0.7138670079920081,0.17902097902097902,0.14358974358974358,0.21538461538461537,0.40559440559440557,0.3599067599067599,0.4522144522144522,0.524009324009324,0.47645687645687645,0.5710955710955711,0.27860509860509863,0.24479769767269766,0.3135236522736522,0.317268278827627,0.2834512556501533,0.3519161081952501,0.206993006993007,0.1692307692307692,0.24522144522144523,0.4731934731934732,0.42657342657342656,0.5198135198135199,0.6391608391608392,0.593939393939394,0.6834498834498833,0.45641025641025645,0.4097902097902098,0.5030419580419578,0.013986013986013986,0.006425260419529346,0.030173495309312466,0.3571095571095571,0.3123543123543124,0.40233100233100233,0.11421911421911422,0.08748281215570161,0.14780301073697621
bm25_stem,native_full,tier,10,random,429,0.7925407925407926,0.7631701631701631,0.8214452214452214,0.9529137529137528,0.9361305361305361,0.9682983682983682,0.8764835164835165,0.8573445952195953,0.8952289886039886,0.2745920745920746,0.23543123543123542,0.3151515151515151,0.5412587412587412,0.4955710955710956,0.5855477855477855,0.6610722610722611,0.6186480186480185,0.703962703962704,0.3882019832019832,0.3514979788729789,0.4266091131091131,0.4300446864027272,0.39467881519653414,0.46683309013899854,0.3123543123543124,0.2717948717948718,0.35384615384615387,0.607925407925408,0.5636363636363637,0.6517482517482518,0.807925407925408,0.7794871794871794,0.8354312354312354,0.5459207459207459,0.5006993006993007,0.5902097902097901,0.0009324009324009324,0.0,0.002331002331002331,0.0386946386946387,0.028438228438228436,0.04988344988344988,0.16783216783216784,0.1407925407925408,0.19487179487179485
bm25_stem,native_full,tier,20,hard,429,0.4755244755244755,0.4286941093181368,0.522789281258136,0.7277389277389277,0.6853146853146853,0.7692307692307693,0.6300746192152155,0.5948847062079948,0.6644898392904005,0.17016317016317017,0.13756886444642238,0.20861206570048949,0.358974358974359,0.3150175124980972,0.40543440463185465,0.47785547785547783,0.43099426631567495,0.5251097537295242,0.257002257002257,0.22342451529951532,0.2916961279461279,0.2893210469989742,0.25567671617385573,0.32393363010169024,0.19347319347319347,0.15888055737748563,0.23350666745869036,0.4172494172494173,0.3715240458505137,0.46444360800259865,0.5874125874125874,0.540252180002088,0.6330214250826528,0.4172494172494173,0.3715240458505137,0.46444360800259865,0.009324009324009324,0.003631730272433362,0.02372576651855561,0.317016317016317,0.27477435145002854,0.3625062352392477,0.19813519813519814,0.16316835243124767,0.2384601313427812
bm25_stem,native_full,tier,20,random,429,0.6937062937062938,0.6582750582750582,0.7286713286713288,0.8937062937062936,0.8680652680652682,0.9179487179487178,0.8041293089195188,0.7788868015725534,0.8287464162520981,0.25034965034965034,0.21258741258741262,0.289044289044289,0.4946386946386947,0.4503496503496503,0.5394055944055942,0.6125874125874124,0.5687645687645687,0.6568764568764569,0.3541088541088542,0.31817752617752615,0.3914947043697044,0.39276847583692764,0.3577771542074202,0.42915510723811745,0.2825174825174825,0.2438228438228438,0.3221445221445221,0.5585081585081585,0.5142191142191143,0.6023310023310022,0.7170163170163171,0.6825174825174826,0.751048951048951,0.5048951048951049,0.46013986013986014,0.5487179487179488,0.0009324009324009324,0.0,0.002331002331002331,0.057808857808857805,0.04475524475524476,0.07179487179487179,0.24755244755244757,0.21398601398601402,0.2806526806526807
bm25_stem,native_full,tier,50,hard,429,0.42657342657342656,0.380627658039754,0.47382251368906386,0.675990675990676,0.6303118486522995,0.718545676251645,0.5791754498425098,0.5428333790339377,0.6155258648063131,0.14685314685314685,0.11649485329383594,0.1834797821638117,0.34498834498834496,0.30156023200627147,0.3911679083101217,0.43123543123543123,0.3851857619183915,0.47850566874827927,0.23145743145743145,0.1994599382099382,0.26529130591630595,0.26245815455544697,0.23011186689335716,0.2961716955130872,0.16783216783216784,0.13545012951928953,0.2061101711586959,0.3962703962703963,0.3511030462271284,0.44327894240564614,0.5268065268065268,0.4795322095205663,0.5736050293720876,0.3916083916083916,0.3465768838450283,0.43856384584989333,0.009324009324009324,0.003631730272433362,0.02372576651855561,0.2867132867132867,0.24596122296347245,0.33125118062976033,0.2773892773892774,0.23714120942519823,0.3215886762923289
bm25_stem,native_full,tier,50,random,429,0.5585081585081584,0.518881118881119,0.5976689976689977,0.7920745920745921,0.7575757575757576,0.8251748251748252,0.6919321741507086,0.6601771599251647,0.7221516782230686,0.2041958041958042,0.17016317016317017,0.2396386946386945,0.41025641025641024,0.3664335664335664,0.45454545454545453,0.5305361305361305,0.4862470862470863,0.5743589743589743,0.29539664039664043,0.2610184028934029,0.3308269924519924,0.3299129383090731,0.2960091030981059,0.36482626203339963,0.22703962703962705,0.19114219114219114,0.2634032634032634,0.47132867132867134,0.42657342657342656,0.5160839160839161,0.6032634032634031,0.5636363636363637,0.6424242424242423,0.43356643356643354,0.39020979020979024,0.47785547785547783,0.002331002331002331,0.0004662004662004662,0.005128205128205128,0.11981351981351983,0.09976689976689976,0.14125874125874127,0.31934731934731936,0.2839160839160839,0.35617715617715623
bm25_stem,native_full,tier,100,hard,429,0.3752913752913753,0.3307698383385157,0.42202648507392104,0.6153846153846154,0.5685169824715341,0.6602041762403237,0.5273327271397312,0.4905023051199419,0.5641565811596181,0.13286713286713286,0.10398303511830914,0.16826782352578,0.32400932400932403,0.28145432374835505,0.36968815134770056,0.40559440559440557,0.3601683449544227,0.4526961615540574,0.2135105635105635,0.18259499759499762,0.24618968993968995,0.24377871852789448,0.21190162774764096,0.2767349309139342,0.15151515151515152,0.12068866537884795,0.18852722901665256,0.36596736596736595,0.32176171606421106,0.4125520894725199,0.4662004662004662,0.4195036719968303,0.5134972007037366,0.35664335664335667,0.31277173368782485,0.4030595539732006,0.009324009324009324,0.003631730272433362,0.02372576651855561,0.2517482517482518,0.21300464343980097,0.2948983181195356,0.36363636363636365,0.31951250844416246,0.41018066762364214
bm25_stem,native_full,tier,100,random,429,0.45454545454545453,0.4125874125874126,0.49696969696969695,0.6853146853146853,0.6438228438228438,0.7254079254079254,0.596967141238948,0.5621017203055831,0.6315803914125376,0.16969696969696968,0.137995337995338,0.20279720279720279,0.35990675990675985,0.317016317016317,0.4041958041958042,0.461072261072261,0.41585081585081585,0.5062937062937063,0.25116864616864615,0.21874287286787286,0.2853110130610131,0.2824027633775277,0.24979981488091615,0.3166962072343533,0.18834498834498836,0.15523310023310033,0.22331002331002334,0.4135198135198135,0.3687645687645688,0.4582750582750583,0.5230769230769231,0.4801864801864802,0.565967365967366,0.3916083916083916,0.3487179487179487,0.43636363636363634,0.005594405594405594,0.0013986013986013986,0.011188811188811189,0.18135198135198136,0.15244755244755245,0.21165501165501166,0.35850815850815854,0.3184149184149184,0.39906759906759903
bm25_stem,native_full,tier,165,hard,429,0.3613053613053613,0.3172644390216624,0.4078081075772158,0.6013986013986014,0.5543651358435709,0.6466322460547281,0.5126933728447916,0.4758512650193512,0.5499811020436154,0.1351981351981352,0.10606073686102929,0.17081075125198625,0.3123543123543124,0.2703273064993251,0.35771202125209833,0.3986013986013986,0.35336775394527187,0.44563486415642906,0.2116069116069116,0.18051832426832423,0.24439276001776,0.24041146201960364,0.20888991659673403,0.27349135931550517,0.15384615384615385,0.12278967351834266,0.19104685034608423,0.351981351981352,0.30828363904162037,0.3983063896815522,0.4522144522144522,0.4057486882797991,0.49952840760720946,0.3473193473193473,0.30380019593569085,0.3935485738496288,0.009324009324009324,0.003631730272433362,0.02372576651855561,0.24242424242424243,0.20427314046303083,0.28514730322059995,0.38694638694638694,0.3420550813163108,0.433844389440758
bm25_stem,native_full,tier,165,random,429,0.3613053613053613,0.3172644390216624,0.4078081075772158,0.6013986013986014,0.5543651358435709,0.6466322460547281,0.5126933728447916,0.4758512650193512,0.5499811020436154,0.1351981351981352,0.10606073686102929,0.17081075125198625,0.3123543123543124,0.2703273064993251,0.35771202125209833,0.3986013986013986,0.35336775394527187,0.44563486415642906,0.2116069116069116,0.18051832426832423,0.24439276001776,0.24041146201960364,0.20888991659673403,0.27349135931550517,0.15384615384615385,0.12278967351834266,0.19104685034608423,0.351981351981352,0.30828363904162037,0.3983063896815522,0.4522144522144522,0.4057486882797991,0.49952840760720946,0.3473193473193473,0.30380019593569085,0.3935485738496288,0.009324009324009324,0.003631730272433362,0.02372576651855561,0.24242424242424243,0.20427314046303083,0.28514730322059995,0.38694638694638694,0.3420550813163108,0.433844389440758
bm25_stem,native_full,vehicle,0,,429,0.9813519813519813,0.9636388469508962,0.9905211383824092,1.0,0.9911250210847168,1.0,0.9906759906759907,0.9836829836829837,0.9965034965034965,0.31934731934731936,0.27699976216776945,0.3649014539904333,0.6363636363636364,0.589819332376358,0.6804874915558375,0.7692307692307693,0.7270776829901405,0.8066050206708609,0.4556166056166056,0.41831853331853336,0.49389705202205203,0.5090588495771075,0.4745520390393083,0.5445380529911561,0.3682983682983683,0.3240120572914401,0.41492237771421736,0.7016317016317016,0.6567013895335538,0.7429830595285813,0.9813519813519813,0.9636388469508962,0.9905211383824092,0.6363636363636364,0.589819332376358,0.6804874915558375,0.018648018648018648,0.009478861617590886,0.03636115304910376,0.0,0.0,0.008874978915283301,0.0,0.0,0.008874978915283301
bm25_stem,native_model,global,0,,429,0.26107226107226106,0.2217608680442633,0.3046246113907789,0.4382284382284382,0.3920307421854272,0.4855225768880228,0.39081898146576277,0.35425047676672855,0.4278966084429501,0.13286713286713286,0.10398303511830914,0.16826782352578,0.30536130536130535,0.26366629433211053,0.35051114501253355,0.3916083916083916,0.3465768838450283,0.43856384584989333,0.20483867983867982,0.173472360972361,0.2370679551929552,0.23297169799195136,0.201070321444967,0.2657915747904547,0.14219114219114218,0.11231233438820752,0.17842104213158727,0.32167832167832167,0.2792264219690699,0.36729542365805923,0.32167832167832167,0.2792264219690699,0.36729542365805923,0.34032634032634035,0.297083847081787,0.38640303429675354,0.004662004662004662,0.0012794222258141726,0.016836815627321967,0.11421911421911422,0.08748281215570161,0.14780301073697621,0.62004662004662,0.5732430320601472,0.6647193855895634
bm25_stem,native_model,manual,0,,429,1.0,0.9911250210847168,1.0,1.0,0.9911250210847168,1.0,1.0,0.9911250210847168,1.0,0.4358974358974359,0.38974804146596015,0.4831846481385635,0.7319347319347319,0.6880963726257179,0.7716562595324608,0.8298368298368298,0.7913879342995105,0.8624311355535776,0.5588143338143338,0.5201214757464758,0.5982745032745033,0.6027645553252517,0.567497807828427,0.6382977070775031,0.48484848484848486,0.4379008408916916,0.5320650675602867,0.7948717948717948,0.7541245182812059,0.830385109537986,1.0,0.9911250210847168,1.0,0.7319347319347319,0.6880963726257179,0.7716562595324608,0.0,0.0,0.008874978915283301,0.0,0.0,0.008874978915283301,0.0,0.0,0.008874978915283301
bm25_stem,native_model,tier,1,hard,429,1.0,0.9911250210847168,1.0,1.0,0.9911250210847168,1.0,1.0,0.9911250210847168,1.0,0.4358974358974359,0.38974804146596015,0.4831846481385635,0.7319347319347319,0.6880963726257179,0.7716562595324608,0.8298368298368298,0.7913879342995105,0.8624311355535776,0.5588143338143338,0.5201214757464758,0.5982745032745033,0.6027645553252517,0.567497807828427,0.6382977070775031,0.48484848484848486,0.4379008408916916,0.5320650675602867,0.7948717948717948,0.7541245182812059,0.830385109537986,1.0,0.9911250210847168,1.0,0.7319347319347319,0.6880963726257179,0.7716562595324608,0.0,0.0,0.008874978915283301,0.0,0.0,0.008874978915283301,0.0,0.0,0.008874978915283301
bm25_stem,native_model,tier,1,random,429,1.0,0.9911250210847168,1.0,1.0,0.9911250210847168,1.0,1.0,0.9911250210847168,1.0,0.4358974358974359,0.38974804146596015,0.4831846481385635,0.7319347319347319,0.6880963726257179,0.7716562595324608,0.8298368298368298,0.7913879342995105,0.8624311355535776,0.5588143338143338,0.5201214757464758,0.5982745032745033,0.6027645553252517,0.567497807828427,0.6382977070775031,0.48484848484848486,0.4379008408916916,0.5320650675602867,0.7948717948717948,0.7541245182812059,0.830385109537986,1.0,0.9911250210847168,1.0,0.7319347319347319,0.6880963726257179,0.7716562595324608,0.0,0.0,0.008874978915283301,0.0,0.0,0.008874978915283301,0.0,0.0,0.008874978915283301
bm25_stem,native_model,tier,2,hard,429,0.8223776223776222,0.7944055944055944,0.8494172494172494,1.0,0.9911250210847168,1.0,0.9111888111888111,0.8972027972027972,0.9247086247086248,0.372960372960373,0.33053613053613057,0.41632867132867124,0.6648018648018648,0.6214452214452215,0.7081585081585082,0.786946386946387,0.7487179487179487,0.8242424242424243,0.49957190957190956,0.46175103600103595,0.5377773384023384,0.5472751325361939,0.5120732246578329,0.5827039845344205,0.40932400932400936,0.3655011655011655,0.45314685314685316,0.7249417249417249,0.6834498834498836,0.7655011655011654,0.8703962703962703,0.8452214452214452,0.8946386946386947,0.6745920745920747,0.6316899766899768,0.7170163170163171,0.0,0.0,0.008874978915283301,0.16596736596736597,0.14032634032634034,0.19300699300699303,0.011655011655011656,0.004988317064839966,0.02698980919507543
bm25_stem,native_model,tier,2,random,429,0.9244755244755245,0.9095571095571096,0.9384615384615386,1.0,0.9911250210847168,1.0,0.9622377622377624,0.9547785547785548,0.9692307692307693,0.41212121212121205,0.3678321678321679,0.45780885780885777,0.7020979020979021,0.6606060606060605,0.7431235431235431,0.8013986013986014,0.7645687645687645,0.8363636363636364,0.5315062715062715,0.49317939930439936,0.5708019388019389,0.5739819788424366,0.5391442342913997,0.6100086716368875,0.45641025641025645,0.4111888111888112,0.5025641025641026,0.7557109557109557,0.7170163170163171,0.793939393939394,0.9268065268065269,0.911888111888112,0.9407925407925408,0.7020979020979021,0.6606060606060605,0.7431235431235431,0.0,0.0,0.008874978915283301,0.008857808857808859,0.005128205128205128,0.013053613053613055,0.06666666666666668,0.05314685314685315,0.08111888111888112
bm25_stem,native_model,tier,5,hard,429,0.5836829836829837,0.537995337995338,0.6279720279720279,0.9286713286713286,0.9053613053613053,0.9496503496503496,0.7504351204351204,0.7219112276612276,0.7780576923076924,0.2675990675990676,0.22703962703962705,0.3086247086247086,0.5678321678321678,0.5212121212121212,0.6149184149184149,0.6755244755244756,0.6326340326340326,0.7198135198135197,0.3931581381581381,0.3564608447108447,0.4296178497428497,0.4395075602201435,0.40442665544574835,0.47514890106507,0.30023310023310024,0.2582750582750583,0.3431235431235431,0.6209790209790209,0.5757575757575758,0.666212121212121,0.7067599067599067,0.6662004662004661,0.7463869463869465,0.593006993006993,0.5473193473193473,0.6396270396270396,0.002331002331002331,0.0,0.006060606060606061,0.3417249417249417,0.29883449883449886,0.3841491841491841,0.07226107226107226,0.051371536102050475,0.10074295634995178
bm25_stem,native_model,tier,5,random,429,0.7892773892773893,0.7608391608391608,0.8163170163170163,0.9752913752913752,0.9664335664335665,0.9832167832167833,0.87999222999223,0.8629133644133645,0.8963558663558664,0.3678321678321679,0.32540792540792546,0.4107226107226107,0.6284382284382285,0.586013986013986,0.6717948717948717,0.7305361305361305,0.6913752913752914,0.7696969696969697,0.47818625818625815,0.4399040357790358,0.5176945276945277,0.5157316351576602,0.47989241955667483,0.5530829224574229,0.40745920745920744,0.36502331002331007,0.4508275058275057,0.682983682983683,0.642890442890443,0.7235431235431234,0.8013986013986013,0.7734265734265735,0.8284382284382283,0.6312354312354312,0.5892773892773893,0.6741258741258741,0.0004662004662004662,0.0,0.0013986013986013988,0.024242424242424246,0.01724941724941725,0.031701631701631705,0.18601398601398603,0.15990675990675993,0.2135198135198135
bm25_stem,native_model,tier,10,hard,429,0.4405594405594406,0.3934731934731935,0.4876456876456876,0.7342657342657343,0.6918414918414919,0.7752913752913754,0.6188028638028638,0.5850831853331854,0.652104885854886,0.20279720279720279,0.16596736596736594,0.24102564102564103,0.47412587412587415,0.4275058275058275,0.5207459207459207,0.5743589743589743,0.5277389277389277,0.6209790209790209,0.31284252784252786,0.27833902208902206,0.3482614931364931,0.3535599180622308,0.3191869296028491,0.38895504503208755,0.23076923076923078,0.1920745920745921,0.2703962703962704,0.5114219114219114,0.4648018648018648,0.5580419580419581,0.579020979020979,0.5328671328671328,0.6242424242424243,0.5160839160839161,0.4694522144522146,0.5636363636363637,0.004662004662004662,0.0012794222258141726,0.016836815627321967,0.3146853146853147,0.27226107226107227,0.358974358974359,0.2400932400932401,0.2020942363932561,0.2827055778214483
bm25_stem,native_model,tier,10,random,429,0.6554778554778554,0.6195804195804194,0.6909090909090908,0.8951048951048951,0.8703962703962703,0.9184149184149184,0.7866568616568617,0.7615031542531543,0.8102956626706627,0.31748251748251743,0.2783216783216783,0.3575757575757576,0.5673659673659673,0.5230769230769231,0.6121212121212122,0.6736596736596736,0.6317016317016317,0.7151515151515152,0.4252664002664003,0.3878386520886521,0.46411689236689235,0.46175515211123747,0.4258248292605717,0.49922306756130463,0.3529137529137529,0.3123543123543124,0.3948717948717948,0.6130536130536131,0.5701631701631702,0.6564102564102564,0.6731934731934732,0.6377622377622378,0.7076923076923077,0.5701631701631702,0.5263403263403263,0.6149184149184149,0.0004662004662004662,0.0,0.0013986013986013988,0.042424242424242434,0.03123543123543124,0.05454545454545455,0.30163170163170167,0.2680652680652681,0.3361305361305362
bm25_stem,native_model,tier,20,hard,429,0.38927738927738925,0.34431543586970187,0.4362046643562933,0.6074592074592076,0.5608391608391609,0.6526806526806527,0.5410142596591752,0.5041599961378682,0.5777209303160125,0.18414918414918416,0.1503296942794218,0.22357501268104854,0.38927738927738925,0.34431543586970187,0.4362046643562933,0.5118881118881119,0.46526806526806525,0.5585081585081585,0.2752486402486402,0.24075093887593887,0.3105643615643615,0.3103220334237185,0.2766322668558949,0.34537341540269045,0.20512820512820512,0.16961489046201395,0.24587548171879414,0.4289044289044289,0.3829061869968991,0.47616461420084527,0.4965034965034965,0.449432116172494,0.5436369396241165,0.45454545454545453,0.40803862143315867,0.5018591039227763,0.004662004662004662,0.0012794222258141726,0.016836815627321967,0.21678321678321677,0.18039708020107614,0.25819643932436404,0.38927738927738925,0.34431543586970187,0.4362046643562933
bm25_stem,native_model,tier,20,random,429,0.5445221445221445,0.5048951048951049,0.5832167832167832,0.7874125874125874,0.752913752913753,0.8200466200466201,0.6887152825768621,0.6577444759570684,0.7184424171218958,0.2699300699300699,0.23216783216783216,0.30815850815850815,0.5123543123543124,0.46853146853146854,0.5571095571095571,0.5944055944055944,0.5505827505827505,0.6391608391608391,0.3715325415325415,0.33487507862507865,0.40944008769008766,0.404324865713272,0.3688539297515357,0.4417864743629743,0.29930069930069925,0.26107226107226106,0.3384615384615384,0.551981351981352,0.5081585081585082,0.5972027972027972,0.5682983682983682,0.5286713286713287,0.6074592074592076,0.5188811188811189,0.4755244755244755,0.5636363636363637,0.0004662004662004662,0.0,0.0013986013986013988,0.05128205128205128,0.03822843822843823,0.06573426573426575,0.40372960372960376,0.3655011655011655,0.441958041958042
bm25_stem,native_model,tier,50,hard,429,0.317016317016317,0.27477435145002854,0.3625062352392477,0.5104895104895105,0.4633031377727509,0.5574896948374181,0.4581604960504957,0.4208641383601112,0.4954847445801321,0.15384615384615385,0.12278967351834266,0.19104685034608423,0.3543123543123543,0.31052710752019247,0.4006835506719065,0.4428904428904429,0.39659925630508724,0.49019532170621555,0.23515651015651018,0.20220420782920784,0.2692105117105117,0.2666831885300937,0.2338728986993797,0.300743993980929,0.17249417249417248,0.13968996546024467,0.21111159415559358,0.38694638694638694,0.3420550813163108,0.433844389440758,0.3939393939393939,0.3488394217607179,0.4409219374031301,0.40792540792540793,0.3624373544603941,0.4550477815170125,0.004662004662004662,0.0012794222258141726,0.016836815627321967,0.15384615384615385,0.12278967351834266,0.19104685034608423,0.5244755244755245,0.47721071874186416,0.5713058906818633
bm25_stem,native_model,tier,50,random,429,0.413986013986014,0.37435897435897436,0.45454545454545453,0.6354312354312355,0.5934731934731935,0.675990675990676,0.5581225387415983,0.5238995161417582,0.592420952695839,0.20885780885780886,0.17529137529137526,0.24335664335664337,0.42004662004662,0.3766899766899767,0.4643356643356643,0.5137529137529138,0.46899766899766904,0.5594405594405595,0.2983255633255633,0.2638273948273948,0.33336848336848335,0.3299705359789291,0.2957186017249577,0.365783380050237,0.22797202797202792,0.19347319347319347,0.2634032634032634,0.45967365967365964,0.41585081585081585,0.5048951048951049,0.4466200466200466,0.4060489510489511,0.48764568764568766,0.43589743589743596,0.39254079254079255,0.4797319347319346,0.0013986013986013988,0.0,0.0037296037296037296,0.07832167832167831,0.06200466200466201,0.09603729603729602,0.5062937062937063,0.4666666666666666,0.5463869463869464
bm25_stem,native_model,tier,100,hard,429,0.2773892773892774,0.23714120942519823,0.3215886762923289,0.44522144522144524,0.3988850662407425,0.4925301412394868,0.4063113514681413,0.368947366319951,0.4435841585428579,0.13752913752913754,0.10814156390225921,0.17335055367968277,0.3146853146853147,0.2725501970830512,0.3601097601372986,0.40559440559440557,0.3601683449544227,0.4526961615540574,0.21064953564953565,0.17860831298331298,0.24334103396603396,0.2412288777303568,0.20899296948341553,0.27420245954284045,0.14685314685314685,0.11649485329383594,0.1834797821638117,0.32867132867132864,0.28591382560565143,0.37446990842825684,0.337995337995338,0.29484743754889503,0.384018814360719,0.351981351981352,0.30828363904162037,0.3983063896815522,0.004662004662004662,0.0012794222258141726,0.016836815627321967,0.11655011655011654,0.08953277429846251,0.1503736780631417,0.6013986013986014,0.5543651358435709,0.6466322460547281
bm25_stem,native_model,tier,100,random,429,0.32307692307692315,0.282983682983683,0.36363636363636365,0.5188811188811189,0.47459207459207464,0.5627039627039627,0.4608203516433612,0.4250035507274304,0.497327342095816,0.1617715617715618,0.13006993006993006,0.1939393939393939,0.35384615384615387,0.31048951048951046,0.39766899766899766,0.4447552447552447,0.3995337995337995,0.48997668997668997,0.24325137825137827,0.21072971935471935,0.27668723406223406,0.27349799087025245,0.2406061483084252,0.3070994873034436,0.17296037296037298,0.14079254079254078,0.20699300699300702,0.38321678321678315,0.3398484848484849,0.4275058275058275,0.372960372960373,0.33146853146853145,0.41632867132867124,0.3850815850815851,0.3417249417249417,0.4293706293706294,0.0018648018648018648,0.0,0.005128205128205128,0.09557109557109557,0.07412587412587412,0.11934731934731935,0.5794871794871794,0.5356643356643357,0.6228438228438228
bm25_stem,native_model,tier,165,hard,429,0.26107226107226106,0.2217608680442633,0.3046246113907789,0.4382284382284382,0.3920307421854272,0.4855225768880228,0.39081898146576277,0.35425047676672855,0.4278966084429501,0.13286713286713286,0.10398303511830914,0.16826782352578,0.30536130536130535,0.26366629433211053,0.35051114501253355,0.3916083916083916,0.3465768838450283,0.43856384584989333,0.20483867983867982,0.173472360972361,0.2370679551929552,0.23297169799195136,0.201070321444967,0.2657915747904547,0.14219114219114218,0.11231233438820752,0.17842104213158727,0.32167832167832167,0.2792264219690699,0.36729542365805923,0.32167832167832167,0.2792264219690699,0.36729542365805923,0.34032634032634035,0.297083847081787,0.38640303429675354,0.004662004662004662,0.0012794222258141726,0.016836815627321967,0.11421911421911422,0.08748281215570161,0.14780301073697621,0.62004662004662,0.5732430320601472,0.6647193855895634
bm25_stem,native_model,tier,165,random,429,0.26107226107226106,0.2217608680442633,0.3046246113907789,0.4382284382284382,0.3920307421854272,0.4855225768880228,0.39081898146576277,0.35425047676672855,0.4278966084429501,0.13286713286713286,0.10398303511830914,0.16826782352578,0.30536130536130535,0.26366629433211053,0.35051114501253355,0.3916083916083916,0.3465768838450283,0.43856384584989333,0.20483867983867982,0.173472360972361,0.2370679551929552,0.23297169799195136,0.201070321444967,0.2657915747904547,0.14219114219114218,0.11231233438820752,0.17842104213158727,0.32167832167832167,0.2792264219690699,0.36729542365805923,0.32167832167832167,0.2792264219690699,0.36729542365805923,0.34032634032634035,0.297083847081787,0.38640303429675354,0.004662004662004662,0.0012794222258141726,0.016836815627321967,0.11421911421911422,0.08748281215570161,0.14780301073697621,0.62004662004662,0.5732430320601472,0.6647193855895634
bm25_stem,native_model,vehicle,0,,429,0.993006993006993,0.979644178363432,0.9976189543145055,1.0,0.9911250210847168,1.0,0.9965034965034965,0.9918414918414918,1.0,0.43123543123543123,0.3851857619183915,0.47850566874827927,0.7272727272727273,0.6832509862844343,0.7672603869358916,0.8251748251748252,0.7863912060616471,0.8581866048535882,0.5548100048100049,0.515805143930144,0.594467291967292,0.5979765783144175,0.5627563808050295,0.6336467665962263,0.4801864801864802,0.43329544096122935,0.5274292085528963,0.7902097902097902,0.7491905573487949,0.8260778115325442,0.993006993006993,0.979644178363432,0.9976189543145055,0.7272727272727273,0.6832509862844343,0.7672603869358916,0.006993006993006993,0.0023810456854944425,0.020355821636568114,0.0,0.0,0.008874978915283301,0.0,0.0,0.008874978915283301
bm25_stem,native_plain,global,0,,429,0.17249417249417248,0.13968996546024467,0.21111159415559358,0.30303030303030304,0.2614485366470758,0.348108273228642,0.28057106565795403,0.2473163815271281,0.3139811189006071,0.1258741258741259,0.09776938035252583,0.16061958988478406,0.2703962703962704,0.2305409555924775,0.31432704171827036,0.358974358974359,0.3150175124980972,0.40543440463185465,0.18604081104081105,0.1550502506752507,0.21749091186591185,0.21068136759372624,0.1798001899185604,0.24253521670192157,0.12354312354312354,0.09570489417497881,0.1580634465934047,0.27972027972027974,0.23934412616139847,0.32400638902505513,0.2261072261072261,0.1890554028386151,0.2680206345625308,0.30536130536130535,0.26366629433211053,0.35051114501253355,0.004662004662004662,0.0012794222258141726,0.016836815627321967,0.09557109557109557,0.07123169987886814,0.12708908726239831,0.7272727272727273,0.6832509862844343,0.7672603869358916
bm25_stem,native_plain,manual,0,,429,1.0,0.9911250210847168,1.0,1.0,0.9911250210847168,1.0,1.0,0.9911250210847168,1.0,0.5081585081585082,0.4609887636225293,0.5551834395187133,0.8111888111888111,0.7714549627241257,0.8453990713775511,0.8857808857808858,0.8521969892630238,0.9125171878442985,0.6296805046805046,0.5916842185592186,0.668172753172753,0.6693894178973824,0.635382806602662,0.7031591152088287,0.585081585081585,0.5379037560078693,0.6307492196079448,0.8648018648018648,0.8291892487480138,0.8939392631389708,1.0,0.9911250210847168,1.0,0.8111888111888111,0.7714549627241257,0.8453990713775511,0.0,0.0,0.008874978915283301,0.0,0.0,0.008874978915283301,0.0,0.0,0.008874978915283301
bm25_stem,native_plain,tier,1,hard,429,1.0,0.9911250210847168,1.0,1.0,0.9911250210847168,1.0,1.0,0.9911250210847168,1.0,0.5081585081585082,0.4609887636225293,0.5551834395187133,0.8111888111888111,0.7714549627241257,0.8453990713775511,0.8857808857808858,0.8521969892630238,0.9125171878442985,0.6296805046805046,0.5916842185592186,0.668172753172753,0.6693894178973824,0.635382806602662,0.7031591152088287,0.585081585081585,0.5379037560078693,0.6307492196079448,0.8648018648018648,0.8291892487480138,0.8939392631389708,1.0,0.9911250210847168,1.0,0.8111888111888111,0.7714549627241257,0.8453990713775511,0.0,0.0,0.008874978915283301,0.0,0.0,0.008874978915283301,0.0,0.0,0.008874978915283301
bm25_stem,native_plain,tier,1,random,429,1.0,0.9911250210847168,1.0,1.0,0.9911250210847168,1.0,1.0,0.9911250210847168,1.0,0.5081585081585082,0.4609887636225293,0.5551834395187133,0.8111888111888111,0.7714549627241257,0.8453990713775511,0.8857808857808858,0.8521969892630238,0.9125171878442985,0.6296805046805046,0.5916842185592186,0.668172753172753,0.6693894178973824,0.635382806602662,0.7031591152088287,0.585081585081585,0.5379037560078693,0.6307492196079448,0.8648018648018648,0.8291892487480138,0.8939392631389708,1.0,0.9911250210847168,1.0,0.8111888111888111,0.7714549627241257,0.8453990713775511,0.0,0.0,0.008874978915283301,0.0,0.0,0.008874978915283301,0.0,0.0,0.008874978915283301
bm25_stem,native_plain,tier,2,hard,429,0.765034965034965,0.7319347319347319,0.7962703962703963,1.0,0.9911250210847168,1.0,0.8825174825174825,0.865967365967366,0.8981351981351982,0.42004662004662,0.3766899766899767,0.4643356643356643,0.7202797202797203,0.6797202797202796,0.7603729603729604,0.8317016317016317,0.7972027972027972,0.8652680652680652,0.5476708476708476,0.5102439597439598,0.5854015429015429,0.5922989445176663,0.5582652353937814,0.6268600243514317,0.4671328671328672,0.4237762237762238,0.5118881118881119,0.7771561771561771,0.7398601398601398,0.8135198135198135,0.8223776223776224,0.7925291375291376,0.8512937062937062,0.7286713286713288,0.6885780885780886,0.7682983682983684,0.0009324009324009324,0.0,0.0027972027972027976,0.22004662004662007,0.1892773892773893,0.25128205128205133,0.013986013986013986,0.006425260419529346,0.030173495309312466
bm25_stem,native_plain,tier,2,random,429,0.8703962703962704,0.8498834498834499,0.8899766899766901,1.0,0.9911250210847168,1.0,0.9351981351981353,0.924941724941725,0.944988344988345,0.46340326340326343,0.41911421911421914,0.5086247086247085,0.7613053613053613,0.7230769230769232,0.7981351981351981,0.84009324009324,0.807925407925408,0.8713286713286712,0.582890997890998,0.5457888777888777,0.6209224155474156,0.6209105980156053,0.5869822021576736,0.6554169639970505,0.524009324009324,0.48065268065268063,0.5687645687645687,0.8107226107226108,0.7776223776223776,0.8442890442890443,0.8736596736596736,0.8536130536130536,0.8937062937062936,0.7613053613053613,0.7230769230769232,0.7981351981351981,0.0,0.0,0.008874978915283301,0.007925407925407926,0.004195804195804197,0.012121212121212121,0.12167832167832168,0.1020979020979021,0.1417249417249417
bm25_stem,native_plain,tier,5,hard,429,0.48951048951048953,0.44428904428904425,0.5342657342657342,0.8713286713286713,0.84009324009324,0.9011655011655011,0.6847163947163948,0.6550425407925408,0.7135674048174048,0.28531468531468535,0.24427738927738937,0.3268065268065268,0.5990675990675991,0.5533799533799534,0.6442890442890442,0.7030303030303031,0.6606060606060605,0.745920745920746,0.41639027639027637,0.3794821012321012,0.45363077200577206,0.46111624788535677,0.4263132392366301,0.49632919234095135,0.31748251748251743,0.27552447552447557,0.3599067599067599,0.6531468531468532,0.6088578088578089,0.6974358974358975,0.6349650349650349,0.5916083916083916,0.6778554778554778,0.6293706293706294,0.5841491841491842,0.6727272727272727,0.004662004662004662,0.0,0.011188811188811189,0.40792540792540793,0.3641025641025641,0.4512820512820513,0.0979020979020979,0.0732475094683459,0.12969390714184698
bm25_stem,native_plain,tier,5,random,429,0.6811188811188812,0.6475407925407926,0.7151515151515151,0.9384615384615386,0.9226107226107226,0.9529137529137529,0.8092851592851593,0.7876287878787879,0.8307927350427351,0.3911421911421912,0.34965034965034963,0.434032634032634,0.6564102564102564,0.6158508158508158,0.696969696969697,0.7552447552447552,0.7184149184149183,0.7916083916083917,0.5022884522884523,0.4648570596070596,0.5413678173678173,0.5381737224044358,0.5031803135228171,0.574619044867492,0.4368298368298368,0.3948717948717949,0.4792540792540792,0.7076923076923077,0.6699300699300699,0.745920745920746,0.6941724941724942,0.6605944055944056,0.7282051282051283,0.6596736596736597,0.6195804195804194,0.6997785547785547,0.0004662004662004662,0.0,0.0013986013986013988,0.02750582750582751,0.020512820512820513,0.035431235431235435,0.2909090909090909,0.2578088578088578,0.32447552447552447
bm25_stem,native_plain,tier,10,hard,429,0.3151515151515151,0.27132867132867133,0.35850815850815854,0.6405594405594405,0.5944055944055944,0.6857808857808858,0.5179396529396529,0.48491332741332743,0.5508187784437785,0.20046620046620048,0.16363636363636364,0.2386946386946387,0.4857808857808858,0.4400815850815852,0.5328671328671328,0.5897435897435898,0.5426016665948897,0.6352925679587774,0.314013949013949,0.2790453296703297,0.3494010665260665,0.3581361989733004,0.32418540336889634,0.392272403755294,0.22144522144522144,0.1832167832167832,0.2606060606060606,0.5291375291375291,0.48205128205128206,0.5766899766899767,0.4703962703962704,0.4237762237762238,0.517016317016317,0.5351981351981353,0.48857808857808854,0.5818298368298367,0.004662004662004662,0.0012794222258141726,0.016836815627321967,0.3655011655011655,0.32121212121212117,0.4111888111888112,0.3146853146853147,0.2725501970830512,0.3601097601372986
bm25_stem,native_plain,tier,10,random,429,0.5370629370629372,0.4983682983682984,0.5748251748251748,0.7972027972027972,0.7641025641025639,0.828904428904429,0.6923994523994523,0.6634565157065156,0.7206207126207126,0.3254079254079254,0.2857808857808858,0.3655011655011655,0.5794871794871795,0.5370629370629371,0.6233100233100233,0.6811188811188811,0.6396270396270396,0.7207575757575756,0.43269896769896765,0.39581570281570283,0.471178428053428,0.46754069683595634,0.43205848661131263,0.5045845473158438,0.36223776223776216,0.32307692307692304,0.4027972027972028,0.6223776223776224,0.5804079254079255,0.6652680652680653,0.5557109557109557,0.517016317016317,0.5939393939393939,0.5846153846153845,0.5421911421911423,0.6275058275058276,0.0004662004662004662,0.0,0.0013986013986013988,0.042424242424242434,0.031701631701631705,0.05407925407925408,0.42004662004662,0.3822843822843823,0.4573426573426574
bm25_stem,native_plain,tier,20,hard,429,0.26107226107226106,0.2217608680442633,0.3046246113907789,0.49324009324009327,0.4466200466200466,0.5403263403263403,0.4250585451527776,0.3901250445860499,0.45944210937184105,0.1794871794871795,0.14606709697796386,0.21859635104465366,0.39254079254079255,0.34778554778554777,0.4382284382284382,0.5034965034965035,0.45733100233100243,0.5505827505827505,0.26764180264180265,0.2330945674695675,0.30272820697820696,0.3029022832787203,0.26901247804098866,0.3372983559187357,0.19114219114219114,0.15673970828169287,0.23102688708555674,0.4307692307692308,0.3850815850815851,0.4773892773892774,0.3752913752913753,0.3307698383385157,0.42202648507392104,0.4624708624708625,0.41678321678321684,0.51002331002331,0.004662004662004662,0.0012794222258141726,0.016836815627321967,0.23543123543123542,0.19774130310029622,0.2778172521765553,0.4988344988344988,0.45174141621699637,0.5459482690485404
bm25_stem,native_plain,tier,20,random,429,0.420979020979021,0.38181818181818183,0.45874125874125876,0.6675990675990675,0.6275058275058275,0.7067599067599067,0.5786269290074307,0.5457860034284089,0.6107762166332458,0.2680652680652681,0.23076923076923078,0.3048951048951049,0.5081585081585082,0.4652564102564103,0.5529137529137529,0.5855477855477855,0.5417249417249417,0.6307692307692309,0.36743460243460246,0.33107355144855144,0.4049227115477116,0.3984382023244896,0.36268858543177235,0.4354985254722157,0.29324009324009326,0.25594405594405595,0.3305477855477854,0.5454545454545455,0.5016317016317016,0.5897435897435898,0.4461538461538462,0.4060606060606061,0.4853146853146853,0.5151515151515151,0.4722610722610722,0.5594405594405595,0.0004662004662004662,0.0,0.0013986013986013988,0.04755244755244755,0.0358974358974359,0.06013986013986015,0.5310023310023311,0.4922960372960374,0.5710955710955712
bm25_stem,native_plain,tier,50,hard,429,0.20745920745920746,0.17176759478127596,0.24834340686845857,0.3776223776223776,0.3330246702462239,0.42439228263513923,0.34113026968730253,0.3067052883512393,0.3755787719832402,0.14219114219114218,0.11231233438820752,0.17842104213158727,0.32400932400932403,0.28145432374835505,0.36968815134770056,0.42424242424242425,0.3783501771889351,0.4714793650709564,0.21787101787101787,0.1857538063788064,0.2508547702297702,0.24807418089460942,0.21601513387923246,0.28075755556000087,0.15151515151515152,0.12068866537884795,0.18852722901665256,0.351981351981352,0.30828363904162037,0.3983063896815522,0.28205128205128205,0.24154844092357106,0.3264227037318089,0.3752913752913753,0.3307698383385157,0.42202648507392104,0.004662004662004662,0.0012794222258141726,0.016836815627321967,0.14685314685314685,0.11649485329383594,0.1834797821638117,0.6410256410256411,0.5945655953681456,0.6849824875019029
bm25_stem,native_plain,tier,50,random,429,0.29277389277389276,0.2564102564102564,0.3291375291375291,0.5002331002331002,0.45641025641025645,0.5431235431235432,0.4362180421229963,0.40221111100350376,0.46987599453637313,0.19673659673659674,0.16363636363636364,0.2298484848484847,0.4074592074592075,0.365034965034965,0.45081585081585074,0.5006993006993007,0.455944055944056,0.5468531468531468,0.2828985828985829,0.24886621249121252,0.31757490194990196,0.3152155854783088,0.2815334624169997,0.34961306983374374,0.20606060606060608,0.17342657342657344,0.23962703962703963,0.441025641025641,0.39813519813519815,0.4853146853146853,0.3282051282051282,0.28997668997669,0.36689976689976683,0.42470862470862475,0.3822843822843823,0.4680652680652681,0.0013986013986013988,0.0,0.0037296037296037296,0.07272727272727272,0.057342657342657345,0.08904428904428903,0.6331002331002331,0.593939393939394,0.6717948717948719
bm25_stem,native_plain,tier,100,hard,429,0.17482517482517482,0.14181339514641184,0.2136087939383528,0.3076923076923077,0.2658853472608117,0.3529127215527589,0.2882534856423206,0.2549213895072134,0.322001994214429,0.1282051282051282,0.09983728393418664,0.16317231577204963,0.28205128205128205,0.24154844092357106,0.3264227037318089,0.3776223776223776,0.3330246702462239,0.42439228263513923,0.19191641691641692,0.16103533041033044,0.223738344988345,0.21932103202951475,0.1882436079441739,0.25110744173715754,0.1282051282051282,0.09983728393418664,0.16317231577204963,0.2913752913752914,0.25037947476977646,0.3360741877613092,0.23076923076923078,0.19339497932913913,0.27292231700985964,0.31934731934731936,0.27699976216776945,0.3649014539904333,0.004662004662004662,0.0012794222258141726,0.016836815627321967,0.10023310023310024,0.07526803680326964,0.13229400927584967,0.7202797202797203,0.675993610974945,0.7606558738386017
bm25_stem,native_plain,tier,100,random,429,0.21724941724941726,0.18181818181818182,0.2526806526806527,0.3804195804195804,0.3379836829836831,0.4233100233100233,0.3428415471371492,0.3089241192159069,0.3766659840159774,0.15337995337995342,0.12261072261072262,0.18554778554778553,0.3212121212121212,0.27972027972027974,0.3631701631701632,0.4237762237762238,0.37995337995337997,0.46853146853146854,0.22486198986198985,0.19288421763421762,0.2572831242831242,0.25352439868301424,0.22143154341157653,0.28599643179609396,0.15384615384615385,0.12307692307692307,0.186013986013986,0.3454545454545454,0.3034965034965035,0.3883449883449883,0.26666666666666666,0.22843822843822845,0.3067599067599067,0.3510489510489511,0.30815850815850815,0.3939393939393939,0.0018648018648018648,0.0,0.005128205128205128,0.08624708624708624,0.06573426573426573,0.10862470862470863,0.6946386946386947,0.6545454545454544,0.7337995337995338
bm25_stem,native_plain,tier,165,hard,429,0.17249417249417248,0.13968996546024467,0.21111159415559358,0.30303030303030304,0.2614485366470758,0.348108273228642,0.28057106565795403,0.2473163815271281,0.3139811189006071,0.1258741258741259,0.09776938035252583,0.16061958988478406,0.2703962703962704,0.2305409555924775,0.31432704171827036,0.358974358974359,0.3150175124980972,0.40543440463185465,0.18604081104081105,0.1550502506752507,0.21749091186591185,0.21068136759372624,0.1798001899185604,0.24253521670192157,0.12354312354312354,0.09570489417497881,0.1580634465934047,0.27972027972027974,0.23934412616139847,0.32400638902505513,0.2261072261072261,0.1890554028386151,0.2680206345625308,0.30536130536130535,0.26366629433211053,0.35051114501253355,0.004662004662004662,0.0012794222258141726,0.016836815627321967,0.09557109557109557,0.07123169987886814,0.12708908726239831,0.7272727272727273,0.6832509862844343,0.7672603869358916
bm25_stem,native_plain,tier,165,random,429,0.17249417249417248,0.13968996546024467,0.21111159415559358,0.30303030303030304,0.2614485366470758,0.348108273228642,0.28057106565795403,0.2473163815271281,0.3139811189006071,0.1258741258741259,0.09776938035252583,0.16061958988478406,0.2703962703962704,0.2305409555924775,0.31432704171827036,0.358974358974359,0.3150175124980972,0.40543440463185465,0.18604081104081105,0.1550502506752507,0.21749091186591185,0.21068136759372624,0.1798001899185604,0.24253521670192157,0.12354312354312354,0.09570489417497881,0.1580634465934047,0.27972027972027974,0.23934412616139847,0.32400638902505513,0.2261072261072261,0.1890554028386151,0.2680206345625308,0.30536130536130535,0.26366629433211053,0.35051114501253355,0.004662004662004662,0.0012794222258141726,0.016836815627321967,0.09557109557109557,0.07123169987886814,0.12708908726239831,0.7272727272727273,0.6832509862844343,0.7672603869358916
bm25_stem,native_plain,vehicle,0,,429,0.9906759906759907,0.9762742334814445,0.9963682697275666,1.0,0.9911250210847168,1.0,0.9953379953379954,0.9906759906759907,0.9988344988344988,0.5011655011655012,0.45405173095145956,0.5482585837830036,0.8065268065268065,0.7664933325413097,0.8411194426225144,0.8811188811188811,0.8470594219639148,0.9084134962055547,0.6245106745106744,0.5862188505938506,0.6629515623265623,0.6640739481463827,0.6300479228310639,0.6976860479990061,0.5804195804195804,0.5332100854368002,0.6262016312411612,0.8601398601398601,0.8241127036536859,0.8897745492954456,0.9906759906759907,0.9762742334814445,0.9963682697275666,0.8065268065268065,0.7664933325413097,0.8411194426225144,0.009324009324009324,0.003631730272433362,0.02372576651855561,0.0,0.0,0.008874978915283301,0.0,0.0,0.008874978915283301
dense:bge-m3,native_brand,global,0,,429,0.23776223776223776,0.1999169518911677,0.28026223285461027,0.4149184149184149,0.36925078039205517,0.4620962439921307,0.36747851958209116,0.331585194846525,0.40338089537936805,0.13286713286713286,0.10398303511830914,0.16826782352578,0.29603729603729606,0.25480311919230547,0.34089180227663307,0.3822843822843823,0.33753766686923287,0.42912054494998314,0.2005809005809006,0.16847987660487662,0.23342495467495464,0.2163535494873184,0.18523735304725852,0.24728916813969998,0.1445221445221445,0.11440215458357111,0.18095185140515008,0.331002331002331,0.2881454122494534,0.37685895125338137,0.32634032634032634,0.2836834605581472,0.3720796440068347,0.34965034965034963,0.3060413334177546,0.3959280658364915,0.004662004662004662,0.0012794222258141726,0.016836815627321967,0.3006993006993007,0.25923208252404617,0.34570409788274514,0.4568764568764569,0.4103295818645022,0.5041887729603592
dense:bge-m3,native_brand,manual,0,,429,1.0,0.9911250210847168,1.0,1.0,0.9911250210847168,1.0,1.0,0.9911250210847168,1.0,0.44755244755244755,0.4011719092379423,0.49486392771121335,0.745920745920746,0.7026678258868368,0.7848085830849003,0.8578088578088578,0.8215789578684128,0.8876876656117926,0.5730593480593481,0.5349677637177638,0.6113655094905095,0.6080173269134672,0.5742723202976355,0.6418027487210313,0.5151515151515151,0.4679349324397133,0.5620991591083084,0.8065268065268065,0.7664933325413097,0.8411194426225144,1.0,0.9911250210847168,1.0,0.745920745920746,0.7026678258868368,0.7848085830849003,0.0,0.0,0.008874978915283301,0.0,0.0,0.008874978915283301,0.0,0.0,0.008874978915283301
dense:bge-m3,native_brand,tier,1,hard,429,1.0,0.9911250210847168,1.0,1.0,0.9911250210847168,1.0,1.0,0.9911250210847168,1.0,0.44755244755244755,0.4011719092379423,0.49486392771121335,0.745920745920746,0.7026678258868368,0.7848085830849003,0.8578088578088578,0.8215789578684128,0.8876876656117926,0.5730593480593481,0.5349677637177638,0.6113655094905095,0.6080173269134672,0.5742723202976355,0.6418027487210313,0.5151515151515151,0.4679349324397133,0.5620991591083084,0.8065268065268065,0.7664933325413097,0.8411194426225144,1.0,0.9911250210847168,1.0,0.745920745920746,0.7026678258868368,0.7848085830849003,0.0,0.0,0.008874978915283301,0.0,0.0,0.008874978915283301,0.0,0.0,0.008874978915283301
dense:bge-m3,native_brand,tier,1,random,429,1.0,0.9911250210847168,1.0,1.0,0.9911250210847168,1.0,1.0,0.9911250210847168,1.0,0.44755244755244755,0.4011719092379423,0.49486392771121335,0.745920745920746,0.7026678258868368,0.7848085830849003,0.8578088578088578,0.8215789578684128,0.8876876656117926,0.5730593480593481,0.5349677637177638,0.6113655094905095,0.6080173269134672,0.5742723202976355,0.6418027487210313,0.5151515151515151,0.4679349324397133,0.5620991591083084,0.8065268065268065,0.7664933325413097,0.8411194426225144,1.0,0.9911250210847168,1.0,0.745920745920746,0.7026678258868368,0.7848085830849003,0.0,0.0,0.008874978915283301,0.0,0.0,0.008874978915283301,0.0,0.0,0.008874978915283301
dense:bge-m3,native_brand,tier,2,hard,429,0.7104895104895105,0.6764568764568765,0.7440559440559441,1.0,0.9911250210847168,1.0,0.8552447552447552,0.8382284382284383,0.8720279720279721,0.34405594405594403,0.30256410256410254,0.3860256410256409,0.6517482517482517,0.6088578088578088,0.6941841491841492,0.7883449883449883,0.7505827505827506,0.8251748251748252,0.47268694268694267,0.435807498057498,0.5102883089133088,0.5134066982846307,0.48013218142457303,0.5473921934135872,0.3878787878787878,0.34592074592074595,0.42983682983682986,0.7151515151515151,0.6750582750582751,0.7552447552447552,0.7696969696969697,0.7375291375291375,0.800932400932401,0.6592074592074592,0.6163170163170163,0.7011655011655011,0.006060606060606061,0.0018648018648018648,0.01118881118881119,0.2811188811188811,0.24801864801864804,0.31421911421911425,0.002331002331002331,0.0004115977258030276,0.01308401065840669
dense:bge-m3,native_brand,tier,2,random,429,0.9081585081585081,0.8904428904428905,0.924941724941725,1.0,0.9911250210847168,1.0,0.954079254079254,0.9452214452214452,0.9624708624708626,0.41818181818181815,0.37435897435897436,0.4634032634032634,0.7188811188811188,0.6783216783216783,0.7599067599067599,0.8228438228438228,0.7878787878787878,0.8564102564102564,0.542998112998113,0.5055365144115145,0.5808462232212231,0.5755639075922913,0.5415276901679935,0.6097825968502145,0.47878787878787876,0.43356643356643354,0.5230885780885779,0.7738927738927739,0.736130536130536,0.8102564102564103,0.9109557109557109,0.8936946386946387,0.9277389277389277,0.7188811188811188,0.6783216783216783,0.7599067599067599,0.0009324009324009324,0.0,0.002331002331002331,0.01118881118881119,0.006993006993006993,0.015850815850815853,0.07972027972027973,0.06386946386946386,0.09696969696969696
dense:bge-m3,native_brand,tier,5,hard,429,0.4517482517482518,0.40744755244755254,0.49603729603729607,0.8382284382284383,0.8055944055944056,0.8694638694638694,0.654988344988345,0.6254079254079254,0.6843902486402487,0.241958041958042,0.20279720279720279,0.2811188811188811,0.5118881118881119,0.46433566433566437,0.5585081585081584,0.641958041958042,0.5986013986013986,0.6867132867132867,0.3586620786620786,0.32152065989565987,0.3959005947755948,0.390964783790294,0.3566358180137749,0.4256694565121357,0.2671328671328672,0.22750582750582748,0.30722610722610716,0.5766899766899767,0.5305361305361305,0.6228438228438228,0.5804195804195804,0.5365850815850817,0.6233100233100233,0.558041958041958,0.5114219114219114,0.6028088578088576,0.011655011655011656,0.004988317064839966,0.02698980919507543,0.47832167832167827,0.43356643356643354,0.5221445221445221,0.05827505827505827,0.03978064413274325,0.08461007150570049
dense:bge-m3,native_brand,tier,5,random,429,0.7664335664335663,0.7361305361305361,0.7958041958041957,0.9655011655011656,0.9533799533799534,0.9766899766899767,0.8642035742035742,0.8451820124320125,0.8827973970473971,0.36550116550116546,0.3235431235431236,0.4083916083916084,0.6536130536130536,0.6111888111888113,0.6965034965034965,0.7599067599067599,0.7221445221445222,0.7981351981351981,0.4841815591815592,0.44637077274577275,0.5221666712916713,0.515502165782962,0.48123928069312333,0.5503108863555168,0.4163170163170164,0.3734265734265734,0.4592074592074592,0.7034965034965034,0.6629370629370629,0.7426573426573426,0.7822843822843824,0.7524475524475523,0.8116550116550116,0.6578088578088578,0.6158508158508159,0.7002331002331001,0.0009324009324009324,0.0,0.002331002331002331,0.03776223776223776,0.029370629370629373,0.04615384615384616,0.19487179487179485,0.16689976689976688,0.22377622377622378
dense:bge-m3,native_brand,tier,10,hard,429,0.3482517482517482,0.3034965034965035,0.3925407925407925,0.6601398601398601,0.6149184149184148,0.7048951048951049,0.5416013616013616,0.5083702593702594,0.5744086422836423,0.18741258741258743,0.15104895104895105,0.22424242424242422,0.43776223776223777,0.3911421911421912,0.48484848484848486,0.5552447552447553,0.5081585081585082,0.6023310023310022,0.2912063862063862,0.2562645965145965,0.326747520997521,0.32037314701161984,0.2876484006788977,0.3542672174090038,0.21072261072261073,0.17296037296037298,0.24895104895104894,0.4890442890442891,0.4405594405594406,0.5361305361305362,0.48997668997668997,0.44242424242424244,0.5370629370629371,0.49696969696969695,0.44988344988344986,0.5445337995337993,0.006993006993006993,0.0023810456854944425,0.020355821636568114,0.49090909090909096,0.4447552447552448,0.537995337995338,0.15384615384615385,0.12278967351834266,0.19104685034608423
dense:bge-m3,native_brand,tier,10,random,429,0.662004662004662,0.6261072261072261,0.696969696969697,0.8801864801864803,0.8531468531468531,0.9053613053613053,0.7830833980833981,0.7574232387982388,0.8082732313982314,0.31655011655011656,0.27645687645687644,0.35710955710955716,0.5841491841491842,0.5407925407925408,0.6279720279720279,0.701165501165501,0.6610722610722611,0.7417249417249419,0.4325676175676176,0.39510539923039917,0.4705031265031265,0.46091853135232064,0.42653686032952776,0.49607343473640525,0.36083916083916084,0.3188811188811189,0.40233100233100233,0.6349650349650349,0.5920745920745921,0.675990675990676,0.6899766899766899,0.655011655011655,0.7244755244755243,0.593006993006993,0.5496503496503496,0.6363636363636364,0.0009324009324009324,0.0,0.002331002331002331,0.06293706293706294,0.05128205128205128,0.07552447552447554,0.27412587412587414,0.24055944055944056,0.3076923076923077
dense:bge-m3,native_brand,tier,20,hard,429,0.3076923076923077,0.2658853472608117,0.3529127215527589,0.5687645687645687,0.5214943312517207,0.6148142380816085,0.47762221079818346,0.44253581662148905,0.5121098504815339,0.16783216783216784,0.13545012951928953,0.2061101711586959,0.3682983682983683,0.3240120572914401,0.41492237771421736,0.48484848484848486,0.4379008408916916,0.5320650675602867,0.2542226292226292,0.21956786269286271,0.2894287194287194,0.27778498404603347,0.24445776011808273,0.31127816587673157,0.19114219114219114,0.15673970828169287,0.23102688708555674,0.4195804195804196,0.3737983687588389,0.46678991456319985,0.4405594405594406,0.39431448105468525,0.48785946748769127,0.4428904428904429,0.39659925630508724,0.49019532170621555,0.006993006993006993,0.0023810456854944425,0.020355821636568114,0.42657342657342656,0.380627658039754,0.47382251368906386,0.25874125874125875,0.21956954261721856,0.30219530734889727
dense:bge-m3,native_brand,tier,20,random,429,0.5473193473193473,0.5086247086247085,0.585081585081585,0.7878787878787878,0.7524475524475523,0.8223776223776222,0.6863377623260388,0.6556916544280026,0.7164179517273408,0.27132867132867133,0.2331002331002331,0.31002331002331,0.5174825174825175,0.4731934731934732,0.5613053613053613,0.6242424242424244,0.5808857808857809,0.6675990675990675,0.37743145743145745,0.3403723221223221,0.41471366596366593,0.40163258036197397,0.366547049045479,0.436692898617667,0.3062937062937063,0.26713286713286716,0.34592074592074595,0.5673659673659673,0.5230769230769231,0.6102564102564103,0.5818181818181818,0.5435897435897435,0.6195920745920744,0.5347319347319347,0.4909090909090909,0.5785547785547785,0.0004662004662004662,0.0,0.0013986013986013988,0.09184149184149183,0.075990675990676,0.10862470862470863,0.36037296037296035,0.3226107226107226,0.3986013986013986
dense:bge-m3,native_brand,tier,50,hard,429,0.26573426573426573,0.22614797943492934,0.3094787589379657,0.4825174825174825,0.43559763266203977,0.5297476463210121,0.41520035582116394,0.38001037230422935,0.4504973517077152,0.14685314685314685,0.11649485329383594,0.1834797821638117,0.331002331002331,0.2881454122494534,0.37685895125338137,0.42657342657342656,0.380627658039754,0.47382251368906386,0.22190494690494691,0.1886478567728568,0.2554991998741999,0.24046723228656572,0.20846023426634488,0.2726630049660932,0.16317016317016317,0.13121991408930228,0.20109912765083032,0.3706293706293706,0.326263527644609,0.4172915368299749,0.3752913752913753,0.3307698383385157,0.42202648507392104,0.38927738927738925,0.34431543586970187,0.4362046643562933,0.006993006993006993,0.0023810456854944425,0.020355821636568114,0.358974358974359,0.3150175124980972,0.40543440463185465,0.3682983682983683,0.3240120572914401,0.41492237771421736
dense:bge-m3,native_brand,tier,50,random,429,0.38927738927738925,0.34965034965034963,0.42983682983682986,0.6396270396270396,0.5972027972027972,0.6806526806526807,0.541527872010145,0.5076398963641235,0.5759661146346922,0.19813519813519814,0.1641025641025641,0.2331002331002331,0.4191142191142191,0.37482517482517486,0.46386946386946387,0.5235431235431236,0.4773892773892774,0.5687645687645687,0.29383135383135384,0.2587671587671587,0.32915398952898955,0.3153803982171707,0.2816251330170997,0.3488205064220036,0.22191142191142196,0.18601398601398603,0.2582750582750583,0.4592074592074592,0.413986013986014,0.5039627039627039,0.44428904428904425,0.40372960372960376,0.4853146853146853,0.4531468531468531,0.40977855477855485,0.49743589743589745,0.0004662004662004662,0.0,0.0013986013986013988,0.17016317016317017,0.14592074592074591,0.19533799533799534,0.44009324009324013,0.39999999999999997,0.48065268065268063
dense:bge-m3,native_brand,tier,100,hard,429,0.24475524475524477,0.20645364836141133,0.2875874247911459,0.4289044289044289,0.3829061869968991,0.47616461420084527,0.3785410742924816,0.3428549415046787,0.41423606704436633,0.1351981351981352,0.10606073686102929,0.17081075125198625,0.3006993006993007,0.25923208252404617,0.34570409788274514,0.3916083916083916,0.3465768838450283,0.43856384584989333,0.2038091538091538,0.17135880323380326,0.23645726958226956,0.2207076774731442,0.1895854591835459,0.25185078475989214,0.14918414918414918,0.11859037476737491,0.18600489015919916,0.3333333333333333,0.2903782139963267,0.37924677897543446,0.337995337995338,0.29484743754889503,0.384018814360719,0.3543123543123543,0.31052710752019247,0.4006835506719065,0.004662004662004662,0.0012794222258141726,0.016836815627321967,0.3123543123543124,0.2703273064993251,0.35771202125209833,0.4382284382284382,0.3920307421854272,0.4855225768880228
dense:bge-m3,native_brand,tier,100,random,429,0.29557109557109557,0.2564102564102564,0.33474358974358964,0.509090909090909,0.4643356643356643,0.5543123543123544,0.43858906542676585,0.40321578118129114,0.47434200437903484,0.15757575757575756,0.1258741258741259,0.1906759906759907,0.34638694638694645,0.3025641025641026,0.3906759906759907,0.4414918414918415,0.39533799533799535,0.4881118881118881,0.23706608206608207,0.20393380693380694,0.2708163271913272,0.2546102289101588,0.22262359761743974,0.2867154306960744,0.17342657342657344,0.1403263403263403,0.20745920745920746,0.38694638694638694,0.3412587412587413,0.43216783216783217,0.3701631701631702,0.3296037296037296,0.41212121212121217,0.39020979020979013,0.3468531468531469,0.43451048951048943,0.0032634032634032634,0.0,0.007459207459207459,0.24801864801864804,0.21445221445221446,0.2815850815850816,0.45314685314685316,0.4116550116550116,0.49603729603729607
dense:bge-m3,native_brand,tier,165,hard,429,0.23776223776223776,0.1999169518911677,0.28026223285461027,0.4149184149184149,0.36925078039205517,0.4620962439921307,0.36747851958209116,0.331585194846525,0.40338089537936805,0.13286713286713286,0.10398303511830914,0.16826782352578,0.29603729603729606,0.25480311919230547,0.34089180227663307,0.3822843822843823,0.33753766686923287,0.42912054494998314,0.2005809005809006,0.16847987660487662,0.23342495467495464,0.2163535494873184,0.18523735304725852,0.24728916813969998,0.1445221445221445,0.11440215458357111,0.18095185140515008,0.331002331002331,0.2881454122494534,0.37685895125338137,0.32634032634032634,0.2836834605581472,0.3720796440068347,0.34965034965034963,0.3060413334177546,0.3959280658364915,0.004662004662004662,0.0012794222258141726,0.016836815627321967,0.3006993006993007,0.25923208252404617,0.34570409788274514,0.4568764568764569,0.4103295818645022,0.5041887729603592
dense:bge-m3,native_brand,tier,165,random,429,0.23776223776223776,0.1999169518911677,0.28026223285461027,0.4149184149184149,0.36925078039205517,0.4620962439921307,0.36747851958209116,0.331585194846525,0.40338089537936805,0.13286713286713286,0.10398303511830914,0.16826782352578,0.29603729603729606,0.25480311919230547,0.34089180227663307,0.3822843822843823,0.33753766686923287,0.42912054494998314,0.2005809005809006,0.16847987660487662,0.23342495467495464,0.2163535494873184,0.18523735304725852,0.24728916813969998,0.1445221445221445,0.11440215458357111,0.18095185140515008,0.331002331002331,0.2881454122494534,0.37685895125338137,0.32634032634032634,0.2836834605581472,0.3720796440068347,0.34965034965034963,0.3060413334177546,0.3959280658364915,0.004662004662004662,0.0012794222258141726,0.016836815627321967,0.3006993006993007,0.25923208252404617,0.34570409788274514,0.4568764568764569,0.4103295818645022,0.5041887729603592
dense:bge-m3,native_brand,vehicle,0,,429,0.986013986013986,0.9698265046906877,0.9935747395804707,1.0,0.9911250210847168,1.0,0.993006993006993,0.9871794871794872,0.9976689976689976,0.4428904428904429,0.39659925630508724,0.49019532170621555,0.745920745920746,0.7026678258868368,0.7848085830849003,0.8508158508158508,0.8139951098408008,0.881409625232625,0.5685851185851185,0.53056246993747,0.60694234006734,0.6024847341345982,0.5684411010313644,0.6364038632340874,0.5104895104895105,0.4633031377727509,0.5574896948374181,0.8018648018648019,0.7615398686572189,0.8368316475687524,0.986013986013986,0.9698265046906877,0.9935747395804707,0.745920745920746,0.7026678258868368,0.7848085830849003,0.013986013986013986,0.006425260419529346,0.030173495309312466,0.0,0.0,0.008874978915283301,0.0,0.0,0.008874978915283301
dense:bge-m3,native_full,global,0,,429,0.2703962703962704,0.2305409555924775,0.31432704171827036,0.4219114219114219,0.3760737466631962,0.4691351661277688,0.38628976446391744,0.3476333428466467,0.4246249052646312,0.15384615384615385,0.12278967351834266,0.19104685034608423,0.2913752913752914,0.25037947476977646,0.3360741877613092,0.3916083916083916,0.3465768838450283,0.43856384584989333,0.2155807155807156,0.18167136104636109,0.24981393606393604,0.23272141120295442,0.19976830588414637,0.26608821535403204,0.17016317016317017,0.13756886444642238,0.20861206570048949,0.32400932400932403,0.28145432374835505,0.36968815134770056,0.32867132867132864,0.28591382560565143,0.37446990842825684,0.351981351981352,0.30828363904162037,0.3983063896815522,0.002331002331002331,0.0004115977258030276,0.01308401065840669,0.17715617715617715,0.1439391173214467,0.21610370123224437,0.5501165501165501,0.5028033173265318,0.5965402162553861
dense:bge-m3,native_full,manual,0,,429,1.0,0.9911250210847168,1.0,1.0,0.9911250210847168,1.0,1.0,0.9911250210847168,1.0,0.44522144522144524,0.3988850662407425,0.4925301412394868,0.7319347319347319,0.6880963726257179,0.7716562595324608,0.8531468531468531,0.8165202178361883,0.8835051467061641,0.574046324046324,0.5360891423391424,0.6121904715654717,0.6094964364596587,0.5752952177505085,0.6436715965942411,0.5081585081585082,0.4609887636225293,0.5551834395187133,0.7925407925407926,0.7516565931315414,0.8282324052187241,1.0,0.9911250210847168,1.0,0.7319347319347319,0.6880963726257179,0.7716562595324608,0.0,0.0,0.008874978915283301,0.0,0.0,0.008874978915283301,0.0,0.0,0.008874978915283301
dense:bge-m3,native_full,tier,1,hard,429,1.0,0.9911250210847168,1.0,1.0,0.9911250210847168,1.0,1.0,0.9911250210847168,1.0,0.44522144522144524,0.3988850662407425,0.4925301412394868,0.7319347319347319,0.6880963726257179,0.7716562595324608,0.8531468531468531,0.8165202178361883,0.8835051467061641,0.574046324046324,0.5360891423391424,0.6121904715654717,0.6094964364596587,0.5752952177505085,0.6436715965942411,0.5081585081585082,0.4609887636225293,0.5551834395187133,0.7925407925407926,0.7516565931315414,0.8282324052187241,1.0,0.9911250210847168,1.0,0.7319347319347319,0.6880963726257179,0.7716562595324608,0.0,0.0,0.008874978915283301,0.0,0.0,0.008874978915283301,0.0,0.0,0.008874978915283301
dense:bge-m3,native_full,tier,1,random,429,1.0,0.9911250210847168,1.0,1.0,0.9911250210847168,1.0,1.0,0.9911250210847168,1.0,0.44522144522144524,0.3988850662407425,0.4925301412394868,0.7319347319347319,0.6880963726257179,0.7716562595324608,0.8531468531468531,0.8165202178361883,0.8835051467061641,0.574046324046324,0.5360891423391424,0.6121904715654717,0.6094964364596587,0.5752952177505085,0.6436715965942411,0.5081585081585082,0.4609887636225293,0.5551834395187133,0.7925407925407926,0.7516565931315414,0.8282324052187241,1.0,0.9911250210847168,1.0,0.7319347319347319,0.6880963726257179,0.7716562595324608,0.0,0.0,0.008874978915283301,0.0,0.0,0.008874978915283301,0.0,0.0,0.008874978915283301
dense:bge-m3,native_full,tier,2,hard,429,0.7617715617715617,0.7296037296037297,0.7925407925407926,1.0,0.9911250210847168,1.0,0.8808857808857808,0.8648018648018648,0.8962703962703963,0.3571095571095571,0.31421911421911425,0.3995337995337995,0.6666666666666666,0.6242424242424243,0.7090909090909092,0.793006993006993,0.7561771561771561,0.8293706293706294,0.49130203130203126,0.45352683427683427,0.5291804723054724,0.5306219457248479,0.4967561786412687,0.5647360204956096,0.41212121212121217,0.36876456876456876,0.45594405594405585,0.7221445221445222,0.6815850815850816,0.7622377622377622,0.8167832167832167,0.7874125874125875,0.8452214452214453,0.6755244755244754,0.6335664335664337,0.7174825174825175,0.005128205128205127,0.0009324009324009324,0.010256410256410255,0.22843822843822845,0.19813519813519814,0.2596736596736597,0.004662004662004662,0.0012794222258141726,0.016836815627321967
dense:bge-m3,native_full,tier,2,random,429,0.9020979020979021,0.8834498834498834,0.9193473193473194,1.0,0.9911250210847168,1.0,0.951048951048951,0.9417249417249417,0.9596736596736598,0.4163170163170163,0.37108391608391617,0.462004662004662,0.7072261072261071,0.6662004662004662,0.7482517482517482,0.8167832167832167,0.7827505827505827,0.8503496503496504,0.541023606023606,0.5027629453879453,0.5796081464831465,0.5747244278607192,0.5403270757240901,0.6091473679142938,0.4764568764568764,0.43076923076923074,0.5216783216783217,0.7655011655011654,0.7268065268065268,0.8032634032634032,0.9048951048951048,0.8862470862470864,0.9221445221445222,0.7076923076923076,0.6666550116550117,0.7491841491841491,0.0009324009324009324,0.0,0.002331002331002331,0.010256410256410256,0.006060606060606061,0.014918414918414918,0.08671328671328672,0.07038461538461548,0.10442890442890443
dense:bge-m3,native_full,tier,5,hard,429,0.5184149184149184,0.4717948717948719,0.5627039627039628,0.8708624708624709,0.841025641025641,0.8993006993006993,0.6999533799533799,0.670279526029526,0.7287183372183372,0.2564102564102564,0.21631701631701633,0.29743589743589743,0.5501165501165501,0.5034965034965035,0.5958041958041957,0.6666666666666666,0.6233100233100233,0.7095571095571095,0.3797065897065897,0.3421805324305325,0.4173404049654049,0.416012125116494,0.38120048579607807,0.45088683157408344,0.29603729603729606,0.2536130536130536,0.3384615384615384,0.6107226107226107,0.5650349650349651,0.6559440559440559,0.6363636363636364,0.593006993006993,0.6801864801864802,0.5906759906759906,0.5445221445221445,0.6358974358974357,0.009324009324009324,0.003631730272433362,0.02372576651855561,0.4163170163170163,0.3724941724941725,0.4606060606060607,0.055944055944055944,0.037879195153199076,0.08189089101631827
dense:bge-m3,native_full,tier,5,random,429,0.7519813519813519,0.7202797202797203,0.7832167832167832,0.9603729603729604,0.9477855477855478,0.972027972027972,0.8554778554778555,0.8353529526029526,0.8747571872571872,0.3664335664335664,0.32307692307692315,0.40932400932400925,0.6344988344988346,0.5920745920745921,0.6778554778554777,0.7533799533799533,0.7151515151515152,0.7902097902097902,0.48321197321197323,0.4451277888777888,0.5217388537388538,0.5147755970526694,0.47943955082653217,0.5501321440066343,0.4172494172494173,0.372960372960373,0.46061771561771553,0.6918414918414917,0.6508158508158508,0.7314801864801863,0.765967365967366,0.7347319347319347,0.7967365967365966,0.6382284382284382,0.5962703962703962,0.6806643356643355,0.0009324009324009324,0.0,0.002331002331002331,0.030303030303030304,0.023310023310023312,0.03776223776223777,0.21678321678321677,0.1864801864801865,0.2475524475524476
dense:bge-m3,native_full,tier,10,hard,429,0.3967365967365967,0.34965034965034963,0.4438228438228438,0.6909090909090908,0.6470862470862472,0.7333449883449882,0.5783647833647834,0.5437252238502239,0.6122102943352943,0.2055944055944056,0.16876456876456877,0.24428904428904427,0.4610722610722611,0.4125874125874126,0.5081585081585082,0.5846153846153846,0.5375291375291376,0.6307692307692309,0.312999222999223,0.2774149692899693,0.34950718725718727,0.34713611660484434,0.3129018852021745,0.381489161348468,0.2358974358974359,0.19627039627039627,0.275990675990676,0.5146853146853148,0.4662004662004662,0.5617715617715617,0.5361305361305362,0.4890442890442891,0.5836829836829837,0.53006993006993,0.4825174825174825,0.578088578088578,0.006993006993006993,0.0023810456854944425,0.020355821636568114,0.4027972027972028,0.35617715617715623,0.44988344988344986,0.19347319347319347,0.15888055737748563,0.23350666745869036
dense:bge-m3,native_full,tier,10,random,429,0.6484848484848484,0.6121212121212122,0.6843822843822844,0.8648018648018648,0.8363636363636363,0.8913752913752914,0.7722283272283272,0.745507622007622,0.7981447395197396,0.3226107226107226,0.28205128205128205,0.36318181818181805,0.5743589743589743,0.5305361305361305,0.6186480186480185,0.6941724941724942,0.6536130536130536,0.7337995337995337,0.43310707810707816,0.3952468596218596,0.4714586617086617,0.46150800554699206,0.42606260219990294,0.4971477976678121,0.36596736596736595,0.3235431235431236,0.40792540792540793,0.6265734265734266,0.5832167832167833,0.668997668997669,0.6699300699300699,0.634032634032634,0.7058275058275059,0.5836829836829837,0.5393939393939394,0.6279720279720279,0.0009324009324009324,0.0,0.002331002331002331,0.05034965034965035,0.039627039627039624,0.06200466200466201,0.30023310023310024,0.26573426573426573,0.33519813519813524
dense:bge-m3,native_full,tier,20,hard,429,0.3613053613053613,0.3172644390216624,0.4078081075772158,0.5818181818181819,0.5347319347319347,0.6284382284382285,0.5159802101265978,0.4792713018150406,0.5531467842161203,0.1864801864801865,0.15246424733964914,0.22606108908974765,0.40792540792540793,0.3624373544603941,0.4550477815170125,0.5104895104895105,0.4633031377727509,0.5574896948374181,0.276959336959337,0.24183280145780148,0.3131681975431975,0.3035654987784747,0.2689798754661122,0.33834471799906113,0.21212121212121213,0.17607864865266656,0.2532736119349208,0.44522144522144524,0.3988850662407425,0.4925301412394868,0.47785547785547783,0.43099426631567495,0.5251097537295242,0.48484848484848486,0.4379008408916916,0.5320650675602867,0.004662004662004662,0.0012794222258141726,0.016836815627321967,0.32167832167832167,0.2792264219690699,0.36729542365805923,0.3123543123543124,0.2703273064993251,0.35771202125209833
dense:bge-m3,native_full,tier,20,random,429,0.5412587412587412,0.5006993006993007,0.5808974358974358,0.7706293706293706,0.7342657342657343,0.8055944055944056,0.6762955527188353,0.6440958924810735,0.707752550274352,0.27505827505827507,0.2363636363636364,0.31421911421911425,0.5137529137529138,0.468997668997669,0.5580536130536129,0.6121212121212121,0.5687645687645687,0.6559440559440559,0.376993931993932,0.33932960095460096,0.41511611999111997,0.4018732888131549,0.3658854392000535,0.4379532534906587,0.3104895104895105,0.2703962703962704,0.35058275058275057,0.5641025641025641,0.5184149184149185,0.6083916083916084,0.5752913752913753,0.5361305361305362,0.613986013986014,0.5310023310023311,0.48717948717948717,0.5753030303030302,0.0004662004662004662,0.0,0.0013986013986013988,0.06993006993006994,0.05547785547785548,0.08531468531468532,0.3883449883449883,0.3501165501165501,0.42750582750582744
dense:bge-m3,native_full,tier,50,hard,429,0.31002331002331,0.26810568730040213,0.35531301098209483,0.4965034965034965,0.449432116172494,0.5436369396241165,0.4463635274018428,0.4080110670246369,0.48458005477823374,0.16783216783216784,0.13545012951928953,0.2061101711586959,0.3473193473193473,0.30380019593569085,0.3935485738496288,0.4382284382284382,0.3920307421854272,0.4855225768880228,0.24407721907721908,0.20938172938172941,0.2794999444999445,0.26293773621223526,0.22926273751786122,0.2971898026066883,0.1888111888111888,0.15460092862244895,0.22854503727587422,0.38461538461538464,0.33979582375967643,0.43148301752846596,0.3962703962703963,0.3511030462271284,0.44327894240564614,0.4172494172494173,0.3715240458505137,0.46444360800259865,0.004662004662004662,0.0012794222258141726,0.016836815627321967,0.24708624708624707,0.20863574474100274,0.29002595788048086,0.4382284382284382,0.3920307421854272,0.4855225768880228
dense:bge-m3,native_full,tier,50,random,429,0.40559440559440557,0.3631701631701632,0.4466200466200467,0.6163170163170163,0.5743589743589743,0.6587412587412587,0.5440192951408089,0.5079042206152641,0.5793793213412136,0.20885780885780889,0.17342657342657344,0.24522144522144523,0.4289044289044289,0.38368298368298365,0.47412587412587415,0.5165501165501165,0.4713170163170164,0.5617715617715617,0.29991878491878493,0.2642858067858068,0.33671451696451693,0.3229637568415059,0.2882790959220246,0.3581533560134031,0.23449883449883452,0.19673659673659674,0.2727272727272727,0.4624708624708625,0.4172494172494173,0.5072261072261072,0.45361305361305365,0.41210955710955727,0.49510489510489514,0.46153846153846156,0.41678321678321684,0.5072261072261072,0.0009324009324009324,0.0,0.002331002331002331,0.11375291375291374,0.09277389277389277,0.13473193473193473,0.47972027972027975,0.43869463869463865,0.5216899766899765
dense:bge-m3,native_full,tier,100,hard,429,0.27972027972027974,0.23934412616139847,0.32400638902505513,0.4382284382284382,0.3920307421854272,0.4855225768880228,0.39978763350756674,0.3612496568352996,0.4383233636963766,0.1585081585081585,0.12699964540480516,0.19607813739747457,0.3006993006993007,0.25923208252404617,0.34570409788274514,0.40093240093240096,0.3556335417055815,0.44798970586504594,0.22303899803899804,0.1889814121064121,0.2576812539312539,0.24023018648913727,0.20716520004649502,0.2739303700902812,0.17482517482517482,0.14181339514641184,0.2136087939383528,0.3333333333333333,0.2903782139963267,0.37924677897543446,0.34965034965034963,0.3060413334177546,0.3959280658364915,0.3682983682983683,0.3240120572914401,0.41492237771421736,0.002331002331002331,0.0004115977258030276,0.01308401065840669,0.1958041958041958,0.16102344783933376,0.23598440646576868,0.5221445221445221,0.4748902462704758,0.569005733684325
dense:bge-m3,native_full,tier,100,random,429,0.31748251748251743,0.2755244755244755,0.35990675990675985,0.5062937062937063,0.4606060606060606,0.5515151515151515,0.4478828609134172,0.4101871337714673,0.4848728821694978,0.17529137529137528,0.14124708624708635,0.21025641025641026,0.35058275058275057,0.30721445221445237,0.3948717948717949,0.441025641025641,0.39440559440559436,0.4881118881118881,0.24919395419395418,0.21484413271913275,0.28459379046879046,0.2686888370666757,0.23483854142383956,0.30273714102257443,0.19393939393939394,0.15804195804195806,0.22983682983682982,0.3804195804195804,0.3356643356643357,0.42517482517482513,0.3785547785547786,0.33519813519813524,0.42144522144522145,0.39906759906759903,0.3543123543123543,0.4438228438228438,0.002797202797202797,0.0,0.006526806526806528,0.15431235431235432,0.1272727272727273,0.18228438228438226,0.5254079254079255,0.48205128205128206,0.5687645687645687
dense:bge-m3,native_full,tier,165,hard,429,0.2703962703962704,0.2305409555924775,0.31432704171827036,0.4219114219114219,0.3760737466631962,0.4691351661277688,0.38628976446391744,0.3476333428466467,0.4246249052646312,0.15384615384615385,0.12278967351834266,0.19104685034608423,0.2913752913752914,0.25037947476977646,0.3360741877613092,0.3916083916083916,0.3465768838450283,0.43856384584989333,0.2155807155807156,0.18167136104636109,0.24981393606393604,0.23272141120295442,0.19976830588414637,0.26608821535403204,0.17016317016317017,0.13756886444642238,0.20861206570048949,0.32400932400932403,0.28145432374835505,0.36968815134770056,0.32867132867132864,0.28591382560565143,0.37446990842825684,0.351981351981352,0.30828363904162037,0.3983063896815522,0.002331002331002331,0.0004115977258030276,0.01308401065840669,0.17715617715617715,0.1439391173214467,0.21610370123224437,0.5501165501165501,0.5028033173265318,0.5965402162553861
dense:bge-m3,native_full,tier,165,random,429,0.2703962703962704,0.2305409555924775,0.31432704171827036,0.4219114219114219,0.3760737466631962,0.4691351661277688,0.38628976446391744,0.3476333428466467,0.4246249052646312,0.15384615384615385,0.12278967351834266,0.19104685034608423,0.2913752913752914,0.25037947476977646,0.3360741877613092,0.3916083916083916,0.3465768838450283,0.43856384584989333,0.2155807155807156,0.18167136104636109,0.24981393606393604,0.23272141120295442,0.19976830588414637,0.26608821535403204,0.17016317016317017,0.13756886444642238,0.20861206570048949,0.32400932400932403,0.28145432374835505,0.36968815134770056,0.32867132867132864,0.28591382560565143,0.37446990842825684,0.351981351981352,0.30828363904162037,0.3983063896815522,0.002331002331002331,0.0004115977258030276,0.01308401065840669,0.17715617715617715,0.1439391173214467,0.21610370123224437,0.5501165501165501,0.5028033173265318,0.5965402162553861
dense:bge-m3,native_full,vehicle,0,,429,0.9883449883449883,0.9730101908049245,0.9950116829351601,1.0,0.9911250210847168,1.0,0.9941724941724942,0.9883449883449883,0.9988344988344988,0.4428904428904429,0.39659925630508724,0.49019532170621555,0.7296037296037297,0.6856729582817297,0.7694590444075226,0.8508158508158508,0.8139951098408008,0.881409625232625,0.5715599215599215,0.533330488955489,0.6100373469123468,0.6063872825097685,0.5724932066097003,0.6404548896578586,0.5058275058275058,0.45867540455584715,0.5528761691164689,0.7878787878787878,0.7467263880650792,0.8239213513473334,0.9883449883449883,0.9730101908049245,0.9950116829351601,0.7296037296037297,0.6856729582817297,0.7694590444075226,0.011655011655011656,0.004988317064839966,0.02698980919507543,0.0,0.0,0.008874978915283301,0.0,0.0,0.008874978915283301
dense:bge-m3,native_model,global,0,,429,0.23776223776223776,0.1999169518911677,0.28026223285461027,0.3822843822843823,0.33753766686923287,0.42912054494998314,0.3428289835841217,0.30565957032693986,0.37995597908704914,0.1445221445221445,0.11440215458357111,0.18095185140515008,0.3006993006993007,0.25923208252404617,0.34570409788274514,0.358974358974359,0.3150175124980972,0.40543440463185465,0.20783105783105785,0.17510457135457141,0.24169388481888482,0.22119855812304803,0.18889712057842137,0.25352450718251096,0.16317016317016317,0.13121991408930228,0.20109912765083032,0.32400932400932403,0.28145432374835505,0.36968815134770056,0.29836829836829837,0.25701694047141865,0.3432986104664463,0.3613053613053613,0.3172644390216624,0.4078081075772158,0.0,0.0,0.008874978915283301,0.1048951048951049,0.07932268282212253,0.13748062219484958,0.6573426573426573,0.611213936318992,0.7006785528335412
dense:bge-m3,native_model,manual,0,,429,1.0,0.9911250210847168,1.0,1.0,0.9911250210847168,1.0,1.0,0.9911250210847168,1.0,0.49184149184149184,0.4448165604812868,0.5390112363774708,0.7692307692307693,0.7270776829901405,0.8066050206708609,0.8717948717948718,0.8368276842279504,0.9001627160658133,0.6195517445517446,0.5818272237022236,0.6576007557257557,0.6484983170412847,0.6150278321490423,0.6823734739700241,0.5594405594405595,0.5121405325123088,0.6056855189453149,0.8158508158508159,0.7764249873189515,0.8496703057205783,1.0,0.9911250210847168,1.0,0.7692307692307693,0.7270776829901405,0.8066050206708609,0.0,0.0,0.008874978915283301,0.0,0.0,0.008874978915283301,0.0,0.0,0.008874978915283301
dense:bge-m3,native_model,tier,1,hard,429,1.0,0.9911250210847168,1.0,1.0,0.9911250210847168,1.0,1.0,0.9911250210847168,1.0,0.49184149184149184,0.4448165604812868,0.5390112363774708,0.7692307692307693,0.7270776829901405,0.8066050206708609,0.8717948717948718,0.8368276842279504,0.9001627160658133,0.6195517445517446,0.5818272237022236,0.6576007557257557,0.6484983170412847,0.6150278321490423,0.6823734739700241,0.5594405594405595,0.5121405325123088,0.6056855189453149,0.8158508158508159,0.7764249873189515,0.8496703057205783,1.0,0.9911250210847168,1.0,0.7692307692307693,0.7270776829901405,0.8066050206708609,0.0,0.0,0.008874978915283301,0.0,0.0,0.008874978915283301,0.0,0.0,0.008874978915283301
dense:bge-m3,native_model,tier,1,random,429,1.0,0.9911250210847168,1.0,1.0,0.9911250210847168,1.0,1.0,0.9911250210847168,1.0,0.49184149184149184,0.4448165604812868,0.5390112363774708,0.7692307692307693,0.7270776829901405,0.8066050206708609,0.8717948717948718,0.8368276842279504,0.9001627160658133,0.6195517445517446,0.5818272237022236,0.6576007557257557,0.6484983170412847,0.6150278321490423,0.6823734739700241,0.5594405594405595,0.5121405325123088,0.6056855189453149,0.8158508158508159,0.7764249873189515,0.8496703057205783,1.0,0.9911250210847168,1.0,0.7692307692307693,0.7270776829901405,0.8066050206708609,0.0,0.0,0.008874978915283301,0.0,0.0,0.008874978915283301,0.0,0.0,0.008874978915283301
dense:bge-m3,native_model,tier,2,hard,429,0.7920745920745921,0.7613053613053613,0.8214452214452214,1.0,0.9911250210847168,1.0,0.896037296037296,0.8806526806526807,0.9107226107226108,0.4130536130536131,0.36969696969696975,0.45780885780885777,0.7090909090909092,0.6680652680652681,0.75011655011655,0.8093240093240094,0.7743473193473193,0.8447552447552447,0.5472858622858622,0.5093605653605653,0.5855341695341696,0.5772839698858899,0.542793338366317,0.611777111277513,0.46200466200466206,0.4177156177156177,0.5062937062937063,0.7524475524475523,0.7128205128205128,0.7911421911421911,0.8452214452214453,0.8177156177156176,0.8713286713286713,0.7184149184149186,0.6778554778554778,0.7585081585081586,0.004195804195804196,0.0009324009324009324,0.008857808857808857,0.1920745920745921,0.16410256410256407,0.220979020979021,0.011655011655011656,0.004988317064839966,0.02698980919507543
dense:bge-m3,native_model,tier,2,random,429,0.8857808857808858,0.8666666666666666,0.903030303030303,1.0,0.9911250210847168,1.0,0.9428904428904429,0.9333333333333332,0.9515151515151516,0.4531468531468531,0.40792540792540793,0.4988344988344988,0.7319347319347319,0.691841491841492,0.7715617715617715,0.8312354312354313,0.7976689976689977,0.863869463869464,0.5781283531283531,0.540170930920931,0.6164541893291894,0.6067159792998912,0.5724461535839018,0.6412877573085833,0.5109557109557109,0.4662004662004662,0.5557109557109556,0.7734265734265735,0.7361305361305361,0.8102564102564103,0.8885780885780885,0.8694638694638694,0.9058275058275059,0.7324009324009324,0.6923076923076924,0.772027972027972,0.0004662004662004662,0.0,0.0013986013986013988,0.009324009324009324,0.005128205128205128,0.013986013986013986,0.10442890442890443,0.08764568764568764,0.12261072261072262
dense:bge-m3,native_model,tier,5,hard,429,0.5398601398601398,0.495104895104895,0.5836829836829837,0.8871794871794872,0.8582750582750583,0.9142191142191143,0.7175058275058274,0.6885001942501943,0.7456569541569542,0.28997668997669,0.2484848484848485,0.3328671328671329,0.6153846153846154,0.5696969696969697,0.6601398601398603,0.7188811188811188,0.6773892773892775,0.7603729603729604,0.42697469197469196,0.38937022699522705,0.46492539867539867,0.46356738525241736,0.42905284179034353,0.4982619835039223,0.3268065268065268,0.2834498834498835,0.36969696969696975,0.6671328671328671,0.6223776223776224,0.710955710955711,0.6592074592074593,0.6177156177156177,0.7006993006993008,0.6531468531468532,0.6088578088578088,0.696969696969697,0.009324009324009324,0.003631730272433362,0.02372576651855561,0.3715617715617715,0.32960372960372963,0.4144522144522145,0.07925407925407925,0.05726706544492828,0.10870931541385324
dense:bge-m3,native_model,tier,5,random,429,0.7086247086247086,0.6750582750582751,0.7412587412587411,0.9538461538461538,0.9403263403263403,0.9659673659673659,0.8295493395493395,0.80851554001554,0.8493319735819737,0.37715617715617716,0.3356526806526808,0.42004662004662,0.6578088578088579,0.6158508158508158,0.6997668997668998,0.7622377622377622,0.7244755244755245,0.7999999999999999,0.49765290265290263,0.45972563547563544,0.5363611851111851,0.527296143790772,0.4927009639846071,0.562680789127086,0.42237762237762233,0.37995337995337997,0.46526806526806525,0.7002331002331003,0.6601398601398601,0.7403263403263404,0.7188811188811188,0.6857692307692307,0.7510489510489509,0.6615384615384614,0.62004662004662,0.7030303030303031,0.0004662004662004662,0.0,0.0013986013986013988,0.022377622377622378,0.015850815850815853,0.029370629370629373,0.26853146853146853,0.2372960372960373,0.3011655011655011
dense:bge-m3,native_model,tier,10,hard,429,0.4237762237762238,0.3776223776223776,0.4694638694638695,0.6801864801864802,0.6363519813519815,0.7240093240093239,0.5921965071965072,0.5576367336367337,0.6256065277315277,0.2344988344988345,0.1957925407925409,0.27505827505827507,0.47599067599067596,0.42937062937062936,0.524009324009324,0.6307692307692309,0.585081585081585,0.6773892773892775,0.34667277167277166,0.3096103757353757,0.3840063085063085,0.3827609279592978,0.34809287057684374,0.4176156345965069,0.2648018648018648,0.2233100233100233,0.3062937062937063,0.5156177156177156,0.4680652680652681,0.5631701631701631,0.5557109557109557,0.5090792540792543,0.6018648018648018,0.5524475524475524,0.5058275058275058,0.6,0.004662004662004662,0.0012794222258141726,0.016836815627321967,0.3291375291375291,0.28531468531468535,0.3734265734265734,0.24242424242424243,0.20427314046303083,0.28514730322059995
dense:bge-m3,native_model,tier,10,random,429,0.5822843822843823,0.544055944055944,0.6195804195804197,0.8447552447552449,0.8158508158508159,0.8713286713286712,0.7293946793946795,0.7017298072298072,0.75622995985496,0.32074592074592073,0.2811188811188811,0.3617715617715617,0.5757575757575758,0.531923076923077,0.62004662004662,0.6932400932400932,0.6526806526806527,0.7342657342657343,0.43506715506715504,0.3976084702334703,0.47318337218337214,0.46194521275182443,0.4270256217826583,0.49754218575994963,0.3594405594405594,0.317948717948718,0.4013986013986014,0.6219114219114219,0.579020979020979,0.6643356643356644,0.6018648018648018,0.5641025641025641,0.6391608391608391,0.5864801864801864,0.5431235431235432,0.6298484848484848,0.0,0.0,0.008874978915283301,0.035897435897435895,0.026573426573426574,0.04568764568764569,0.38181818181818183,0.34498834498834496,0.419125874125874
dense:bge-m3,native_model,tier,20,hard,429,0.3473193473193473,0.30380019593569085,0.3935485738496288,0.5599067599067599,0.5132867132867133,0.6065268065268065,0.4961205535663739,0.4595667098766904,0.5322661215108159,0.1958041958041958,0.16102344783933376,0.23598440646576868,0.41025641025641024,0.3647074320412226,0.4573983334051104,0.5151515151515151,0.4679349324397133,0.5620991591083084,0.2883126133126133,0.25190346690346693,0.3250282125282125,0.31386783766035026,0.2795609567849249,0.3487608224387587,0.22377622377622378,0.1868881898797086,0.2655672180525108,0.44522144522144524,0.3988850662407425,0.4925301412394868,0.44988344988344986,0.40345978374461394,0.4971966826734681,0.48717948717948717,0.44020506518994423,0.5343814727309606,0.002331002331002331,0.0004115977258030276,0.01308401065840669,0.21212121212121213,0.17607864865266656,0.2532736119349208,0.4382284382284382,0.3920307421854272,0.4855225768880228
dense:bge-m3,native_model,tier,20,random,429,0.4764568764568764,0.43543123543123546,0.517016317016317,0.7025641025641025,0.6634032634032635,0.7403263403263404,0.6214975480360097,0.5882253432109201,0.6534721806133521,0.26759906759906765,0.23029137529137536,0.3062937062937063,0.4983682983682984,0.4536130536130536,0.544055944055944,0.6027972027972028,0.5585081585081586,0.6470862470862472,0.3696114996114996,0.3325340909090909,0.4076056258556259,0.39370584672293985,0.3582220274572602,0.4294174159996965,0.3006993006993007,0.26107226107226106,0.3398601398601399,0.5412587412587412,0.49695804195804205,0.5860139860139859,0.5053613053613054,0.4652680652680653,0.5454545454545454,0.5156177156177156,0.4713286713286713,0.5603846153846153,0.0,0.0,0.008874978915283301,0.046620046620046623,0.03496503496503497,0.059207459207459213,0.47692307692307695,0.4372960372960373,0.5174825174825175
dense:bge-m3,native_model,tier,50,hard,429,0.2913752913752914,0.25037947476977646,0.3360741877613092,0.4592074592074592,0.4126215683033422,0.5065174159904456,0.4148924412406289,0.3775786102164897,0.4525971957203725,0.17249417249417248,0.13968996546024467,0.21111159415559358,0.34032634032634035,0.297083847081787,0.38640303429675354,0.43356643356643354,0.3874663807382864,0.48084567939731077,0.24713342213342215,0.2122908804158804,0.28240137177637176,0.26512348282213755,0.23166214373482272,0.2989407435166253,0.19347319347319347,0.15888055737748563,0.23350666745869036,0.372960372960373,0.328516122749774,0.41965957119373637,0.372960372960373,0.328516122749774,0.41965957119373637,0.41025641025641024,0.3647074320412226,0.4573983334051104,0.0,0.0,0.008874978915283301,0.15151515151515152,0.12068866537884795,0.18852722901665256,0.5571095571095571,0.5098046782937845,0.6034007436949128
dense:bge-m3,native_model,tier,50,random,429,0.34778554778554777,0.3062937062937063,0.3883449883449884,0.5407925407925408,0.49695804195804205,0.5841491841491842,0.48643074277658926,0.4501369889869873,0.5224083197172704,0.2013986013986014,0.16736596736596737,0.23682983682983683,0.4004662004662005,0.35664335664335667,0.44522144522144524,0.49417249417249415,0.4489510489510489,0.5403263403263403,0.29151626151626153,0.2563519582269582,0.32758195970695964,0.31235516383404394,0.27848681432963407,0.3469344270264219,0.22517482517482515,0.1892773892773893,0.26153846153846155,0.43356643356643354,0.3883449883449884,0.47925407925407926,0.3850815850815851,0.3440559440559441,0.4261072261072261,0.43123543123543123,0.3874125874125874,0.4755244755244755,0.0004662004662004662,0.0,0.0013986013986013988,0.07505827505827506,0.058741258741258746,0.09230769230769231,0.5766899766899767,0.5361305361305362,0.6177156177156177
dense:bge-m3,native_model,tier,100,hard,429,0.2634032634032634,0.22395368452166273,0.307052424382306,0.3986013986013986,0.35336775394527187,0.44563486415642906,0.3680995002373576,0.32955347997743006,0.40652286470348703,0.16083916083916083,0.1291085151111866,0.19858989716001957,0.3076923076923077,0.2658853472608117,0.3529127215527589,0.372960372960373,0.328516122749774,0.41965957119373637,0.22423502423502426,0.1898737604987605,0.259231647981648,0.23488738175180288,0.20195249848349253,0.26800877019284763,0.1794871794871795,0.14606709697796386,0.21859635104465366,0.3356643356643357,0.292612224498145,0.38163339794254264,0.32867132867132864,0.28591382560565143,0.37446990842825684,0.3682983682983683,0.3240120572914401,0.41492237771421736,0.0,0.0,0.008874978915283301,0.11655011655011654,0.08953277429846251,0.1503736780631417,0.62004662004662,0.5732430320601472,0.6647193855895634
dense:bge-m3,native_model,tier,100,random,429,0.27552447552447557,0.23543123543123542,0.31516317016317,0.4438228438228439,0.39813519813519815,0.48857808857808865,0.3975138956799303,0.35999684154747,0.43438349848566477,0.1655011655011655,0.1324009324009324,0.19953379953379952,0.33519813519813524,0.2913752913752914,0.3794871794871795,0.4083916083916084,0.3641025641025641,0.4540792540792541,0.23892274392274393,0.20478941891441893,0.2736098438598439,0.25502212852059436,0.22199647982391044,0.288363849368992,0.18554778554778553,0.15104895104895105,0.22097902097902097,0.36177156177156183,0.317016317016317,0.4069930069930069,0.3291375291375292,0.28764568764568765,0.37110722610722596,0.3822843822843823,0.3384615384615384,0.4261072261072261,0.0009324009324009324,0.0,0.002331002331002331,0.09557109557109557,0.07412587412587412,0.11888111888111888,0.6279720279720279,0.586013986013986,0.6694755244755244
dense:bge-m3,native_model,tier,165,hard,429,0.23776223776223776,0.1999169518911677,0.28026223285461027,0.3822843822843823,0.33753766686923287,0.42912054494998314,0.3428289835841217,0.30565957032693986,0.37995597908704914,0.1445221445221445,0.11440215458357111,0.18095185140515008,0.3006993006993007,0.25923208252404617,0.34570409788274514,0.358974358974359,0.3150175124980972,0.40543440463185465,0.20783105783105785,0.17510457135457141,0.24169388481888482,0.22119855812304803,0.18889712057842137,0.25352450718251096,0.16317016317016317,0.13121991408930228,0.20109912765083032,0.32400932400932403,0.28145432374835505,0.36968815134770056,0.29836829836829837,0.25701694047141865,0.3432986104664463,0.3613053613053613,0.3172644390216624,0.4078081075772158,0.0,0.0,0.008874978915283301,0.1048951048951049,0.07932268282212253,0.13748062219484958,0.6573426573426573,0.611213936318992,0.7006785528335412
dense:bge-m3,native_model,tier,165,random,429,0.23776223776223776,0.1999169518911677,0.28026223285461027,0.3822843822843823,0.33753766686923287,0.42912054494998314,0.3428289835841217,0.30565957032693986,0.37995597908704914,0.1445221445221445,0.11440215458357111,0.18095185140515008,0.3006993006993007,0.25923208252404617,0.34570409788274514,0.358974358974359,0.3150175124980972,0.40543440463185465,0.20783105783105785,0.17510457135457141,0.24169388481888482,0.22119855812304803,0.18889712057842137,0.25352450718251096,0.16317016317016317,0.13121991408930228,0.20109912765083032,0.32400932400932403,0.28145432374835505,0.36968815134770056,0.29836829836829837,0.25701694047141865,0.3432986104664463,0.3613053613053613,0.3172644390216624,0.4078081075772158,0.0,0.0,0.008874978915283301,0.1048951048951049,0.07932268282212253,0.13748062219484958,0.6573426573426573,0.611213936318992,0.7006785528335412
dense:bge-m3,native_model,vehicle,0,,429,0.9906759906759907,0.9762742334814445,0.9963682697275666,1.0,0.9911250210847168,1.0,0.9953379953379954,0.9906759906759907,0.9988344988344988,0.48951048951048953,0.44251030516258205,0.5366968622272492,0.7645687645687645,0.7221827478234447,0.8022586968997037,0.8717948717948718,0.8368276842279504,0.9001627160658133,0.6163234913234912,0.5783262802012802,0.6548264698264697,0.6452265500648481,0.6116778675346777,0.6789860091727328,0.5571095571095571,0.5098046782937845,0.6034007436949128,0.8111888111888111,0.7714549627241257,0.8453990713775511,0.9906759906759907,0.9762742334814445,0.9963682697275666,0.7645687645687645,0.7221827478234447,0.8022586968997037,0.009324009324009324,0.003631730272433362,0.02372576651855561,0.0,0.0,0.008874978915283301,0.0,0.0,0.008874978915283301
dense:bge-m3,native_plain,global,0,,429,0.16083916083916083,0.1291085151111866,0.19858989716001957,0.2867132867132867,0.24596122296347245,0.33125118062976033,0.2624328663475267,0.2303216976521963,0.2962141733049239,0.11888111888111888,0.09158650379444534,0.15294057803608527,0.2494172494172494,0.21081941463386683,0.29246291745654324,0.337995337995338,0.29484743754889503,0.384018814360719,0.17681115181115178,0.14609991859991858,0.20791805416805414,0.19288956263901974,0.16298432586469377,0.2231000652108977,0.11888111888111888,0.09158650379444534,0.15294057803608527,0.25874125874125875,0.21956954261721856,0.30219530734889727,0.21678321678321677,0.18039708020107614,0.25819643932436404,0.3076923076923077,0.2658853472608117,0.3529127215527589,0.002331002331002331,0.0004115977258030276,0.01308401065840669,0.09324009324009325,0.06922075889593421,0.12447939877640582,0.7435897435897436,0.7002355006645868,0.7826202788382239
dense:bge-m3,native_plain,manual,0,,429,1.0,0.9911250210847168,1.0,1.0,0.9911250210847168,1.0,1.0,0.9911250210847168,1.0,0.5291375291375291,0.48185471933263263,0.5759031490289476,0.8484848484848485,0.8114727709833476,0.8793113346211521,0.9114219114219114,0.8807552340647755,0.9347858672007374,0.6645974395974394,0.6278940735190734,0.7006539062789062,0.6940550826732758,0.662325513277871,0.72520429901694,0.6013986013986014,0.5543651358435709,0.6466322460547281,0.8811188811188811,0.8470594219639148,0.9084134962055547,1.0,0.9911250210847168,1.0,0.8484848484848485,0.8114727709833476,0.8793113346211521,0.0,0.0,0.008874978915283301,0.0,0.0,0.008874978915283301,0.0,0.0,0.008874978915283301
dense:bge-m3,native_plain,tier,1,hard,429,1.0,0.9911250210847168,1.0,1.0,0.9911250210847168,1.0,1.0,0.9911250210847168,1.0,0.5291375291375291,0.48185471933263263,0.5759031490289476,0.8484848484848485,0.8114727709833476,0.8793113346211521,0.9114219114219114,0.8807552340647755,0.9347858672007374,0.6645974395974394,0.6278940735190734,0.7006539062789062,0.6940550826732758,0.662325513277871,0.72520429901694,0.6013986013986014,0.5543651358435709,0.6466322460547281,0.8811188811188811,0.8470594219639148,0.9084134962055547,1.0,0.9911250210847168,1.0,0.8484848484848485,0.8114727709833476,0.8793113346211521,0.0,0.0,0.008874978915283301,0.0,0.0,0.008874978915283301,0.0,0.0,0.008874978915283301
dense:bge-m3,native_plain,tier,1,random,429,1.0,0.9911250210847168,1.0,1.0,0.9911250210847168,1.0,1.0,0.9911250210847168,1.0,0.5291375291375291,0.48185471933263263,0.5759031490289476,0.8484848484848485,0.8114727709833476,0.8793113346211521,0.9114219114219114,0.8807552340647755,0.9347858672007374,0.6645974395974394,0.6278940735190734,0.7006539062789062,0.6940550826732758,0.662325513277871,0.72520429901694,0.6013986013986014,0.5543651358435709,0.6466322460547281,0.8811188811188811,0.8470594219639148,0.9084134962055547,1.0,0.9911250210847168,1.0,0.8484848484848485,0.8114727709833476,0.8793113346211521,0.0,0.0,0.008874978915283301,0.0,0.0,0.008874978915283301,0.0,0.0,0.008874978915283301
dense:bge-m3,native_plain,tier,2,hard,429,0.7804195804195805,0.7491724941724942,0.8111888111888111,1.0,0.9911250210847168,1.0,0.8902097902097902,0.874586247086247,0.9055944055944056,0.43356643356643354,0.39020979020979024,0.4773892773892774,0.7664335664335664,0.726806526806527,0.8041958041958042,0.8582750582750582,0.8260955710955712,0.8895104895104896,0.5765739815739815,0.5395937765937765,0.6133491785991786,0.6113847699965581,0.5785069153727864,0.6438814618050486,0.47785547785547783,0.4344988344988344,0.5207459207459207,0.8191142191142191,0.7836829836829836,0.8536130536130536,0.8298368298368298,0.8004662004662004,0.8582750582750582,0.7748251748251748,0.7365967365967366,0.812121212121212,0.004195804195804196,0.0009324009324009324,0.008857808857808857,0.2013986013986014,0.17249417249417248,0.23170163170163172,0.013986013986013986,0.006425260419529346,0.030173495309312466
dense:bge-m3,native_plain,tier,2,random,429,0.8522144522144522,0.8298368298368298,0.8731934731934733,1.0,0.9911250210847168,1.0,0.9261072261072263,0.914918414918415,0.9365967365967366,0.4717948717948718,0.42797202797202794,0.5160839160839161,0.7864801864801865,0.7496503496503497,0.8214452214452215,0.8708624708624709,0.8405594405594407,0.8993123543123542,0.6052813852813852,0.5691751535501536,0.6415070346320345,0.6359660263415046,0.6036725733337308,0.6678379443723397,0.531934731934732,0.48857808857808854,0.5748251748251747,0.8237762237762237,0.7906759906759907,0.8564102564102565,0.8550116550116549,0.8326340326340326,0.875990675990676,0.7874125874125875,0.7505827505827506,0.8228438228438228,0.0004662004662004662,0.0,0.0013986013986013988,0.011655011655011656,0.007459207459207459,0.01631701631701632,0.13566433566433567,0.11515151515151514,0.15757575757575756
dense:bge-m3,native_plain,tier,5,hard,429,0.5044289044289044,0.45874125874125876,0.5491841491841493,0.8629370629370631,0.8312354312354313,0.8923076923076924,0.6955477855477855,0.6663628593628593,0.7240104895104895,0.3044289044289044,0.2629370629370629,0.3468531468531469,0.6331002331002331,0.5878787878787879,0.6769230769230768,0.7599067599067599,0.7198135198135197,0.799067599067599,0.44202538202538205,0.4048168451918452,0.47989119214119214,0.48277957815207295,0.44887325955535584,0.516672516306096,0.32261072261072254,0.27972027972027974,0.365034965034965,0.6941724941724942,0.6512820512820514,0.7361305361305361,0.6349650349650349,0.5920745920745921,0.6778554778554777,0.682983682983683,0.6391608391608391,0.7249417249417249,0.006993006993006993,0.0023810456854944425,0.020355821636568114,0.3883449883449883,0.34498834498834496,0.4321678321678321,0.10023310023310024,0.07526803680326964,0.13229400927584967
dense:bge-m3,native_plain,tier,5,random,429,0.6517482517482518,0.6167832167832168,0.6862470862470862,0.9365967365967366,0.9193473193473194,0.951981351981352,0.7925563325563325,0.7700304972804973,0.8145611888111889,0.3855477855477855,0.34451048951048957,0.42797202797202794,0.6764568764568766,0.635897435897436,0.7174825174825173,0.7780885780885781,0.7421911421911421,0.813986013986014,0.5097088097088097,0.4730827228327229,0.5476283068783069,0.5396869667879878,0.5054129030098525,0.5738024962499982,0.43123543123543123,0.39020979020979024,0.47226107226107217,0.7198135198135198,0.6815734265734267,0.7580419580419582,0.6652680652680654,0.6303030303030303,0.6997668997668998,0.6815850815850816,0.6414918414918415,0.7221445221445222,0.0004662004662004662,0.0,0.0013986013986013988,0.02657342657342657,0.019580419580419582,0.034032634032634033,0.3212121212121212,0.2867132867132867,0.35617715617715623
dense:bge-m3,native_plain,tier,10,hard,429,0.3557109557109557,0.3095571095571096,0.40047785547785536,0.6377622377622378,0.5925407925407925,0.6825291375291374,0.5394590594590595,0.5053852767602767,0.57333392995893,0.23916083916083913,0.1986013986013986,0.2801864801864802,0.4843822843822844,0.4372960372960373,0.5328671328671328,0.6153846153846154,0.5685169824715341,0.6602041762403237,0.343962888962889,0.30671065046065044,0.38206850094350087,0.3756741429807527,0.34032982412378415,0.4104726536929626,0.24848484848484848,0.2079254079254079,0.28951048951048947,0.5216783216783217,0.47412587412587415,0.5687645687645687,0.4801864801864802,0.43263403263403266,0.5268065268065268,0.5655011655011656,0.5193473193473194,0.6125990675990673,0.002331002331002331,0.0004115977258030276,0.01308401065840669,0.3342657342657343,0.29044289044289046,0.37902097902097903,0.3076923076923077,0.2658853472608117,0.3529127215527589
dense:bge-m3,native_plain,tier,10,random,429,0.5151515151515151,0.47597902097902106,0.5552447552447553,0.799067599067599,0.7673659673659673,0.8293706293706292,0.6772912272912275,0.6483237364487364,0.7061791310541312,0.31934731934731936,0.2801864801864802,0.3594522144522143,0.5981351981351982,0.5561771561771561,0.6405594405594406,0.7016317016317016,0.6615384615384615,0.7421911421911421,0.4346281496281496,0.39781899119399117,0.4725074508824509,0.4638908595621273,0.42965327928311353,0.4993642444900001,0.35151515151515156,0.31188811188811194,0.3911421911421912,0.6447552447552448,0.6041958041958042,0.6857808857808856,0.5370629370629371,0.49790209790209783,0.5762237762237762,0.6074592074592076,0.565967365967366,0.6494172494172494,0.0004662004662004662,0.0,0.0013986013986013988,0.03776223776223777,0.028438228438228436,0.048484848484848485,0.4466200466200466,0.4074592074592075,0.48578088578088574
dense:bge-m3,native_plain,tier,20,hard,429,0.27505827505827507,0.23493970141035928,0.3191695548382415,0.47785547785547783,0.43099426631567495,0.5251097537295242,0.42776778820436395,0.39284767375956436,0.4634961722156901,0.17715617715617715,0.1439391173214467,0.21610370123224437,0.3939393939393939,0.3488394217607179,0.4409219374031301,0.5151515151515151,0.4679349324397133,0.5620991591083084,0.2682127132127132,0.2334029257779258,0.3033538406038406,0.2968397349659495,0.263661592772221,0.33063609551961776,0.18414918414918416,0.1503296942794218,0.22357501268104854,0.4172494172494173,0.3715240458505137,0.46444360800259865,0.3706293706293706,0.326263527644609,0.4172915368299749,0.4755244755244755,0.4286941093181368,0.522789281258136,0.002331002331002331,0.0004115977258030276,0.01308401065840669,0.20046620046620048,0.16531524471865544,0.24093386852429988,0.5221445221445221,0.4748902462704758,0.569005733684325
dense:bge-m3,native_plain,tier,20,random,429,0.40093240093240096,0.36223776223776216,0.44009324009324013,0.6372960372960372,0.5972027972027973,0.6764568764568766,0.558089198725768,0.5255246185191167,0.5908359910910045,0.2540792540792541,0.21771561771561773,0.29137529137529133,0.5002331002331003,0.45641025641025645,0.5445337995337993,0.6065268065268067,0.5645687645687646,0.6494172494172494,0.35663114663114664,0.3210920329670329,0.39288085988085986,0.38382890748064263,0.34988491580909475,0.4188738678247809,0.27692307692307694,0.23962703962703966,0.3151515151515151,0.544055944055944,0.5006876456876458,0.5878787878787879,0.4298368298368298,0.39067599067599074,0.4694638694638695,0.5212121212121212,0.4773892773892774,0.5650349650349651,0.0,0.0,0.008874978915283301,0.04289044289044289,0.031701631701631705,0.05501165501165502,0.5561771561771561,0.5165501165501166,0.5948717948717949
dense:bge-m3,native_plain,tier,50,hard,429,0.2097902097902098,0.17392218846745588,0.2508094426512051,0.3543123543123543,0.31052710752019247,0.4006835506719065,0.3335693547344943,0.2995478856050713,0.36948644497787764,0.14219114219114218,0.11231233438820752,0.17842104213158727,0.30303030303030304,0.2614485366470758,0.348108273228642,0.40093240093240096,0.3556335417055815,0.44798970586504594,0.21170681170681172,0.1789439495689496,0.24513246013246015,0.23078350051851004,0.19904808256393955,0.2627469174942262,0.15384615384615385,0.12278967351834266,0.19104685034608423,0.32167832167832167,0.2792264219690699,0.36729542365805923,0.2867132867132867,0.24596122296347245,0.33125118062976033,0.36363636363636365,0.31951250844416246,0.41018066762364214,0.002331002331002331,0.0004115977258030276,0.01308401065840669,0.1258741258741259,0.09776938035252583,0.16061958988478406,0.662004662004662,0.6159811856392811,0.7051525624511051
dense:bge-m3,native_plain,tier,50,random,429,0.2634032634032634,0.22657342657342655,0.3011655011655011,0.46293706293706294,0.41863636363636375,0.5067599067599068,0.40977880778647147,0.3757409687247061,0.444487634692793,0.17622377622377622,0.1431235431235431,0.2093356643356642,0.38135198135198134,0.33752913752913755,0.4256410256410257,0.4722610722610722,0.427039627039627,0.5179603729603728,0.26369482369482367,0.2298799996299996,0.29804097291597287,0.2859544286816244,0.25356190668114675,0.3196897328539651,0.1850815850815851,0.15151515151515152,0.2191142191142191,0.41025641025641024,0.36643356643356645,0.45594405594405585,0.3011655011655012,0.2634032634032634,0.34079254079254084,0.4116550116550117,0.3678321678321679,0.4554778554778554,0.0,0.0,0.008874978915283301,0.06993006993006994,0.053613053613053616,0.08717948717948719,0.6666666666666666,0.627039627039627,0.7044289044289045
dense:bge-m3,native_plain,tier,100,hard,429,0.16083916083916083,0.1291085151111866,0.19858989716001957,0.29603729603729606,0.25480311919230547,0.34089180227663307,0.2716380760280579,0.2394872218745864,0.3051692933985953,0.11888111888111888,0.09158650379444534,0.15294057803608527,0.25874125874125875,0.21956954261721856,0.30219530734889727,0.34965034965034963,0.3060413334177546,0.3959280658364915,0.18259703259703258,0.15161112036112037,0.21402699152699148,0.19926992876592803,0.16931674024293228,0.22983476191793598,0.11888111888111888,0.09158650379444534,0.15294057803608527,0.2727272727272727,0.2327396130641085,0.31674901371556574,0.2191142191142191,0.182559008912548,0.2606551400818186,0.317016317016317,0.27477435145002854,0.3625062352392477,0.002331002331002331,0.0004115977258030276,0.01308401065840669,0.0979020979020979,0.0732475094683459,0.12969390714184698,0.7389277389277389,0.6953753886092211,0.7782391319557367
dense:bge-m3,native_plain,tier,100,random,429,0.19254079254079254,0.1585081585081585,0.2275058275058275,0.3571095571095571,0.31328671328671337,0.4013986013986014,0.316507225794241,0.28394675368101197,0.3506011253231445,0.13566433566433567,0.10536130536130536,0.16643356643356644,0.30442890442890447,0.26247086247086243,0.34638694638694645,0.38554778554778557,0.3412587412587413,0.43124708624708613,0.20733359233359233,0.17544406056906056,0.23948476523476522,0.2262497832352848,0.19509924606144893,0.2576943943511774,0.14125874125874127,0.11048951048951049,0.17202797202797201,0.3244755244755245,0.28203962703962715,0.3668997668997669,0.2475524475524475,0.21118881118881117,0.2857808857808858,0.3477855477855478,0.3048951048951049,0.3906759906759907,0.0013986013986013986,0.0,0.004195804195804196,0.08857808857808858,0.0675990675990676,0.11188811188811189,0.7174825174825173,0.6783216783216783,0.7547785547785548
dense:bge-m3,native_plain,tier,165,hard,429,0.16083916083916083,0.1291085151111866,0.19858989716001957,0.2867132867132867,0.24596122296347245,0.33125118062976033,0.2624328663475267,0.2303216976521963,0.2962141733049239,0.11888111888111888,0.09158650379444534,0.15294057803608527,0.2494172494172494,0.21081941463386683,0.29246291745654324,0.337995337995338,0.29484743754889503,0.384018814360719,0.17681115181115178,0.14609991859991858,0.20791805416805414,0.19288956263901974,0.16298432586469377,0.2231000652108977,0.11888111888111888,0.09158650379444534,0.15294057803608527,0.25874125874125875,0.21956954261721856,0.30219530734889727,0.21678321678321677,0.18039708020107614,0.25819643932436404,0.3076923076923077,0.2658853472608117,0.3529127215527589,0.002331002331002331,0.0004115977258030276,0.01308401065840669,0.09324009324009325,0.06922075889593421,0.12447939877640582,0.7435897435897436,0.7002355006645868,0.7826202788382239
dense:bge-m3,native_plain,tier,165,random,429,0.16083916083916083,0.1291085151111866,0.19858989716001957,0.2867132867132867,0.24596122296347245,0.33125118062976033,0.2624328663475267,0.2303216976521963,0.2962141733049239,0.11888111888111888,0.09158650379444534,0.15294057803608527,0.2494172494172494,0.21081941463386683,0.29246291745654324,0.337995337995338,0.29484743754889503,0.384018814360719,0.17681115181115178,0.14609991859991858,0.20791805416805414,0.19288956263901974,0.16298432586469377,0.2231000652108977,0.11888111888111888,0.09158650379444534,0.15294057803608527,0.25874125874125875,0.21956954261721856,0.30219530734889727,0.21678321678321677,0.18039708020107614,0.25819643932436404,0.3076923076923077,0.2658853472608117,0.3529127215527589,0.002331002331002331,0.0004115977258030276,0.01308401065840669,0.09324009324009325,0.06922075889593421,0.12447939877640582,0.7435897435897436,0.7002355006645868,0.7826202788382239
dense:bge-m3,native_plain,vehicle,0,,429,0.9906759906759907,0.9762742334814445,0.9963682697275666,1.0,0.9911250210847168,1.0,0.9953379953379954,0.9906759906759907,0.9988344988344988,0.5221445221445221,0.4748902462704758,0.569005733684325,0.8461538461538461,0.8089531496539157,0.8772103264816573,0.9090909090909091,0.8781353183380667,0.9327851534585196,0.6593526843526843,0.6225872275872276,0.6953810310060309,0.6890633400535348,0.6573441785476913,0.7203019812391451,0.5944055944055944,0.5473038384459425,0.6398316550455774,0.8787878787878788,0.844496195585678,0.9063560931148651,0.9906759906759907,0.9762742334814445,0.9963682697275666,0.8461538461538461,0.8089531496539157,0.8772103264816573,0.009324009324009324,0.003631730272433362,0.02372576651855561,0.0,0.0,0.008874978915283301,0.0,0.0,0.008874978915283301
hnsw(dense:bge-m3),native_brand,global,0,,429,0.2331002331002331,0.19556730658195032,0.2753706192259748,0.40792540792540793,0.3624373544603941,0.4550477815170125,0.362172950121692,0.3266470091264806,0.39762608437003316,0.1282051282051282,0.09983728393418664,0.16317231577204963,0.2867132867132867,0.24596122296347245,0.33125118062976033,0.372960372960373,0.328516122749774,0.41965957119373637,0.1950836200836201,0.16318716006216005,0.22723894161394156,0.2099557255433169,0.17895577006036342,0.24065287707694202,0.13986013986013987,0.11022545070455433,0.1758872963463141,0.31934731934731936,0.27699976216776945,0.3649014539904333,0.32167832167832167,0.2792264219690699,0.36729542365805923,0.34032634032634035,0.297083847081787,0.38640303429675354,0.004662004662004662,0.0012794222258141726,0.016836815627321967,0.2913752913752914,0.25037947476977646,0.3360741877613092,0.47086247086247085,0.42409685097105243,0.5181452806673674
hnsw(dense:bge-m3),native_brand,manual,0,,429,0.9906759906759907,0.9762742334814445,0.9963682697275666,0.9906759906759907,0.9762742334814445,0.9963682697275666,0.9906759906759907,0.9762742334814445,0.9963682697275666,0.4522144522144522,0.4057486882797991,0.49952840760720946,0.7505827505827506,0.7075370825434568,0.7891805853661331,0.8321678321678322,0.7938898288413042,0.8645498704807105,0.5712555962555963,0.5328158184408185,0.6103324915824916,0.5988876712229665,0.5647941941022441,0.6340877438691348,0.5198135198135199,0.4725707914471039,0.5667045590387708,0.8135198135198135,0.7739389109102524,0.8475357526603509,0.9906759906759907,0.9762742334814445,0.9963682697275666,0.7505827505827506,0.7075370825434568,0.7891805853661331,0.0,0.0,0.008874978915283301,0.0,0.0,0.008874978915283301,0.0,0.0,0.008874978915283301
hnsw(dense:bge-m3),native_brand,tier,1,hard,429,0.9906759906759907,0.9762742334814445,0.9963682697275666,0.9906759906759907,0.9762742334814445,0.9963682697275666,0.9906759906759907,0.9762742334814445,0.9963682697275666,0.4522144522144522,0.4057486882797991,0.49952840760720946,0.7505827505827506,0.7075370825434568,0.7891805853661331,0.8321678321678322,0.7938898288413042,0.8645498704807105,0.5712555962555963,0.5328158184408185,0.6103324915824916,0.5988876712229665,0.5647941941022441,0.6340877438691348,0.5198135198135199,0.4725707914471039,0.5667045590387708,0.8135198135198135,0.7739389109102524,0.8475357526603509,0.9906759906759907,0.9762742334814445,0.9963682697275666,0.7505827505827506,0.7075370825434568,0.7891805853661331,0.0,0.0,0.008874978915283301,0.0,0.0,0.008874978915283301,0.0,0.0,0.008874978915283301
hnsw(dense:bge-m3),native_brand,tier,1,random,429,0.9906759906759907,0.9762742334814445,0.9963682697275666,0.9906759906759907,0.9762742334814445,0.9963682697275666,0.9906759906759907,0.9762742334814445,0.9963682697275666,0.4522144522144522,0.4057486882797991,0.49952840760720946,0.7505827505827506,0.7075370825434568,0.7891805853661331,0.8321678321678322,0.7938898288413042,0.8645498704807105,0.5712555962555963,0.5328158184408185,0.6103324915824916,0.5988876712229665,0.5647941941022441,0.6340877438691348,0.5198135198135199,0.4725707914471039,0.5667045590387708,0.8135198135198135,0.7739389109102524,0.8475357526603509,0.9906759906759907,0.9762742334814445,0.9963682697275666,0.7505827505827506,0.7075370825434568,0.7891805853661331,0.0,0.0,0.008874978915283301,0.0,0.0,0.008874978915283301,0.0,0.0,0.008874978915283301
hnsw(dense:bge-m3),native_brand,tier,2,hard,429,0.7165501165501165,0.6825174825174827,0.7496503496503497,0.9906759906759907,0.9762742334814445,0.9963682697275666,0.8536130536130536,0.8349650349650349,0.8717948717948718,0.3454545454545454,0.303962703962704,0.3874125874125874,0.6638694638694638,0.6214452214452215,0.7058275058275059,0.7776223776223776,0.7393939393939395,0.814918414918415,0.47621748621748616,0.4390529748029748,0.5135269314019314,0.5140740875324689,0.48079061560566705,0.5480840394086681,0.3878787878787879,0.34592074592074595,0.42984848484848476,0.7258741258741258,0.6867132867132868,0.7659673659673659,0.7785547785547785,0.746853146853147,0.8093240093240093,0.6717948717948717,0.6293706293706294,0.7137529137529138,0.006060606060606061,0.0018648018648018648,0.01118881118881119,0.26993006993006996,0.23776223776223776,0.3025641025641026,0.002331002331002331,0.0004115977258030276,0.01308401065840669
hnsw(dense:bge-m3),native_brand,tier,2,random,429,0.9002331002331003,0.8806526806526805,0.9188811188811189,0.9906759906759907,0.9762742334814445,0.9963682697275666,0.9454545454545455,0.9324009324009324,0.9568764568764568,0.4163170163170163,0.3724941724941725,0.4610722610722611,0.7193473193473192,0.6792540792540792,0.7599067599067599,0.8065268065268065,0.7696969696969697,0.841958041958042,0.538969548969549,0.5009388944388945,0.5772318006068007,0.568520557229847,0.53450625505511,0.6031944652540089,0.4755244755244755,0.43123543123543123,0.5202797202797202,0.7790209790209791,0.7417249417249417,0.8153846153846154,0.903030303030303,0.8834498834498834,0.9212121212121214,0.7193473193473192,0.6792540792540792,0.7599067599067599,0.0009324009324009324,0.0,0.002331002331002331,0.011655011655011656,0.006993006993006994,0.01631701631701632,0.08438228438228439,0.06713286713286713,0.10256410256410256
hnsw(dense:bge-m3),native_brand,tier,5,hard,429,0.4652680652680653,0.42097902097902096,0.51002331002331,0.8382284382284383,0.8051165501165501,0.8703962703962703,0.6613830613830615,0.6316858974358973,0.6909481351981351,0.24335664335664337,0.2041958041958042,0.28251748251748254,0.5221445221445221,0.4750582750582751,0.5687645687645687,0.6522144522144521,0.6083916083916084,0.6965034965034965,0.3627866577866578,0.32582096144596145,0.3998476245976245,0.39702579880020095,0.362706046092419,0.4314665643042196,0.2703962703962704,0.2303030303030303,0.31048951048951046,0.578088578088578,0.5314685314685315,0.6237762237762237,0.5953379953379954,0.551981351981352,0.6386946386946387,0.5608391608391609,0.5146736596736597,0.6060606060606061,0.009324009324009324,0.003631730272433362,0.02372576651855561,0.46247086247086244,0.4172494172494173,0.5058275058275058,0.06060606060606061,0.04169151365206244,0.08731983145530772
hnsw(dense:bge-m3),native_brand,tier,5,random,429,0.757109557109557,0.7263403263403264,0.7874125874125875,0.9543123543123543,0.9384615384615386,0.9682983682983682,0.8551748251748252,0.8348164335664335,0.874957264957265,0.36037296037296035,0.3184149184149185,0.40233100233100233,0.6456876456876457,0.6032634032634033,0.6885780885780886,0.7505827505827506,0.7118881118881119,0.7883449883449885,0.4787751137751138,0.4409264531764532,0.516588591963592,0.5095652261362036,0.4751910477832386,0.5442326427791089,0.4088578088578088,0.36689976689976683,0.45174825174825173,0.6974358974358974,0.6578088578088579,0.7375291375291376,0.7724941724941724,0.7421911421911421,0.8023310023310024,0.6503496503496503,0.6083799533799535,0.6932400932400932,0.0009324009324009324,0.0,0.002331002331002331,0.0386946386946387,0.030303030303030304,0.04755244755244755,0.2013986013986014,0.172960372960373,0.23076923076923078
hnsw(dense:bge-m3),native_brand,tier,10,hard,429,0.35757575757575755,0.3123543123543124,0.40233100233100233,0.6648018648018648,0.6195804195804197,0.7086247086247086,0.5458822658822658,0.5121494292744293,0.5788648804898806,0.18974358974358976,0.15337995337995336,0.22657342657342658,0.43776223776223777,0.3911421911421912,0.48484848484848486,0.5599067599067599,0.5128205128205128,0.606993006993007,0.2922877122877123,0.25705381192881194,0.3281269147519148,0.3235818100094202,0.29012021429109214,0.3572977067868151,0.21072261072261073,0.17296037296037298,0.24895104895104894,0.4843822843822844,0.4358974358974359,0.5310023310023311,0.5016317016317016,0.4540792540792541,0.5482517482517483,0.49696969696969695,0.4494172494172494,0.544055944055944,0.006993006993006993,0.0023810456854944425,0.020355821636568114,0.4606060606060607,0.41490675990676,0.5081585081585082,0.17249417249417248,0.13968996546024467,0.21111159415559358
hnsw(dense:bge-m3),native_brand,tier,10,random,429,0.6545454545454544,0.6181818181818182,0.6904428904428904,0.86993006993007,0.8424242424242424,0.896037296037296,0.7744433344433345,0.7479497215747216,0.8005778527028528,0.31048951048951046,0.27039627039627034,0.35104895104895106,0.5752913752913753,0.5314685314685315,0.6191142191142192,0.689044289044289,0.6475524475524476,0.7300699300699302,0.42532634032634026,0.38749746549746555,0.4627956256706256,0.45403016410695474,0.41932150234815957,0.4893069450456341,0.35244755244755244,0.3114219114219114,0.39440559440559436,0.627039627039627,0.585081585081585,0.668997668997669,0.6820512820512821,0.6466200466200466,0.7170163170163171,0.585081585081585,0.5412587412587413,0.6284382284382285,0.0009324009324009324,0.0,0.002331002331002331,0.06247086247086247,0.05034965034965035,0.07505827505827506,0.2806526806526807,0.2466200466200466,0.3151515151515152
hnsw(dense:bge-m3),native_brand,tier,20,hard,429,0.3123543123543124,0.2703273064993251,0.35771202125209833,0.5524475524475524,0.5051360722887867,0.5988280907620577,0.47691905545907587,0.4420000894345463,0.5116884092275554,0.1655011655011655,0.13333379938220297,0.20360587182685602,0.36596736596736595,0.32176171606421106,0.4125520894725199,0.4755244755244755,0.4286941093181368,0.522789281258136,0.25053187553187556,0.21578472453472453,0.28558587246087247,0.2731186788639353,0.23999566478660472,0.30628826743819876,0.1888111888111888,0.15460092862244895,0.22854503727587422,0.4172494172494173,0.3715240458505137,0.46444360800259865,0.4428904428904429,0.39659925630508724,0.49019532170621555,0.4405594405594406,0.39431448105468525,0.48785946748769127,0.006993006993006993,0.0023810456854944425,0.020355821636568114,0.40093240093240096,0.3556335417055815,0.44798970586504594,0.27972027972027974,0.23934412616139847,0.32400638902505513
hnsw(dense:bge-m3),native_brand,tier,20,random,429,0.5407925407925408,0.5020979020979021,0.5785547785547785,0.7757575757575758,0.7389277389277389,0.8111888111888111,0.6783843931180419,0.64722839421194,0.708652768488767,0.26573426573426573,0.2275058275058275,0.303962703962704,0.5081585081585082,0.46386946386946387,0.5524475524475524,0.6144522144522145,0.5706293706293707,0.6573426573426573,0.3703285603285603,0.3329034345284345,0.40756017131017136,0.3952986752113367,0.36052068477649074,0.4302847464585765,0.29930069930069925,0.2606060606060606,0.3384615384615384,0.5571095571095571,0.5132867132867133,0.6004662004662005,0.5748251748251749,0.5365967365967366,0.6125874125874126,0.5254079254079254,0.4815850815850816,0.5692307692307692,0.0004662004662004662,0.0,0.0013986013986013988,0.08997668997668998,0.07412587412587412,0.10675990675990675,0.36736596736596744,0.3300582750582752,0.4051282051282051
hnsw(dense:bge-m3),native_brand,tier,50,hard,429,0.26573426573426573,0.22614797943492934,0.3094787589379657,0.47785547785547783,0.43099426631567495,0.5251097537295242,0.4127689834871535,0.3775301466937722,0.4478004620321382,0.1445221445221445,0.11440215458357111,0.18095185140515008,0.32167832167832167,0.2792264219690699,0.36729542365805923,0.4172494172494173,0.3715240458505137,0.46444360800259865,0.21742979242979243,0.18455357142857146,0.25127906815406814,0.23474832981627272,0.20318457594354788,0.26635663345383337,0.16083916083916083,0.1291085151111866,0.19858989716001957,0.358974358974359,0.3150175124980972,0.40543440463185465,0.372960372960373,0.328516122749774,0.41965957119373637,0.37995337995337997,0.33528061441043666,0.42675696793985296,0.006993006993006993,0.0023810456854944425,0.020355821636568114,0.3473193473193473,0.30380019593569085,0.3935485738496288,0.37995337995337997,0.33528061441043666,0.42675696793985296
hnsw(dense:bge-m3),native_brand,tier,50,random,429,0.3850815850815851,0.34592074592074595,0.4251748251748252,0.6312354312354311,0.5892773892773893,0.6731934731934731,0.5352378554951294,0.5014573248756413,0.5693222608242213,0.193006993006993,0.158974358974359,0.22750582750582748,0.41165501165501156,0.3678321678321679,0.45641025641025645,0.5132867132867134,0.46713286713286706,0.5585081585081585,0.28749250749250754,0.2527295297295297,0.3227169265919266,0.3092898692158065,0.27546607960048425,0.3425317370302179,0.21585081585081586,0.18087412587412596,0.2517482517482518,0.4503496503496503,0.40512820512820513,0.4946386946386946,0.44009324009324013,0.39999999999999997,0.48065268065268063,0.4461538461538462,0.4027972027972028,0.48998834498834487,0.0004662004662004662,0.0,0.0013986013986013988,0.1641025641025641,0.13986013986013987,0.1888111888111888,0.4503496503496503,0.4097902097902098,0.49090909090909096
hnsw(dense:bge-m3),native_brand,tier,100,hard,429,0.2400932400932401,0.2020942363932561,0.2827055778214483,0.4289044289044289,0.3829061869968991,0.47616461420084527,0.3749037293461708,0.33964499852165636,0.41029137063983956,0.13053613053613053,0.10190852702840861,0.1657217021467541,0.2913752913752914,0.25037947476977646,0.3360741877613092,0.3822843822843823,0.33753766686923287,0.42912054494998314,0.19884929884929886,0.16671065046065045,0.2314075739075739,0.21460223996691272,0.18348057069442128,0.24512995430539672,0.1445221445221445,0.11440215458357111,0.18095185140515008,0.32167832167832167,0.2792264219690699,0.36729542365805923,0.331002331002331,0.2881454122494534,0.37685895125338137,0.34498834498834496,0.30156023200627147,0.3911679083101217,0.004662004662004662,0.0012794222258141726,0.016836815627321967,0.3006993006993007,0.25923208252404617,0.34570409788274514,0.45454545454545453,0.40803862143315867,0.5018591039227763
hnsw(dense:bge-m3),native_brand,tier,100,random,429,0.29044289044289046,0.2517482517482518,0.32960372960372963,0.5044289044289044,0.4596736596736597,0.5491841491841492,0.4325005049597021,0.39681096871007104,0.4677718047095407,0.15244755244755245,0.12121212121212122,0.18461538461538463,0.3370629370629371,0.29324009324009326,0.3813519813519814,0.4331002331002331,0.38741258741258744,0.47925407925407926,0.2312230362230362,0.19820837033337035,0.26479688829688836,0.24827227628152582,0.21615162533741905,0.28032018186471347,0.1682983682983683,0.13566433566433567,0.20233100233100235,0.37622377622377623,0.33053613053613057,0.4214452214452214,0.36410256410256414,0.32307692307692315,0.40652680652680656,0.38088578088578084,0.3379836829836831,0.4247086247086247,0.0032634032634032634,0.0,0.007459207459207459,0.2391608391608392,0.2055944055944056,0.27273892773892755,0.46713286713286717,0.42517482517482513,0.51002331002331
hnsw(dense:bge-m3),native_brand,tier,165,hard,429,0.2331002331002331,0.19556730658195032,0.2753706192259748,0.40792540792540793,0.3624373544603941,0.4550477815170125,0.362172950121692,0.3266470091264806,0.39762608437003316,0.1282051282051282,0.09983728393418664,0.16317231577204963,0.2867132867132867,0.24596122296347245,0.33125118062976033,0.372960372960373,0.328516122749774,0.41965957119373637,0.1950836200836201,0.16318716006216005,0.22723894161394156,0.2099557255433169,0.17895577006036342,0.24065287707694202,0.13986013986013987,0.11022545070455433,0.1758872963463141,0.31934731934731936,0.27699976216776945,0.3649014539904333,0.32167832167832167,0.2792264219690699,0.36729542365805923,0.34032634032634035,0.297083847081787,0.38640303429675354,0.004662004662004662,0.0012794222258141726,0.016836815627321967,0.2913752913752914,0.25037947476977646,0.3360741877613092,0.47086247086247085,0.42409685097105243,0.5181452806673674
hnsw(dense:bge-m3),native_brand,tier,165,random,429,0.2331002331002331,0.19556730658195032,0.2753706192259748,0.40792540792540793,0.3624373544603941,0.4550477815170125,0.362172950121692,0.3266470091264806,0.39762608437003316,0.1282051282051282,0.09983728393418664,0.16317231577204963,0.2867132867132867,0.24596122296347245,0.33125118062976033,0.372960372960373,0.328516122749774,0.41965957119373637,0.1950836200836201,0.16318716006216005,0.22723894161394156,0.2099557255433169,0.17895577006036342,0.24065287707694202,0.13986013986013987,0.11022545070455433,0.1758872963463141,0.31934731934731936,0.27699976216776945,0.3649014539904333,0.32167832167832167,0.2792264219690699,0.36729542365805923,0.34032634032634035,0.297083847081787,0.38640303429675354,0.004662004662004662,0.0012794222258141726,0.016836815627321967,0.2913752913752914,0.25037947476977646,0.3360741877613092,0.47086247086247085,0.42409685097105243,0.5181452806673674
hnsw(dense:bge-m3),native_brand,vehicle,0,,429,0.9766899766899767,0.9576285920668486,0.987290134328604,0.9906759906759907,0.9762742334814445,0.9963682697275666,0.9836829836829837,0.972027972027972,0.993006993006993,0.44755244755244755,0.4011719092379423,0.49486392771121335,0.7505827505827506,0.7075370825434568,0.7891805853661331,0.8275058275058275,0.7888884058444064,0.8603100345397553,0.5677720427720427,0.5292842805342804,0.6066718235468236,0.5946593717380896,0.5600625486019598,0.6295823868276843,0.5128205128205128,0.4656185272690394,0.5597949348100557,0.8111888111888111,0.7714549627241257,0.8453990713775511,0.9766899766899767,0.9576285920668486,0.987290134328604,0.7505827505827506,0.7075370825434568,0.7891805853661331,0.013986013986013986,0.006425260419529346,0.030173495309312466,0.0,0.0,0.008874978915283301,0.0,0.0,0.008874978915283301
hnsw(dense:bge-m3),native_full,global,0,,429,0.2564102564102564,0.21737972116177612,0.2997644993354132,0.41025641025641024,0.3647074320412226,0.4573983334051104,0.37327717503587604,0.33508315967738095,0.41112276285230936,0.14918414918414918,0.11859037476737491,0.18600489015919916,0.28438228438228436,0.24375414326145808,0.32883763086284834,0.38694638694638694,0.3420550813163108,0.433844389440758,0.21119806119806117,0.17775916213416215,0.24483118733118736,0.22792631926454615,0.19533643090616679,0.26061564452532526,0.1655011655011655,0.13333379938220297,0.20360587182685602,0.317016317016317,0.27477435145002854,0.3625062352392477,0.317016317016317,0.27477435145002854,0.3625062352392477,0.34498834498834496,0.30156023200627147,0.3911679083101217,0.002331002331002331,0.0004115977258030276,0.01308401065840669,0.17715617715617715,0.1439391173214467,0.21610370123224437,0.5641025641025641,0.5168153518614366,0.6102519585340399
hnsw(dense:bge-m3),native_full,manual,0,,429,0.9906759906759907,0.9762742334814445,0.9963682697275666,0.9906759906759907,0.9762742334814445,0.9963682697275666,0.9906759906759907,0.9762742334814445,0.9963682697275666,0.46853146853146854,0.4217997511405959,0.5158217510288975,0.7412587412587412,0.6978046926511028,0.7804304573827816,0.8461538461538461,0.8089531496539157,0.8772103264816573,0.5900081400081402,0.5513603757353757,0.6293905168905168,0.6156882426640289,0.5812921536585206,0.650780893850209,0.5291375291375291,0.48185471933263263,0.5759031490289476,0.8088578088578089,0.7689731129144433,0.8432602917183072,0.9906759906759907,0.9762742334814445,0.9963682697275666,0.7412587412587412,0.6978046926511028,0.7804304573827816,0.0,0.0,0.008874978915283301,0.0,0.0,0.008874978915283301,0.0,0.0,0.008874978915283301
hnsw(dense:bge-m3),native_full,tier,1,hard,429,0.9906759906759907,0.9762742334814445,0.9963682697275666,0.9906759906759907,0.9762742334814445,0.9963682697275666,0.9906759906759907,0.9762742334814445,0.9963682697275666,0.46853146853146854,0.4217997511405959,0.5158217510288975,0.7412587412587412,0.6978046926511028,0.7804304573827816,0.8461538461538461,0.8089531496539157,0.8772103264816573,0.5900081400081402,0.5513603757353757,0.6293905168905168,0.6156882426640289,0.5812921536585206,0.650780893850209,0.5291375291375291,0.48185471933263263,0.5759031490289476,0.8088578088578089,0.7689731129144433,0.8432602917183072,0.9906759906759907,0.9762742334814445,0.9963682697275666,0.7412587412587412,0.6978046926511028,0.7804304573827816,0.0,0.0,0.008874978915283301,0.0,0.0,0.008874978915283301,0.0,0.0,0.008874978915283301
hnsw(dense:bge-m3),native_full,tier,1,random,429,0.9906759906759907,0.9762742334814445,0.9963682697275666,0.9906759906759907,0.9762742334814445,0.9963682697275666,0.9906759906759907,0.9762742334814445,0.9963682697275666,0.46853146853146854,0.4217997511405959,0.5158217510288975,0.7412587412587412,0.6978046926511028,0.7804304573827816,0.8461538461538461,0.8089531496539157,0.8772103264816573,0.5900081400081402,0.5513603757353757,0.6293905168905168,0.6156882426640289,0.5812921536585206,0.650780893850209,0.5291375291375291,0.48185471933263263,0.5759031490289476,0.8088578088578089,0.7689731129144433,0.8432602917183072,0.9906759906759907,0.9762742334814445,0.9963682697275666,0.7412587412587412,0.6978046926511028,0.7804304573827816,0.0,0.0,0.008874978915283301,0.0,0.0,0.008874978915283301,0.0,0.0,0.008874978915283301
hnsw(dense:bge-m3),native_full,tier,2,hard,429,0.751048951048951,0.717948717948718,0.7827505827505826,0.9906759906759907,0.9762742334814445,0.9963682697275666,0.8708624708624709,0.8524475524475524,0.8881118881118881,0.3696969696969697,0.32634032634032634,0.41305361305361304,0.689044289044289,0.6475524475524475,0.7300699300699302,0.7948717948717948,0.7575757575757576,0.8312354312354313,0.5046040996040996,0.467121336996337,0.5424097384097385,0.5396132250192295,0.5053788019548158,0.574101231106885,0.42051282051282046,0.37715617715617716,0.4648018648018648,0.7487179487179487,0.7095571095571096,0.7874125874125875,0.8093240093240093,0.779020979020979,0.8386946386946387,0.6979020979020979,0.6564102564102564,0.7389277389277389,0.006060606060606061,0.0018648018648018648,0.01118881118881119,0.2331002331002331,0.20233100233100235,0.2648018648018648,0.006993006993006993,0.0023810456854944425,0.020355821636568114
hnsw(dense:bge-m3),native_full,tier,2,random,429,0.8904428904428905,0.8699300699300699,0.9095571095571097,0.9906759906759907,0.9762742334814445,0.9963682697275666,0.9405594405594405,0.9275058275058274,0.9524475524475525,0.43356643356643354,0.38879953379953386,0.4787878787878788,0.7193473193473194,0.6783216783216783,0.7603729603729604,0.8242424242424243,0.7897319347319347,0.8573426573426574,0.5547343397343397,0.516532486032486,0.5934511507011507,0.5842833062023326,0.5501415030943825,0.6192480820525318,0.4923076923076923,0.4470862470862471,0.5375291375291376,0.7808857808857809,0.7435897435897436,0.8177156177156177,0.8937062937062936,0.8736596736596736,0.9128205128205129,0.7193473193473194,0.6783216783216783,0.7603729603729604,0.0013986013986013988,0.0,0.003263403263403264,0.009324009324009324,0.005128205128205128,0.013531468531468362,0.09696969696969696,0.07925407925407925,0.11608391608391609
hnsw(dense:bge-m3),native_full,tier,5,hard,429,0.5146853146853146,0.4694638694638695,0.558974358974359,0.8671328671328671,0.8368298368298368,0.8960489510489509,0.6936907536907537,0.6638925796425797,0.7232016317016318,0.2643356643356643,0.22377622377622378,0.3058275058275058,0.5608391608391609,0.5137529137529138,0.6065268065268065,0.6843822843822844,0.6405594405594406,0.7268065268065268,0.3905265105265105,0.3531554417804417,0.428527306027306,0.4263275655750715,0.39137766726318507,0.4612784524187669,0.2993006993006993,0.2568764568764568,0.34265734265734266,0.6163170163170163,0.5710955710955711,0.6615384615384615,0.6377622377622378,0.5944055944055944,0.6806526806526807,0.5967365967365967,0.5505827505827505,0.641958041958042,0.011655011655011656,0.004988317064839966,0.02698980919507543,0.4153846153846154,0.372027972027972,0.4592074592074592,0.05827505827505827,0.03978064413274325,0.08461007150570049
hnsw(dense:bge-m3),native_full,tier,5,random,429,0.7398601398601398,0.7076923076923077,0.772027972027972,0.951048951048951,0.9351981351981353,0.9655011655011655,0.8443745143745144,0.8231775446775446,0.8654947552447553,0.3724941724941725,0.3300699300699301,0.41538461538461535,0.6424242424242425,0.6009324009324009,0.6853146853146853,0.7557109557109557,0.7174825174825173,0.793006993006993,0.48859603359603365,0.4503503949753951,0.5277930957930959,0.5186283789968618,0.483577482124374,0.5544352470693814,0.42237762237762233,0.37902097902097903,0.46526806526806525,0.6979020979020979,0.6573426573426573,0.737062937062937,0.7538461538461538,0.7216783216783217,0.7855477855477856,0.6466200466200466,0.6051282051282052,0.689044289044289,0.0013986013986013988,0.0,0.003263403263403264,0.030769230769230767,0.023310023310023312,0.03822843822843823,0.227972027972028,0.19673659673659674,0.2587529137529136
hnsw(dense:bge-m3),native_full,tier,10,hard,429,0.38135198135198134,0.3356526806526808,0.42797202797202794,0.6797202797202798,0.6358974358974357,0.7226107226107226,0.5656817256817257,0.5317157749657749,0.5998887362637363,0.20186480186480185,0.1655011655011655,0.24055944055944056,0.45641025641025645,0.4093240093240093,0.5034965034965035,0.5948717948717949,0.5477855477855478,0.6405594405594406,0.31303511303511306,0.27738425463425465,0.3497450327450327,0.3495454929179744,0.3152650449422516,0.3836993655657059,0.23216783216783216,0.193006993006993,0.27180652680652667,0.5076923076923077,0.4592074592074592,0.5543123543123544,0.5230769230769231,0.475990675990676,0.5706293706293707,0.5254079254079254,0.47832167832167827,0.5729603729603729,0.009324009324009324,0.003631730272433362,0.02372576651855561,0.3995337995337995,0.35384615384615387,0.4461538461538461,0.2097902097902098,0.17392218846745588,0.2508094426512051
hnsw(dense:bge-m3),native_full,tier,10,random,429,0.6410256410256411,0.6041958041958042,0.6773892773892775,0.8512820512820514,0.8214452214452214,0.8797202797202797,0.7625224775224776,0.7350093193843195,0.7897337246087247,0.32307692307692304,0.28205128205128205,0.3641025641025641,0.5729603729603729,0.5291375291375291,0.6177156177156176,0.6960372960372961,0.655011655011655,0.7365967365967366,0.4334167684167684,0.39472470584970587,0.4720514624264624,0.46205617906652835,0.4269301711041199,0.4977308839027668,0.36689976689976683,0.3249417249417249,0.4079370629370628,0.6279720279720279,0.5855477855477855,0.6699300699300699,0.662004662004662,0.6256410256410256,0.6983682983682984,0.5818181818181819,0.537995337995338,0.6256410256410256,0.0013986013986013988,0.0,0.003263403263403264,0.05034965034965035,0.03916083916083917,0.06200466200466201,0.30722610722610727,0.27226107226107227,0.3421911421911422
hnsw(dense:bge-m3),native_full,tier,20,hard,429,0.3473193473193473,0.30380019593569085,0.3935485738496288,0.5655011655011656,0.518881118881119,0.6116550116550116,0.5017623471630378,0.46486498704046847,0.5389543090504616,0.18414918414918416,0.1503296942794218,0.22357501268104854,0.4125874125874126,0.36697857491734737,0.4597478199979121,0.5081585081585082,0.4609887636225293,0.5551834395187133,0.2741288341288341,0.23895530395530395,0.31041292041292046,0.301380291524584,0.2671052646793902,0.33580880074609915,0.2097902097902098,0.17392218846745588,0.2508094426512051,0.44522144522144524,0.3988850662407425,0.4925301412394868,0.4662004662004662,0.4195036719968303,0.5134972007037366,0.48951048951048953,0.44251030516258205,0.5366968622272492,0.006993006993006993,0.0023810456854944425,0.020355821636568114,0.31934731934731936,0.27699976216776945,0.3649014539904333,0.32634032634032634,0.2836834605581472,0.3720796440068347
hnsw(dense:bge-m3),native_full,tier,20,random,429,0.5324009324009324,0.4923076923076923,0.5715617715617716,0.7585081585081584,0.7212121212121212,0.7948717948717948,0.6662024587004018,0.633847048610469,0.6980314522060204,0.27412587412587414,0.23589743589743586,0.3132867132867133,0.5081585081585082,0.462937062937063,0.5529137529137529,0.6139860139860139,0.5701631701631702,0.6578088578088579,0.374933954933955,0.3374200336700337,0.4130915658415658,0.4001194961197551,0.36432636352806674,0.43607754218817923,0.30909090909090914,0.268997668997669,0.34871794871794876,0.558974358974359,0.5142191142191143,0.6027972027972028,0.5668997668997668,0.5272727272727272,0.6060606060606061,0.5249417249417249,0.4801864801864802,0.5692424242424241,0.0009324009324009324,0.0,0.002331002331002331,0.07086247086247086,0.05641025641025641,0.08624708624708627,0.39580419580419585,0.35757575757575755,0.43451048951048943
hnsw(dense:bge-m3),native_full,tier,50,hard,429,0.2937062937062937,0.2525906275893598,0.33848366441065225,0.4825174825174825,0.43559763266203977,0.5297476463210121,0.4303601576155158,0.39247501864782985,0.4684361122011733,0.16317016317016317,0.13121991408930228,0.20109912765083032,0.34032634032634035,0.297083847081787,0.38640303429675354,0.4358974358974359,0.38974804146596015,0.4831846481385635,0.2379130129130129,0.20408711658711656,0.27275597088097087,0.2584143057894212,0.2254348555249489,0.2918675760942659,0.18181818181818182,0.14819730023302682,0.22108677725851714,0.372960372960373,0.328516122749774,0.41965957119373637,0.3822843822843823,0.33753766686923287,0.42912054494998314,0.41025641025641024,0.3647074320412226,0.4573983334051104,0.004662004662004662,0.0012794222258141726,0.016836815627321967,0.24242424242424243,0.20427314046303083,0.28514730322059995,0.4592074592074592,0.4126215683033422,0.5065174159904456
hnsw(dense:bge-m3),native_full,tier,50,random,429,0.39533799533799535,0.35384615384615387,0.43637529137529124,0.6074592074592076,0.5655011655011656,0.6498834498834498,0.5333364897502961,0.4970604109046338,0.5691461123112969,0.20606060606060608,0.17062937062937064,0.24195804195804196,0.4228438228438229,0.3776223776223776,0.4675990675990676,0.5090909090909091,0.46340326340326343,0.5543123543123544,0.29547600547600544,0.2597094803344803,0.33209247696747696,0.31821192545818655,0.28330262731929035,0.3535225927598826,0.23170163170163172,0.19487179487179485,0.26946386946386947,0.45501165501165497,0.4097902097902098,0.49930069930069926,0.4447552447552448,0.4037296037296037,0.48578088578088585,0.45454545454545453,0.4097902097902098,0.4993006993006993,0.0013986013986013988,0.0,0.003263403263403264,0.11421911421911422,0.09324009324009325,0.13566433566433567,0.4890442890442891,0.448018648018648,0.531002331002331
hnsw(dense:bge-m3),native_full,tier,100,hard,429,0.2634032634032634,0.22395368452166273,0.307052424382306,0.42657342657342656,0.380627658039754,0.47382251368906386,0.3852779284758503,0.34749780551819354,0.4231650215276807,0.15384615384615385,0.12278967351834266,0.19104685034608423,0.29603729603729606,0.25480311919230547,0.34089180227663307,0.3916083916083916,0.3465768838450283,0.43856384584989333,0.21734746734746735,0.18367352554852553,0.2511468623968624,0.23498168231939687,0.20222158019939981,0.2683417573371195,0.17016317016317017,0.13756886444642238,0.20861206570048949,0.32867132867132864,0.28591382560565143,0.37446990842825684,0.3333333333333333,0.2903782139963267,0.37924677897543446,0.36363636363636365,0.31951250844416246,0.41018066762364214,0.002331002331002331,0.0004115977258030276,0.01308401065840669,0.19114219114219114,0.15673970828169287,0.23102688708555674,0.5431235431235432,0.49581122703964087,0.5896704181354979
hnsw(dense:bge-m3),native_full,tier,100,random,429,0.303962703962704,0.262937062937063,0.3454545454545455,0.4946386946386946,0.448951048951049,0.5398601398601399,0.4350256208633746,0.39794156398797026,0.47246511143241277,0.1710955710955711,0.13752913752913754,0.20512820512820512,0.34498834498834496,0.3011655011655011,0.3888111888111888,0.4326340326340326,0.38601398601398607,0.4787878787878788,0.24409331409331408,0.20995439745439748,0.2787221805971806,0.2635333285432952,0.23007206394483065,0.2975699335316152,0.18974358974358976,0.15431235431235432,0.22517482517482515,0.3743589743589744,0.32960372960372963,0.4186480186480187,0.36596736596736595,0.32307692307692315,0.40885780885780887,0.39254079254079255,0.3482517482517482,0.4372960372960373,0.003729603729603729,0.0004662004662004662,0.007925407925407926,0.15431235431235432,0.12727272727272726,0.18228438228438226,0.537995337995338,0.4946386946386946,0.5813519813519814
hnsw(dense:bge-m3),native_full,tier,165,hard,429,0.2564102564102564,0.21737972116177612,0.2997644993354132,0.41025641025641024,0.3647074320412226,0.4573983334051104,0.37327717503587604,0.33508315967738095,0.41112276285230936,0.14918414918414918,0.11859037476737491,0.18600489015919916,0.28438228438228436,0.24375414326145808,0.32883763086284834,0.38694638694638694,0.3420550813163108,0.433844389440758,0.21119806119806117,0.17775916213416215,0.24483118733118736,0.22792631926454615,0.19533643090616679,0.26061564452532526,0.1655011655011655,0.13333379938220297,0.20360587182685602,0.317016317016317,0.27477435145002854,0.3625062352392477,0.317016317016317,0.27477435145002854,0.3625062352392477,0.34498834498834496,0.30156023200627147,0.3911679083101217,0.002331002331002331,0.0004115977258030276,0.01308401065840669,0.17715617715617715,0.1439391173214467,0.21610370123224437,0.5641025641025641,0.5168153518614366,0.6102519585340399
hnsw(dense:bge-m3),native_full,tier,165,random,429,0.2564102564102564,0.21737972116177612,0.2997644993354132,0.41025641025641024,0.3647074320412226,0.4573983334051104,0.37327717503587604,0.33508315967738095,0.41112276285230936,0.14918414918414918,0.11859037476737491,0.18600489015919916,0.28438228438228436,0.24375414326145808,0.32883763086284834,0.38694638694638694,0.3420550813163108,0.433844389440758,0.21119806119806117,0.17775916213416215,0.24483118733118736,0.22792631926454615,0.19533643090616679,0.26061564452532526,0.1655011655011655,0.13333379938220297,0.20360587182685602,0.317016317016317,0.27477435145002854,0.3625062352392477,0.317016317016317,0.27477435145002854,0.3625062352392477,0.34498834498834496,0.30156023200627147,0.3911679083101217,0.002331002331002331,0.0004115977258030276,0.01308401065840669,0.17715617715617715,0.1439391173214467,0.21610370123224437,0.5641025641025641,0.5168153518614366,0.6102519585340399
hnsw(dense:bge-m3),native_full,vehicle,0,,429,0.9766899766899767,0.9576285920668486,0.987290134328604,0.9906759906759907,0.9762742334814445,0.9963682697275666,0.9836829836829837,0.972027972027972,0.993006993006993,0.4662004662004662,0.4195036719968303,0.5134972007037366,0.7389277389277389,0.6953753886092211,0.7782391319557367,0.8438228438228438,0.8064361961545429,0.8751066505121038,0.5869972619972621,0.5485120203870204,0.6264841408591407,0.6121738366278211,0.5775607051524826,0.6470843023924036,0.5244755244755245,0.47721071874186416,0.5713058906818633,0.8041958041958042,0.7640155935342312,0.8389765521606662,0.9766899766899767,0.9576285920668486,0.987290134328604,0.7389277389277389,0.6953753886092211,0.7782391319557367,0.013986013986013986,0.006425260419529346,0.030173495309312466,0.0,0.0,0.008874978915283301,0.0,0.0,0.008874978915283301
hnsw(dense:bge-m3),native_model,global,0,,429,0.2331002331002331,0.19556730658195032,0.2753706192259748,0.372960372960373,0.328516122749774,0.41965957119373637,0.33632739289766567,0.29942096352691433,0.37364160181758815,0.13986013986013987,0.11022545070455433,0.1758872963463141,0.2937062937062937,0.2525906275893598,0.33848366441065225,0.3473193473193473,0.30380019593569085,0.3935485738496288,0.2021006771006771,0.16930964868464873,0.2355054205054205,0.2146387236225242,0.18281720247489053,0.24670498929786797,0.1585081585081585,0.12699964540480516,0.19607813739747457,0.317016317016317,0.27477435145002854,0.3625062352392477,0.2937062937062937,0.2525906275893598,0.33848366441065225,0.3543123543123543,0.31052710752019247,0.4006835506719065,0.0,0.0,0.008874978915283301,0.10256410256410256,0.07729313946362917,0.13488953608441653,0.6643356643356644,0.6183666020574575,0.707387775501855
hnsw(dense:bge-m3),native_model,manual,0,,429,0.993006993006993,0.979644178363432,0.9976189543145055,0.993006993006993,0.979644178363432,0.9976189543145055,0.993006993006993,0.979644178363432,0.9976189543145055,0.48484848484848486,0.4379008408916916,0.5320650675602867,0.7505827505827506,0.7075370825434568,0.7891805853661331,0.8181818181818182,0.778913222741483,0.8518026997669732,0.6023448773448774,0.563884472009472,0.6423817617567616,0.6237237063037729,0.5885677770690413,0.6597800779864148,0.5524475524475524,0.5051360722887867,0.5988280907620577,0.8018648018648019,0.7615398686572189,0.8368316475687524,0.993006993006993,0.979644178363432,0.9976189543145055,0.7505827505827506,0.7075370825434568,0.7891805853661331,0.0,0.0,0.008874978915283301,0.0,0.0,0.008874978915283301,0.0,0.0,0.008874978915283301
hnsw(dense:bge-m3),native_model,tier,1,hard,429,0.993006993006993,0.979644178363432,0.9976189543145055,0.993006993006993,0.979644178363432,0.9976189543145055,0.993006993006993,0.979644178363432,0.9976189543145055,0.48484848484848486,0.4379008408916916,0.5320650675602867,0.7505827505827506,0.7075370825434568,0.7891805853661331,0.8181818181818182,0.778913222741483,0.8518026997669732,0.6023448773448774,0.563884472009472,0.6423817617567616,0.6237237063037729,0.5885677770690413,0.6597800779864148,0.5524475524475524,0.5051360722887867,0.5988280907620577,0.8018648018648019,0.7615398686572189,0.8368316475687524,0.993006993006993,0.979644178363432,0.9976189543145055,0.7505827505827506,0.7075370825434568,0.7891805853661331,0.0,0.0,0.008874978915283301,0.0,0.0,0.008874978915283301,0.0,0.0,0.008874978915283301
hnsw(dense:bge-m3),native_model,tier,1,random,429,0.993006993006993,0.979644178363432,0.9976189543145055,0.993006993006993,0.979644178363432,0.9976189543145055,0.993006993006993,0.979644178363432,0.9976189543145055,0.48484848484848486,0.4379008408916916,0.5320650675602867,0.7505827505827506,0.7075370825434568,0.7891805853661331,0.8181818181818182,0.778913222741483,0.8518026997669732,0.6023448773448774,0.563884472009472,0.6423817617567616,0.6237237063037729,0.5885677770690413,0.6597800779864148,0.5524475524475524,0.5051360722887867,0.5988280907620577,0.8018648018648019,0.7615398686572189,0.8368316475687524,0.993006993006993,0.979644178363432,0.9976189543145055,0.7505827505827506,0.7075370825434568,0.7891805853661331,0.0,0.0,0.008874978915283301,0.0,0.0,0.008874978915283301,0.0,0.0,0.008874978915283301
hnsw(dense:bge-m3),native_model,tier,2,hard,429,0.77995337995338,0.7487179487179487,0.8102564102564103,0.993006993006993,0.979644178363432,0.9976189543145055,0.8864801864801866,0.8696969696969697,0.9027972027972027,0.4013986013986014,0.3580419580419581,0.4461538461538461,0.6918414918414919,0.6503496503496503,0.7342657342657343,0.779020979020979,0.7403263403263404,0.8177156177156176,0.5314679764679765,0.4936114811114811,0.5704582408332408,0.5582271283060218,0.5233699128718106,0.5940786931930171,0.45081585081585074,0.40652680652680656,0.49510489510489514,0.7407925407925406,0.7006993006993008,0.7794871794871794,0.8317016317016317,0.8032634032634033,0.8587529137529136,0.6988344988344988,0.6582750582750582,0.7407925407925406,0.004195804195804196,0.0009324009324009324,0.008857808857808857,0.19953379953379952,0.1706293706293706,0.2289044289044289,0.011655011655011656,0.004988317064839966,0.02698980919507543
hnsw(dense:bge-m3),native_model,tier,2,random,429,0.875990675990676,0.855011655011655,0.8955710955710956,0.993006993006993,0.979644178363432,0.9976189543145055,0.9344988344988345,0.9216783216783216,0.9459207459207459,0.4438228438228438,0.3995337995337995,0.48951048951048953,0.7160839160839161,0.6755244755244756,0.7566433566433567,0.8004662004662004,0.7636363636363637,0.8372960372960373,0.5633995633995634,0.5257243219743221,0.6024946673696673,0.5882841781198557,0.553796686010175,0.6243032862894353,0.5025641025641026,0.45734265734265733,0.5477855477855478,0.7585081585081584,0.7198135198135197,0.7958041958041957,0.8787878787878788,0.8582750582750582,0.8983682983682983,0.7165501165501165,0.675990675990676,0.7575757575757576,0.0004662004662004662,0.0,0.0013986013986013988,0.008857808857808859,0.005128205128205128,0.013053613053613054,0.11095571095571095,0.09277389277389278,0.13053613053613053
hnsw(dense:bge-m3),native_model,tier,5,hard,429,0.5291375291375291,0.4834498834498835,0.5724941724941726,0.8708624708624709,0.841013986013986,0.8997668997668997,0.7055167055167054,0.6757571872571871,0.7341109168609169,0.28205128205128205,0.24102564102564103,0.32400932400932403,0.5958041958041959,0.5505827505827505,0.6414918414918415,0.6993006993006993,0.6578088578088578,0.7412587412587412,0.41561050061050064,0.3781770868020868,0.4533898323898324,0.4508634569670031,0.4161451960030295,0.48595532179942763,0.3188811188811189,0.2755244755244755,0.3613053613053613,0.6498834498834499,0.6051282051282052,0.6937062937062938,0.6484848484848486,0.606993006993007,0.6899766899766899,0.6354312354312355,0.5911421911421912,0.6797202797202798,0.009324009324009324,0.003631730272433362,0.02372576651855561,0.37995337995337997,0.3370629370629371,0.42377622377622376,0.07925407925407925,0.05726706544492828,0.10870931541385324
hnsw(dense:bge-m3),native_model,tier,5,random,429,0.6946386946386947,0.6601398601398603,0.7282051282051282,0.9407925407925408,0.9235431235431236,0.9561771561771562,0.8173115773115773,0.7952756410256411,0.8387412587412587,0.3641025641025641,0.32307692307692304,0.40652680652680645,0.6447552447552448,0.6027972027972028,0.6867249417249416,0.7417249417249419,0.7025641025641026,0.7804195804195805,0.4836326636326636,0.44627367539867535,0.5219515530765529,0.5132513435145322,0.47895620565954383,0.5488827717024393,0.41025641025641024,0.36688811188811193,0.4531468531468531,0.6853146853146853,0.6447552447552448,0.7254079254079254,0.704895104895105,0.6713286713286714,0.737995337995338,0.6484848484848484,0.606993006993007,0.6904428904428905,0.0004662004662004662,0.0,0.0013986013986013988,0.023310023310023312,0.016783216783216783,0.030303030303030304,0.2792540792540793,0.24755244755244757,0.31188811188811194
hnsw(dense:bge-m3),native_model,tier,10,hard,429,0.4097902097902098,0.36363636363636365,0.45501165501165497,0.6568764568764569,0.6121212121212122,0.7016317016317016,0.5782726532726532,0.5431657694157693,0.6118923113923114,0.22517482517482515,0.18554778554778553,0.26573426573426573,0.4648018648018648,0.41911421911421914,0.5118881118881119,0.6107226107226107,0.5645687645687646,0.6573426573426573,0.33522163022163026,0.2984867401117401,0.3723818265068265,0.37049400681787853,0.3361806618772686,0.40542685764308745,0.25547785547785545,0.21445221445221446,0.2965034965034965,0.5020979020979021,0.45501165501165497,0.5487296037296036,0.5393939393939394,0.49230769230769234,0.5855594405594404,0.5389277389277389,0.4927738927738927,0.5864801864801865,0.004662004662004662,0.0012794222258141726,0.016836815627321967,0.3268065268065268,0.2834498834498834,0.37156177156177156,0.2564102564102564,0.21737972116177612,0.2997644993354132
hnsw(dense:bge-m3),native_model,tier,10,random,429,0.5752913752913753,0.5365967365967366,0.6135198135198134,0.8223776223776226,0.7916083916083917,0.8517482517482518,0.717962962962963,0.689319240944241,0.7459428303178304,0.31095571095571095,0.27132867132867133,0.3510489510489511,0.5655011655011656,0.523076923076923,0.6097902097902098,0.6797202797202798,0.6386946386946387,0.7212121212121212,0.4235433085433085,0.3864170967920968,0.46152558090058093,0.4517657325551759,0.41734125817195283,0.4873474606688706,0.35011655011655013,0.30862470862470864,0.3916083916083916,0.6116550116550116,0.5687645687645687,0.6545454545454545,0.5944055944055944,0.5561655011655012,0.6321678321678321,0.5762237762237762,0.5337878787878789,0.62004662004662,0.0,0.0,0.008874978915283301,0.035431235431235435,0.026107226107226107,0.045221445221445215,0.38787878787878793,0.3505827505827507,0.4261072261072261
hnsw(dense:bge-m3),native_model,tier,20,hard,429,0.34032634032634035,0.297083847081787,0.38640303429675354,0.5435897435897435,0.49696969696969695,0.5902097902097901,0.4852686712959721,0.4483583336098884,0.5217919974605872,0.19114219114219114,0.15673970828169287,0.23102688708555674,0.3962703962703963,0.3511030462271284,0.44327894240564614,0.49930069930069926,0.4522144522144522,0.5477855477855478,0.28000185000184996,0.24432992932992934,0.3162022977022977,0.30442023423104075,0.269995499201609,0.3384453213354826,0.2191142191142191,0.182559008912548,0.2606551400818186,0.43123543123543123,0.3851857619183915,0.47850566874827927,0.4382284382284382,0.3920307421854272,0.4855225768880228,0.4731934731934732,0.42639497062791254,0.5204677904794338,0.002331002331002331,0.0004115977258030276,0.01308401065840669,0.20279720279720279,0.16746409903701423,0.24340564367486742,0.4522144522144522,0.4057486882797991,0.49952840760720946
hnsw(dense:bge-m3),native_model,tier,20,random,429,0.4703962703962704,0.4293706293706294,0.5109557109557109,0.6890442890442889,0.6498834498834498,0.7268065268065268,0.6112774779496293,0.5776580517898391,0.6440918038152714,0.25874125874125875,0.220979020979021,0.29698135198135184,0.48624708624708624,0.441958041958042,0.5310139860139859,0.5892773892773893,0.5463869463869464,0.6326340326340326,0.3587279387279387,0.3221239362489363,0.39615020165020165,0.3830586645515598,0.3480595507706565,0.4187523714748882,0.2923076923076923,0.2526806526806527,0.331002331002331,0.5310023310023311,0.48624708624708624,0.5743589743589743,0.4988344988344988,0.4582750582750583,0.5389277389277389,0.5034965034965035,0.45967365967365964,0.5487179487179487,0.0,0.0,0.008874978915283301,0.046620046620046623,0.03496503496503497,0.059207459207459213,0.4825174825174825,0.4428904428904429,0.523076923076923
hnsw(dense:bge-m3),native_model,tier,50,hard,429,0.28438228438228436,0.24375414326145808,0.32883763086284834,0.4428904428904429,0.39659925630508724,0.49019532170621555,0.4049471224684338,0.36743015006092195,0.4427479958945563,0.16783216783216784,0.13545012951928953,0.2061101711586959,0.331002331002331,0.2881454122494534,0.37685895125338137,0.4149184149184149,0.36925078039205517,0.4620962439921307,0.23958078958078957,0.20494690494690493,0.2748317423317423,0.25566975164579536,0.22181098305931507,0.28924977703432475,0.1888111888111888,0.15460092862244895,0.22854503727587422,0.36363636363636365,0.31951250844416246,0.41018066762364214,0.3613053613053613,0.3172644390216624,0.4078081075772158,0.40093240093240096,0.3556335417055815,0.44798970586504594,0.0,0.0,0.008874978915283301,0.1445221445221445,0.11440215458357111,0.18095185140515008,0.5687645687645687,0.5214943312517207,0.6148142380816085
hnsw(dense:bge-m3),native_model,tier,50,random,429,0.34265734265734266,0.3020862470862472,0.3832167832167832,0.5291375291375291,0.48484848484848486,0.5725058275058273,0.4769915892257215,0.4400728194237367,0.5130345422219855,0.19533799533799537,0.1613053613053613,0.23076923076923078,0.3864801864801865,0.3421911421911422,0.43076923076923074,0.4792540792540793,0.4340326340326341,0.5244755244755245,0.2824984274984275,0.24706860269360267,0.31790731490731494,0.30260319552739795,0.2683136116617208,0.3371669790351522,0.2191142191142191,0.18368298368298366,0.25547785547785545,0.4205128205128205,0.3752913752913753,0.4652680652680652,0.3794871794871795,0.3384498834498835,0.42097902097902096,0.4177156177156177,0.3738927738927739,0.462004662004662,0.0004662004662004662,0.0,0.0013986013986013988,0.07272727272727272,0.05641025641025642,0.08997668997668996,0.5841491841491842,0.544055944055944,0.6247086247086248
hnsw(dense:bge-m3),native_model,tier,100,hard,429,0.2564102564102564,0.21737972116177612,0.2997644993354132,0.38694638694638694,0.3420550813163108,0.433844389440758,0.3586089610727996,0.32023007983482227,0.39651098035372384,0.1561771561771562,0.12489334948789621,0.19356380384545713,0.3006993006993007,0.25923208252404617,0.34570409788274514,0.36596736596736595,0.32176171606421106,0.4125520894725199,0.21821974321974322,0.18415061790061793,0.25284282846782846,0.22891511642908494,0.19623833349140793,0.26173850134116,0.17482517482517482,0.14181339514641184,0.2136087939383528,0.32867132867132864,0.28591382560565143,0.37446990842825684,0.31934731934731936,0.27699976216776945,0.3649014539904333,0.3613053613053613,0.3172644390216624,0.4078081075772158,0.0,0.0,0.008874978915283301,0.11421911421911422,0.08748281215570161,0.14780301073697621,0.6293706293706294,0.5827084631700251,0.673736472355391
hnsw(dense:bge-m3),native_model,tier,100,random,429,0.27132867132867133,0.23170163170163172,0.31188811188811194,0.4307692307692308,0.38508158508158513,0.47599067599067596,0.3898707245326402,0.352711608350198,0.4268775948619317,0.1613053613053613,0.1286713286713287,0.19533799533799534,0.32447552447552447,0.2806526806526807,0.3678321678321679,0.3967365967365967,0.351981351981352,0.44195804195804195,0.23239797239797244,0.19870918433418433,0.2668233895733896,0.24773834806413955,0.21476872031312383,0.28074748496362917,0.18135198135198136,0.14685314685314685,0.21631701631701633,0.35151515151515156,0.30722610722610727,0.39580419580419585,0.32307692307692315,0.28205128205128205,0.365034965034965,0.37156177156177156,0.3282051282051282,0.41538461538461535,0.0009324009324009324,0.0,0.002331002331002331,0.09277389277389277,0.07179487179487179,0.11608391608391608,0.6349650349650349,0.593006993006993,0.6764568764568765
hnsw(dense:bge-m3),native_model,tier,165,hard,429,0.2331002331002331,0.19556730658195032,0.2753706192259748,0.372960372960373,0.328516122749774,0.41965957119373637,0.33632739289766567,0.29942096352691433,0.37364160181758815,0.13986013986013987,0.11022545070455433,0.1758872963463141,0.2937062937062937,0.2525906275893598,0.33848366441065225,0.3473193473193473,0.30380019593569085,0.3935485738496288,0.2021006771006771,0.16930964868464873,0.2355054205054205,0.2146387236225242,0.18281720247489053,0.24670498929786797,0.1585081585081585,0.12699964540480516,0.19607813739747457,0.317016317016317,0.27477435145002854,0.3625062352392477,0.2937062937062937,0.2525906275893598,0.33848366441065225,0.3543123543123543,0.31052710752019247,0.4006835506719065,0.0,0.0,0.008874978915283301,0.10256410256410256,0.07729313946362917,0.13488953608441653,0.6643356643356644,0.6183666020574575,0.707387775501855
hnsw(dense:bge-m3),native_model,tier,165,random,429,0.2331002331002331,0.19556730658195032,0.2753706192259748,0.372960372960373,0.328516122749774,0.41965957119373637,0.33632739289766567,0.29942096352691433,0.37364160181758815,0.13986013986013987,0.11022545070455433,0.1758872963463141,0.2937062937062937,0.2525906275893598,0.33848366441065225,0.3473193473193473,0.30380019593569085,0.3935485738496288,0.2021006771006771,0.16930964868464873,0.2355054205054205,0.2146387236225242,0.18281720247489053,0.24670498929786797,0.1585081585081585,0.12699964540480516,0.19607813739747457,0.317016317016317,0.27477435145002854,0.3625062352392477,0.2937062937062937,0.2525906275893598,0.33848366441065225,0.3543123543123543,0.31052710752019247,0.4006835506719065,0.0,0.0,0.008874978915283301,0.10256410256410256,0.07729313946362917,0.13488953608441653,0.6643356643356644,0.6183666020574575,0.707387775501855
hnsw(dense:bge-m3),native_model,vehicle,0,,429,0.9836829836829837,0.9667065647956093,0.9920740500066224,0.993006993006993,0.979644178363432,0.9976189543145055,0.9883449883449883,0.9790209790209791,0.9965034965034965,0.4801864801864802,0.43329544096122935,0.5274292085528963,0.745920745920746,0.7026678258868368,0.7848085830849003,0.8181818181818182,0.778913222741483,0.8518026997669732,0.5976921226921227,0.5591515197765198,0.6377367077367079,0.619069972511395,0.5835371956028101,0.6548482141798102,0.5477855477855478,0.5004715923927906,0.594251311720201,0.7972027972027972,0.7565943563251325,0.8325359009629858,0.9836829836829837,0.9667065647956093,0.9920740500066224,0.745920745920746,0.7026678258868368,0.7848085830849003,0.009324009324009324,0.003631730272433362,0.02372576651855561,0.0,0.0,0.008874978915283301,0.0,0.0,0.008874978915283301
hnsw(dense:bge-m3),native_plain,global,0,,429,0.1561771561771562,0.12489334948789621,0.19356380384545713,0.28205128205128205,0.24154844092357106,0.3264227037318089,0.2577712009955902,0.2261224403582277,0.2912466209764817,0.11421911421911422,0.08748281215570161,0.14780301073697621,0.24708624708624707,0.20863574474100274,0.29002595788048086,0.331002331002331,0.2881454122494534,0.37685895125338137,0.17211029711029713,0.14204526954526958,0.20294511044511043,0.18772733547036585,0.15833174315223034,0.21797222550520443,0.11421911421911422,0.08748281215570161,0.14780301073697621,0.2564102564102564,0.21737972116177612,0.2997644993354132,0.21212121212121213,0.17607864865266656,0.2532736119349208,0.30303030303030304,0.2614485366470758,0.348108273228642,0.002331002331002331,0.0004115977258030276,0.01308401065840669,0.09324009324009325,0.06922075889593421,0.12447939877640582,0.7482517482517482,0.7051016818804644,0.7869953565601991
hnsw(dense:bge-m3),native_plain,manual,0,,429,0.9883449883449883,0.9730101908049245,0.9950116829351601,0.9883449883449883,0.9730101908049245,0.9950116829351601,0.9883449883449883,0.9730101908049245,0.9950116829351601,0.5151515151515151,0.4679349324397133,0.5620991591083084,0.8088578088578089,0.7689731129144433,0.8432602917183072,0.8484848484848485,0.8114727709833476,0.8793113346211521,0.6397223147223148,0.6017212648462649,0.6775792032042032,0.6568688547661568,0.6220607732952566,0.6913622638713017,0.6013986013986014,0.5543651358435709,0.6466322460547281,0.8578088578088578,0.8215789578684128,0.8876876656117926,0.9883449883449883,0.9730101908049245,0.9950116829351601,0.8088578088578089,0.7689731129144433,0.8432602917183072,0.0,0.0,0.008874978915283301,0.0,0.0,0.008874978915283301,0.0,0.0,0.008874978915283301
hnsw(dense:bge-m3),native_plain,tier,1,hard,429,0.9883449883449883,0.9730101908049245,0.9950116829351601,0.9883449883449883,0.9730101908049245,0.9950116829351601,0.9883449883449883,0.9730101908049245,0.9950116829351601,0.5151515151515151,0.4679349324397133,0.5620991591083084,0.8088578088578089,0.7689731129144433,0.8432602917183072,0.8484848484848485,0.8114727709833476,0.8793113346211521,0.6397223147223148,0.6017212648462649,0.6775792032042032,0.6568688547661568,0.6220607732952566,0.6913622638713017,0.6013986013986014,0.5543651358435709,0.6466322460547281,0.8578088578088578,0.8215789578684128,0.8876876656117926,0.9883449883449883,0.9730101908049245,0.9950116829351601,0.8088578088578089,0.7689731129144433,0.8432602917183072,0.0,0.0,0.008874978915283301,0.0,0.0,0.008874978915283301,0.0,0.0,0.008874978915283301
hnsw(dense:bge-m3),native_plain,tier,1,random,429,0.9883449883449883,0.9730101908049245,0.9950116829351601,0.9883449883449883,0.9730101908049245,0.9950116829351601,0.9883449883449883,0.9730101908049245,0.9950116829351601,0.5151515151515151,0.4679349324397133,0.5620991591083084,0.8088578088578089,0.7689731129144433,0.8432602917183072,0.8484848484848485,0.8114727709833476,0.8793113346211521,0.6397223147223148,0.6017212648462649,0.6775792032042032,0.6568688547661568,0.6220607732952566,0.6913622638713017,0.6013986013986014,0.5543651358435709,0.6466322460547281,0.8578088578088578,0.8215789578684128,0.8876876656117926,0.9883449883449883,0.9730101908049245,0.9950116829351601,0.8088578088578089,0.7689731129144433,0.8432602917183072,0.0,0.0,0.008874978915283301,0.0,0.0,0.008874978915283301,0.0,0.0,0.008874978915283301
hnsw(dense:bge-m3),native_plain,tier,2,hard,429,0.7706293706293705,0.7384615384615384,0.8013986013986013,0.9883449883449883,0.9730101908049245,0.9950116829351601,0.8794871794871794,0.861072261072261,0.8967365967365969,0.4219114219114219,0.3776223776223776,0.4662004662004662,0.7389277389277389,0.6988344988344988,0.7794871794871796,0.8181818181818182,0.7813519813519815,0.854079254079254,0.5586818736818737,0.5205733433233434,0.5965705313205312,0.5877335233953395,0.5535310458351506,0.6218269064486789,0.47599067599067596,0.43216783216783217,0.5193473193473193,0.8055944055944056,0.7696969696969698,0.8414918414918415,0.8205128205128205,0.7906759906759908,0.8494172494172494,0.7477855477855477,0.7076923076923077,0.7874125874125875,0.004195804195804196,0.0009324009324009324,0.008857808857808857,0.20326340326340328,0.17481351981351992,0.2331002331002331,0.016317016317016316,0.007925949993377536,0.033293435204390695
hnsw(dense:bge-m3),native_plain,tier,2,random,429,0.8447552447552447,0.8209790209790211,0.8666666666666667,0.9883449883449883,0.9730101908049245,0.9950116829351601,0.9165501165501166,0.9013986013986015,0.9300699300699301,0.46153846153846156,0.4177039627039628,0.5062937062937063,0.7636363636363637,0.7249417249417249,0.8013986013986014,0.8312354312354313,0.7962703962703963,0.8657342657342657,0.5895719095719096,0.5522072048322049,0.6272035834535835,0.6132962725535626,0.5792731420044129,0.6471936306932387,0.5286713286713287,0.48576923076923084,0.572027972027972,0.8153846153846154,0.7813519813519814,0.8489510489510489,0.8475524475524476,0.8237762237762238,0.8694638694638694,0.7645687645687645,0.7258741258741258,0.8023310023310024,0.0004662004662004662,0.0,0.0013986013986013988,0.010256410256410256,0.006515151515151619,0.014452214452214455,0.1431235431235431,0.12167832167832168,0.16596736596736597
hnsw(dense:bge-m3),native_plain,tier,5,hard,429,0.5002331002331002,0.45501165501165497,0.5449999999999998,0.8559440559440561,0.8242424242424243,0.8853146853146852,0.6896658896658897,0.6597884615384614,0.7189594017094018,0.29836829836829837,0.2568764568764569,0.34032634032634035,0.6219114219114219,0.5762237762237762,0.6662004662004662,0.737062937062937,0.695104895104895,0.7780885780885781,0.43254116254116254,0.39522078847078845,0.4706287508787509,0.47041301895896837,0.43613842569803735,0.5050586328974032,0.31655011655011656,0.27412587412587414,0.35850815850815854,0.6937062937062938,0.6512820512820514,0.7366083916083914,0.6307692307692309,0.587867132867133,0.6741258741258742,0.6680652680652681,0.6242424242424243,0.7114219114219116,0.006993006993006993,0.0023810456854944425,0.020355821636568114,0.39020979020979024,0.3468531468531469,0.434032634032634,0.10256410256410256,0.07729313946362917,0.13488953608441653
hnsw(dense:bge-m3),native_plain,tier,5,random,429,0.6452214452214451,0.6097902097902098,0.6801864801864801,0.9268065268065269,0.9076923076923077,0.9449883449883449,0.7847630147630149,0.7613352758352759,0.8079493006993008,0.37902097902097903,0.3370629370629371,0.42097902097902096,0.6634032634032635,0.6228438228438228,0.7044289044289045,0.7613053613053613,0.7230769230769232,0.799067599067599,0.500949235949236,0.4637258343508344,0.5389064685314685,0.5293694249871264,0.4946917287874626,0.5644197977227969,0.4237762237762238,0.38321678321678315,0.4643356643356643,0.7151515151515151,0.6769230769230768,0.7533799533799533,0.6587412587412588,0.6233100233100234,0.6927855477855477,0.6680652680652681,0.6275058275058275,0.7090909090909092,0.0004662004662004662,0.0,0.0013986013986013988,0.02657342657342657,0.019580419580419582,0.034032634032634033,0.3277389277389277,0.29324009324009326,0.3631701631701632
hnsw(dense:bge-m3),native_plain,tier,10,hard,429,0.35337995337995337,0.30815850815850815,0.39813519813519815,0.6331002331002331,0.5874125874125874,0.6783216783216783,0.5357527657527658,0.5014892977392976,0.5700657906907907,0.2344988344988345,0.19487179487179485,0.2750699300699299,0.4680652680652681,0.420979020979021,0.5165501165501165,0.6065268065268065,0.5599067599067599,0.6526806526806527,0.335986975986976,0.29832215932215933,0.3736548127798128,0.367635176746357,0.33240555429087615,0.40269154257282375,0.2438228438228438,0.20372960372960375,0.2848484848484848,0.51002331002331,0.46340326340326343,0.5575757575757575,0.4755244755244755,0.42797202797202794,0.5226107226107226,0.5515151515151515,0.5048951048951049,0.5986013986013986,0.002331002331002331,0.0004115977258030276,0.01308401065840669,0.3365967365967366,0.29277389277389276,0.38181818181818183,0.3076923076923077,0.2658853472608117,0.3529127215527589
hnsw(dense:bge-m3),native_plain,tier,10,random,429,0.5104895104895105,0.4713286713286713,0.5501165501165501,0.7916083916083917,0.7599067599067599,0.8228438228438228,0.670929255929256,0.6419989593739593,0.6999395881895881,0.3146853146853147,0.2755244755244755,0.35477855477855474,0.5874125874125874,0.544988344988345,0.6303030303030303,0.6876456876456877,0.6461538461538461,0.7286713286713288,0.42792762792762795,0.39123575498575497,0.4661162864912865,0.45737955613477776,0.42273050975068754,0.4924857589750147,0.34592074592074584,0.30675990675990683,0.38554778554778557,0.6358974358974357,0.5944055944055944,0.6769230769230768,0.5324009324009324,0.4937062937062937,0.5715617715617716,0.5958041958041957,0.5538461538461539,0.6377738927738926,0.0004662004662004662,0.0,0.0013986013986013988,0.03776223776223777,0.028438228438228436,0.048484848484848485,0.4512820512820513,0.41212121212121217,0.48951048951048953
hnsw(dense:bge-m3),native_plain,tier,20,hard,429,0.2727272727272727,0.2327396130641085,0.31674901371556574,0.4731934731934732,0.42639497062791254,0.5204677904794338,0.4244874951438202,0.38989774383308556,0.46025754592484897,0.17249417249417248,0.13968996546024467,0.21111159415559358,0.38694638694638694,0.3420550813163108,0.433844389440758,0.4988344988344988,0.45174141621699637,0.5459482690485404,0.26236855736855735,0.22774488011988014,0.2977332759832759,0.29006366203783535,0.25680662589302894,0.3235992412286532,0.18181818181818182,0.14819730023302682,0.22108677725851714,0.41025641025641024,0.3647074320412226,0.4573983334051104,0.3682983682983683,0.3240120572914401,0.41492237771421736,0.46853146853146854,0.4217997511405959,0.5158217510288975,0.002331002331002331,0.0004115977258030276,0.01308401065840669,0.20046620046620048,0.16531524471865544,0.24093386852429988,0.5244755244755245,0.47721071874186416,0.5713058906818633
hnsw(dense:bge-m3),native_plain,tier,20,random,429,0.39580419580419585,0.35756410256410265,0.434965034965035,0.6317016317016317,0.5911421911421911,0.6708624708624709,0.5519626215307005,0.5194679636174648,0.5847598062007769,0.25034965034965034,0.21445221445221446,0.28717948717948716,0.49184149184149184,0.4470862470862471,0.5365967365967366,0.5948717948717949,0.5524475524475524,0.6382284382284381,0.35091094091094094,0.31513788988788993,0.3876343471343471,0.37769336645019574,0.3434393896125836,0.41239945536460015,0.27179487179487183,0.23543123543123542,0.3095571095571096,0.5384615384615384,0.49510489510489514,0.5822843822843823,0.4247086247086247,0.38554778554778557,0.4643356643356643,0.5128205128205128,0.468997668997669,0.5571095571095571,0.0,0.0,0.008874978915283301,0.04335664335664336,0.03216783216783217,0.05547785547785548,0.5608391608391609,0.5212121212121212,0.5995337995337995
hnsw(dense:bge-m3),native_plain,tier,50,hard,429,0.20745920745920746,0.17176759478127596,0.24834340686845857,0.351981351981352,0.30828363904162037,0.3983063896815522,0.330086570992262,0.29590462769756526,0.3663039433987045,0.13986013986013987,0.11022545070455433,0.1758872963463141,0.29603729603729606,0.25480311919230547,0.34089180227663307,0.3939393939393939,0.3488394217607179,0.4409219374031301,0.2088124838124838,0.17618587431087432,0.24202376327376326,0.22684775099251459,0.1953364968896966,0.25849496732829985,0.15151515151515152,0.12068866537884795,0.18852722901665256,0.317016317016317,0.27477435145002854,0.3625062352392477,0.28438228438228436,0.24375414326145808,0.32883763086284834,0.35664335664335667,0.31277173368782485,0.4030595539732006,0.002331002331002331,0.0004115977258030276,0.01308401065840669,0.1258741258741259,0.09776938035252583,0.16061958988478406,0.6643356643356644,0.6183666020574575,0.707387775501855
hnsw(dense:bge-m3),native_plain,tier,50,random,429,0.2592074592074592,0.2233100233100233,0.29650349650349656,0.4568764568764569,0.41305361305361304,0.5006993006993007,0.40418978929294286,0.37070037855621557,0.4389128674330901,0.17202797202797201,0.13986013986013987,0.20512820512820512,0.37808857808857804,0.33518648018648034,0.4228554778554778,0.4680652680652681,0.42237762237762244,0.5142191142191143,0.2595332445332445,0.2262971704221704,0.2939180217930218,0.2818385042852248,0.24971119722863694,0.3153457148413983,0.18088578088578086,0.14778554778554778,0.21445221445221446,0.40559440559440557,0.3627039627039627,0.4503496503496504,0.29790209790209793,0.2606060606060606,0.33752913752913755,0.40839160839160843,0.3650349650349651,0.45268065268065266,0.0,0.0,0.008874978915283301,0.06993006993006994,0.053613053613053616,0.08717948717948719,0.6708624708624707,0.6312354312354312,0.7090909090909091
hnsw(dense:bge-m3),native_plain,tier,100,hard,429,0.1561771561771562,0.12489334948789621,0.19356380384545713,0.29603729603729606,0.25480311919230547,0.34089180227663307,0.2672830362758182,0.23581651462664832,0.3007657411496696,0.11421911421911422,0.08748281215570161,0.14780301073697621,0.25874125874125875,0.21956954261721856,0.30219530734889727,0.3473193473193473,0.30380019593569085,0.3935485738496288,0.17904225404225405,0.14881500444000445,0.2098934861434861,0.19594503704861357,0.16637912771474442,0.226609793308271,0.11421911421911422,0.08748281215570161,0.14780301073697621,0.2727272727272727,0.2327396130641085,0.31674901371556574,0.21445221445221446,0.178236953104143,0.2557359369523708,0.3146853146853147,0.2725501970830512,0.3601097601372986,0.002331002331002331,0.0004115977258030276,0.01308401065840669,0.0979020979020979,0.0732475094683459,0.12969390714184698,0.7435897435897436,0.7002355006645868,0.7826202788382239
hnsw(dense:bge-m3),native_plain,tier,100,random,429,0.18787878787878787,0.15431235431235432,0.22331002331002334,0.3533799533799534,0.31048951048951046,0.39766899766899766,0.3115226007853963,0.27958900322473307,0.345638810861421,0.131002331002331,0.10163170163170161,0.1613053613053613,0.29836829836829837,0.2568764568764569,0.34032634032634035,0.38181818181818183,0.33752913752913755,0.42797202797202794,0.20282883782883782,0.171766095016095,0.2345418239168239,0.22166071463472492,0.19103665970279948,0.25341906279551496,0.1365967365967366,0.10582750582750584,0.16689976689976688,0.31655011655011656,0.27412587412587414,0.358974358974359,0.24335664335664337,0.20745920745920746,0.2815850815850816,0.3417249417249418,0.29976689976689974,0.38461538461538464,0.0013986013986013986,0.0,0.004195804195804196,0.08857808857808858,0.0675990675990676,0.11188811188811189,0.7221445221445221,0.6825174825174826,0.7594405594405594
hnsw(dense:bge-m3),native_plain,tier,165,hard,429,0.1561771561771562,0.12489334948789621,0.19356380384545713,0.28205128205128205,0.24154844092357106,0.3264227037318089,0.2577712009955902,0.2261224403582277,0.2912466209764817,0.11421911421911422,0.08748281215570161,0.14780301073697621,0.24708624708624707,0.20863574474100274,0.29002595788048086,0.331002331002331,0.2881454122494534,0.37685895125338137,0.17211029711029713,0.14204526954526958,0.20294511044511043,0.18772733547036585,0.15833174315223034,0.21797222550520443,0.11421911421911422,0.08748281215570161,0.14780301073697621,0.2564102564102564,0.21737972116177612,0.2997644993354132,0.21212121212121213,0.17607864865266656,0.2532736119349208,0.30303030303030304,0.2614485366470758,0.348108273228642,0.002331002331002331,0.0004115977258030276,0.01308401065840669,0.09324009324009325,0.06922075889593421,0.12447939877640582,0.7482517482517482,0.7051016818804644,0.7869953565601991
hnsw(dense:bge-m3),native_plain,tier,165,random,429,0.1561771561771562,0.12489334948789621,0.19356380384545713,0.28205128205128205,0.24154844092357106,0.3264227037318089,0.2577712009955902,0.2261224403582277,0.2912466209764817,0.11421911421911422,0.08748281215570161,0.14780301073697621,0.24708624708624707,0.20863574474100274,0.29002595788048086,0.331002331002331,0.2881454122494534,0.37685895125338137,0.17211029711029713,0.14204526954526958,0.20294511044511043,0.18772733547036585,0.15833174315223034,0.21797222550520443,0.11421911421911422,0.08748281215570161,0.14780301073697621,0.2564102564102564,0.21737972116177612,0.2997644993354132,0.21212121212121213,0.17607864865266656,0.2532736119349208,0.30303030303030304,0.2614485366470758,0.348108273228642,0.002331002331002331,0.0004115977258030276,0.01308401065840669,0.09324009324009325,0.06922075889593421,0.12447939877640582,0.7482517482517482,0.7051016818804644,0.7869953565601991
hnsw(dense:bge-m3),native_plain,vehicle,0,,429,0.9790209790209791,0.9606149656389833,0.9889243902253957,0.9883449883449883,0.9730101908049245,0.9950116829351601,0.9836829836829837,0.972027972027972,0.9941724941724942,0.5081585081585082,0.4609887636225293,0.5551834395187133,0.8088578088578089,0.7689731129144433,0.8432602917183072,0.8484848484848485,0.8114727709833476,0.8793113346211521,0.63494375994376,0.5969084387834388,0.6729956848706848,0.6524495732988042,0.6181536456890316,0.686940645467933,0.5920745920745921,0.5449522184829876,0.637562645539606,0.8578088578088578,0.8215789578684128,0.8876876656117926,0.9790209790209791,0.9606149656389833,0.9889243902253957,0.8088578088578089,0.7689731129144433,0.8432602917183072,0.009324009324009324,0.003631730272433362,0.02372576651855561,0.0,0.0,0.008874978915283301,0.0,0.0,0.008874978915283301
"name_router_strip(wsum(bm25_stem,dense:bge-m3;w=0.3|0.7))",native_brand,global,0,,429,0.2680652680652681,0.22834374046753936,0.3119036273742821,0.46853146853146854,0.4217997511405959,0.5158217510288975,0.41035709285284516,0.3734855161896417,0.44718521234168357,0.16783216783216784,0.13545012951928953,0.2061101711586959,0.34965034965034963,0.3060413334177546,0.3959280658364915,0.42424242424242425,0.3783501771889351,0.4714793650709564,0.24309209309209312,0.2090906084656085,0.27844347781847784,0.2599699792687469,0.22671764073787137,0.2936172933614411,0.17249417249417248,0.13968996546024467,0.21111159415559358,0.37995337995337997,0.33528061441043666,0.42675696793985296,0.35664335664335667,0.31277173368782485,0.4030595539732006,0.4195804195804196,0.3737983687588389,0.46678991456319985,0.006993006993006993,0.0023810456854944425,0.020355821636568114,0.2937062937062937,0.2525906275893598,0.33848366441065225,0.43123543123543123,0.3851857619183915,0.47850566874827927
"name_router_strip(wsum(bm25_stem,dense:bge-m3;w=0.3|0.7))",native_brand,manual,0,,429,1.0,0.9911250210847168,1.0,1.0,0.9911250210847168,1.0,1.0,0.9911250210847168,1.0,0.48484848484848486,0.4379008408916916,0.5320650675602867,0.7925407925407926,0.7516565931315414,0.8282324052187241,0.8881118881118881,0.8547715223678662,0.9145632842083824,0.61483238983239,0.5777683427683429,0.6523339160839161,0.652588436349708,0.619976668026791,0.6852242928608169,0.5524475524475524,0.5051360722887867,0.5988280907620577,0.8414918414918415,0.8039218626025254,0.8730003545951949,1.0,0.9911250210847168,1.0,0.7925407925407926,0.7516565931315414,0.8282324052187241,0.0,0.0,0.008874978915283301,0.0,0.0,0.008874978915283301,0.0,0.0,0.008874978915283301
"name_router_strip(wsum(bm25_stem,dense:bge-m3;w=0.3|0.7))",native_brand,tier,1,hard,429,1.0,0.9911250210847168,1.0,1.0,0.9911250210847168,1.0,1.0,0.9911250210847168,1.0,0.48484848484848486,0.4379008408916916,0.5320650675602867,0.7925407925407926,0.7516565931315414,0.8282324052187241,0.8881118881118881,0.8547715223678662,0.9145632842083824,0.61483238983239,0.5777683427683429,0.6523339160839161,0.652588436349708,0.619976668026791,0.6852242928608169,0.5524475524475524,0.5051360722887867,0.5988280907620577,0.8414918414918415,0.8039218626025254,0.8730003545951949,1.0,0.9911250210847168,1.0,0.7925407925407926,0.7516565931315414,0.8282324052187241,0.0,0.0,0.008874978915283301,0.0,0.0,0.008874978915283301,0.0,0.0,0.008874978915283301
"name_router_strip(wsum(bm25_stem,dense:bge-m3;w=0.3|0.7))",native_brand,tier,1,random,429,1.0,0.9911250210847168,1.0,1.0,0.9911250210847168,1.0,1.0,0.9911250210847168,1.0,0.48484848484848486,0.4379008408916916,0.5320650675602867,0.7925407925407926,0.7516565931315414,0.8282324052187241,0.8881118881118881,0.8547715223678662,0.9145632842083824,0.61483238983239,0.5777683427683429,0.6523339160839161,0.652588436349708,0.619976668026791,0.6852242928608169,0.5524475524475524,0.5051360722887867,0.5988280907620577,0.8414918414918415,0.8039218626025254,0.8730003545951949,1.0,0.9911250210847168,1.0,0.7925407925407926,0.7516565931315414,0.8282324052187241,0.0,0.0,0.008874978915283301,0.0,0.0,0.008874978915283301,0.0,0.0,0.008874978915283301
"name_router_strip(wsum(bm25_stem,dense:bge-m3;w=0.3|0.7))",native_brand,tier,2,hard,429,0.7738927738927739,0.7426573426573427,0.8046620046620047,0.9990675990675991,0.9972027972027971,1.0,0.8864801864801866,0.8708624708624709,0.9018648018648019,0.40512820512820513,0.3617715617715617,0.4484848484848485,0.7151515151515151,0.6745920745920745,0.7557109557109557,0.8242424242424243,0.7897435897435896,0.8582750582750582,0.5336535686535686,0.496419178044178,0.5708801846301846,0.5714770572444867,0.5383147102841347,0.6046367213458878,0.45081585081585074,0.406981351981352,0.49465034965034943,0.7636363636363636,0.7254079254079255,0.8018648018648019,0.8275058275058275,0.7986013986013986,0.8554778554778555,0.7235431235431237,0.6834498834498834,0.7636363636363636,0.005128205128205127,0.0009324009324009324,0.009801864801864634,0.21864801864801864,0.18834498834498836,0.2489627039627038,0.002331002331002331,0.0004115977258030276,0.01308401065840669
"name_router_strip(wsum(bm25_stem,dense:bge-m3;w=0.3|0.7))",native_brand,tier,2,random,429,0.931002331002331,0.9156177156177155,0.9454545454545455,1.0,0.9911250210847168,1.0,0.9655011655011656,0.9578088578088577,0.9727272727272728,0.4662004662004662,0.4205128205128205,0.5118881118881119,0.7687645687645689,0.7296037296037297,0.8065268065268065,0.8615384615384616,0.8303030303030304,0.8918414918414919,0.593093203093203,0.5567410876160876,0.6304008167758167,0.628402067510993,0.5953703536797007,0.6616217015463429,0.524009324009324,0.47878787878787876,0.5687645687645687,0.8116550116550117,0.7757575757575759,0.8466317016317015,0.9342657342657344,0.9188811188811189,0.9487179487179487,0.7692307692307694,0.7300699300699302,0.8069930069930069,0.0013986013986013988,0.0,0.003263403263403264,0.007459207459207459,0.004195804195804196,0.01118881118881119,0.060139860139860134,0.046153846153846156,0.07505827505827506
"name_router_strip(wsum(bm25_stem,dense:bge-m3;w=0.3|0.7))",native_brand,tier,5,hard,429,0.5137529137529139,0.46853146853146854,0.5580419580419581,0.8806526806526807,0.8512820512820513,0.9086247086247086,0.7042191142191142,0.6752678710178709,0.7323704351204352,0.27972027972027974,0.23916083916083913,0.3212121212121212,0.5808857808857809,0.5347319347319347,0.6275058275058276,0.7170163170163171,0.6755244755244754,0.7580419580419582,0.4109187109187109,0.3735897435897436,0.44845324120324115,0.4524018981944254,0.41839926819322176,0.4864850528267658,0.30163170163170167,0.2606060606060606,0.343135198135198,0.6433566433566433,0.5990675990675991,0.6881118881118881,0.6442890442890443,0.6013986013986014,0.6857808857808858,0.627039627039627,0.5818181818181818,0.6722610722610722,0.011655011655011656,0.004988317064839966,0.02698980919507543,0.4233100233100233,0.3794871794871795,0.4666666666666666,0.05128205128205128,0.034106755874188835,0.07642207135747567
"name_router_strip(wsum(bm25_stem,dense:bge-m3;w=0.3|0.7))",native_brand,tier,5,random,429,0.7972027972027972,0.7678321678321678,0.8247086247086246,0.974825174825175,0.9641025641025641,0.9841491841491843,0.8847319347319348,0.8669928127428128,0.9013370240870242,0.41911421911421914,0.37575757575757573,0.46247086247086244,0.7006993006993008,0.6606060606060605,0.7412587412587412,0.800932400932401,0.7645687645687645,0.8358974358974359,0.5387730787730788,0.5012268287268288,0.5769569458319459,0.5710930624275756,0.5371138900759401,0.6055443686634284,0.462004662004662,0.4186363636363637,0.5053613053613054,0.7496503496503497,0.7114219114219116,0.7883449883449883,0.8107226107226106,0.7818181818181817,0.8382284382284383,0.703962703962704,0.6638694638694639,0.7440559440559441,0.0013986013986013988,0.0,0.003263403263403264,0.0344988344988345,0.026573426573426574,0.04289044289044289,0.16689976689976693,0.14079254079254078,0.1944055944055944
"name_router_strip(wsum(bm25_stem,dense:bge-m3;w=0.3|0.7))",native_brand,tier,10,hard,429,0.38088578088578084,0.3356643356643357,0.42657342657342656,0.7156177156177156,0.6722610722610722,0.7580419580419581,0.5779714729714729,0.5454443380693381,0.6107016594516596,0.2153846153846154,0.17715617715617715,0.2540792540792541,0.4876456876456876,0.4405594405594406,0.5356643356643357,0.6256410256410256,0.5804195804195804,0.6722610722610722,0.3310587560587561,0.29514914252414254,0.3676577635327636,0.37205737493996854,0.33833009376564926,0.40622344357827994,0.22937062937062938,0.19113053613053624,0.26946386946386947,0.5529137529137529,0.5058275058275058,0.6004662004662005,0.53006993006993,0.4825174825174825,0.5762354312354311,0.5445221445221445,0.49743589743589745,0.593006993006993,0.006993006993006993,0.0023810456854944425,0.020355821636568114,0.455944055944056,0.40885780885780887,0.503030303030303,0.1561771561771562,0.12489334948789621,0.19356380384545713
"name_router_strip(wsum(bm25_stem,dense:bge-m3;w=0.3|0.7))",native_brand,tier,10,random,429,0.703962703962704,0.668997668997669,0.7375291375291375,0.9034965034965036,0.8797202797202797,0.9258741258741259,0.8134343434343435,0.7892653180153182,0.8366887788137787,0.37249417249417244,0.33053613053613057,0.4144522144522145,0.6452214452214451,0.6027972027972028,0.6876456876456877,0.7505827505827506,0.710955710955711,0.7897435897435898,0.488004958004958,0.4499096875346876,0.5266248334998336,0.5193452228190196,0.4847432404731221,0.5542176014026148,0.4083916083916084,0.36596736596736595,0.4503496503496503,0.7002331002331001,0.6592074592074593,0.7403263403263404,0.7286713286713286,0.6946386946386947,0.7617715617715617,0.6526806526806527,0.6107226107226107,0.6946386946386947,0.0013986013986013988,0.0,0.003263403263403264,0.05920745920745921,0.04755244755244756,0.07179487179487179,0.23543123543123542,0.20466200466200465,0.2680652680652681
"name_router_strip(wsum(bm25_stem,dense:bge-m3;w=0.3|0.7))",native_brand,tier,20,hard,429,0.3501165501165501,0.3058275058275058,0.3953379953379954,0.6139860139860139,0.5668997668997668,0.6596853146853144,0.5213194090932838,0.4864259212803441,0.5570116901079292,0.20093240093240095,0.16363636363636364,0.23917249417249398,0.43123543123543123,0.3851857619183915,0.47850566874827927,0.5575757575757575,0.5104895104895105,0.6046620046620046,0.2984038184038184,0.2622326423576424,0.3345736208236208,0.331865209486329,0.2977200658465443,0.3664449558094358,0.21025641025641026,0.17249417249417248,0.24988344988344988,0.48951048951048953,0.44251030516258205,0.5366968622272492,0.48298368298368294,0.4358974358974359,0.5314685314685315,0.5128205128205128,0.4656185272690394,0.5597949348100557,0.009324009324009324,0.003631730272433362,0.02372576651855561,0.3911421911421912,0.34498834498834496,0.43776223776223777,0.2494172494172494,0.21081941463386683,0.29246291745654324
"name_router_strip(wsum(bm25_stem,dense:bge-m3;w=0.3|0.7))",native_brand,tier,20,random,429,0.5990675990675991,0.5608391608391609,0.6363636363636364,0.8195804195804196,0.7860139860139861,0.8508275058275055,0.7261855287863103,0.6963737983967829,0.7550142195167904,0.32494172494172496,0.28438228438228436,0.36596736596736595,0.5706293706293707,0.5263403263403263,0.6144522144522145,0.6913752913752914,0.6498834498834499,0.7324009324009325,0.4326640026640027,0.39466202316202315,0.47120121082621086,0.4621014508664924,0.4263533723376062,0.49780631429319133,0.35104895104895106,0.3095571095571096,0.39207459207459205,0.6303030303030303,0.586013986013986,0.6722610722610722,0.6331002331002331,0.5953379953379953,0.6699300699300699,0.5841491841491842,0.5403263403263403,0.6279720279720279,0.0009324009324009324,0.0,0.002331002331002331,0.08624708624708624,0.07039627039627039,0.10303030303030304,0.31375291375291375,0.27878787878787875,0.34965034965034963
"name_router_strip(wsum(bm25_stem,dense:bge-m3;w=0.3|0.7))",native_brand,tier,50,hard,429,0.30303030303030304,0.2614485366470758,0.348108273228642,0.5337995337995338,0.48650279929626333,0.5804963280031696,0.46031277602130277,0.42490056041144475,0.4962976298407083,0.18414918414918416,0.1503296942794218,0.22357501268104854,0.38461538461538464,0.33979582375967643,0.43148301752846596,0.4755244755244755,0.4286941093181368,0.522789281258136,0.26634384134384137,0.23127250064750066,0.3022839891589892,0.28809060588594165,0.25384133413652665,0.32233665697095004,0.1888111888111888,0.15460092862244895,0.22854503727587422,0.43356643356643354,0.3874663807382864,0.48084567939731077,0.41025641025641024,0.3647074320412226,0.4573983334051104,0.46853146853146854,0.4217997511405959,0.5158217510288975,0.009324009324009324,0.003631730272433362,0.02372576651855561,0.3356643356643357,0.292612224498145,0.38163339794254264,0.351981351981352,0.30828363904162037,0.3983063896815522
"name_router_strip(wsum(bm25_stem,dense:bge-m3;w=0.3|0.7))",native_brand,tier,50,random,429,0.44009324009324013,0.39906759906759903,0.4811188811188811,0.6885780885780886,0.6480186480186481,0.7272843822843821,0.586783320029225,0.5525729692191228,0.6211144964324817,0.24428904428904427,0.20744755244755256,0.28205128205128205,0.4801864801864802,0.43543123543123546,0.524941724941725,0.5771561771561772,0.5328671328671329,0.6219114219114218,0.34204536204536207,0.3054217587967588,0.37924167036667034,0.3681440102205867,0.3326927236206719,0.4035922161008129,0.262004662004662,0.22424242424242424,0.3011655011655011,0.5347319347319347,0.48997668997669,0.5794871794871795,0.496037296037296,0.45501165501165497,0.5375291375291376,0.5114219114219114,0.4666666666666666,0.5547785547785548,0.0009324009324009324,0.0,0.002331002331002331,0.15384615384615385,0.13053613053613053,0.17762237762237762,0.40512820512820513,0.365034965034965,0.44522144522144524
"name_router_strip(wsum(bm25_stem,dense:bge-m3;w=0.3|0.7))",native_brand,tier,100,hard,429,0.27505827505827507,0.23493970141035928,0.3191695548382415,0.47785547785547783,0.43099426631567495,0.5251097537295242,0.42083566398240063,0.3839469351753869,0.45780820362055447,0.17249417249417248,0.13968996546024467,0.21111159415559358,0.3543123543123543,0.31052710752019247,0.4006835506719065,0.43356643356643354,0.3874663807382864,0.48084567939731077,0.24744699744699744,0.21283785658785656,0.28313170625670625,0.26548307895507844,0.2319514126759152,0.2995168531465543,0.17715617715617715,0.1439391173214467,0.21610370123224437,0.3939393939393939,0.3488394217607179,0.4409219374031301,0.372960372960373,0.328516122749774,0.41965957119373637,0.42657342657342656,0.380627658039754,0.47382251368906386,0.006993006993006993,0.0023810456854944425,0.020355821636568114,0.30536130536130535,0.26366629433211053,0.35051114501253355,0.4125874125874126,0.36697857491734737,0.4597478199979121
"name_router_strip(wsum(bm25_stem,dense:bge-m3;w=0.3|0.7))",native_brand,tier,100,random,429,0.34265734265734266,0.30209790209790216,0.3832167832167832,0.5650349650349651,0.5216783216783217,0.6088578088578088,0.48674196861667374,0.4512006001502952,0.522630850536611,0.20139860139860138,0.16643356643356644,0.23776223776223776,0.39813519813519815,0.35384615384615387,0.4433566433566433,0.49417249417249415,0.4489510489510489,0.5398601398601398,0.2847902097902098,0.24938456913456913,0.32145150220150215,0.3058747024650413,0.2718375487021479,0.34055754571422253,0.21212121212121213,0.17575757575757578,0.24895104895104894,0.4447552447552448,0.39953379953379947,0.48997668997668997,0.42051282051282046,0.37808857808857804,0.46386946386946387,0.45174825174825173,0.406993006993007,0.49696969696969695,0.004195804195804196,0.0,0.00979020979020979,0.22657342657342658,0.1944055944055944,0.25828671328671315,0.42657342657342656,0.38461538461538464,0.4699300699300699
"name_router_strip(wsum(bm25_stem,dense:bge-m3;w=0.3|0.7))",native_brand,tier,165,hard,429,0.2680652680652681,0.22834374046753936,0.3119036273742821,0.46853146853146854,0.4217997511405959,0.5158217510288975,0.41035709285284516,0.3734855161896417,0.44718521234168357,0.16783216783216784,0.13545012951928953,0.2061101711586959,0.34965034965034963,0.3060413334177546,0.3959280658364915,0.42424242424242425,0.3783501771889351,0.4714793650709564,0.24309209309209312,0.2090906084656085,0.27844347781847784,0.2599699792687469,0.22671764073787137,0.2936172933614411,0.17249417249417248,0.13968996546024467,0.21111159415559358,0.37995337995337997,0.33528061441043666,0.42675696793985296,0.35664335664335667,0.31277173368782485,0.4030595539732006,0.4195804195804196,0.3737983687588389,0.46678991456319985,0.006993006993006993,0.0023810456854944425,0.020355821636568114,0.2937062937062937,0.2525906275893598,0.33848366441065225,0.43123543123543123,0.3851857619183915,0.47850566874827927
"name_router_strip(wsum(bm25_stem,dense:bge-m3;w=0.3|0.7))",native_brand,tier,165,random,429,0.2680652680652681,0.22834374046753936,0.3119036273742821,0.46853146853146854,0.4217997511405959,0.5158217510288975,0.41035709285284516,0.3734855161896417,0.44718521234168357,0.16783216783216784,0.13545012951928953,0.2061101711586959,0.34965034965034963,0.3060413334177546,0.3959280658364915,0.42424242424242425,0.3783501771889351,0.4714793650709564,0.24309209309209312,0.2090906084656085,0.27844347781847784,0.2599699792687469,0.22671764073787137,0.2936172933614411,0.17249417249417248,0.13968996546024467,0.21111159415559358,0.37995337995337997,0.33528061441043666,0.42675696793985296,0.35664335664335667,0.31277173368782485,0.4030595539732006,0.4195804195804196,0.3737983687588389,0.46678991456319985,0.006993006993006993,0.0023810456854944425,0.020355821636568114,0.2937062937062937,0.2525906275893598,0.33848366441065225,0.43123543123543123,0.3851857619183915,0.47850566874827927
"name_router_strip(wsum(bm25_stem,dense:bge-m3;w=0.3|0.7))",native_brand,vehicle,0,,429,0.9883449883449883,0.9730101908049245,0.9950116829351601,1.0,0.9911250210847168,1.0,0.9941724941724942,0.9883449883449883,0.9988344988344988,0.4801864801864802,0.43329544096122935,0.5274292085528963,0.7855477855477856,0.7442640630476293,0.8217630468958571,0.8857808857808858,0.8521969892630238,0.9125171878442985,0.6107290857290858,0.5732402551152551,0.6485477947977948,0.6473247901652481,0.614645473894364,0.6801272594285356,0.5501165501165501,0.5028033173265318,0.5965402162553861,0.8321678321678322,0.7938898288413042,0.8645498704807105,0.9883449883449883,0.9730101908049245,0.9950116829351601,0.7855477855477856,0.7442640630476293,0.8217630468958571,0.011655011655011656,0.004988317064839966,0.02698980919507543,0.0,0.0,0.008874978915283301,0.0,0.0,0.008874978915283301
"name_router_strip(wsum(bm25_stem,dense:bge-m3;w=0.3|0.7))",native_full,global,0,,429,0.9953379953379954,0.9831631843726782,0.9987205777741859,0.9953379953379954,0.9831631843726782,0.9987205777741859,0.9953379953379954,0.9831631843726782,0.9987205777741859,0.578088578088578,0.5308648338722313,0.6239262533368037,0.8717948717948718,0.8368276842279504,0.9001627160658133,0.9230769230769231,0.8939395607727904,0.9447046878373547,0.7006937506937507,0.665087481962482,0.7357390063640065,0.7329459251426861,0.7019142696971666,0.763402237398685,0.6503496503496503,0.6040719341635085,0.6939586665822454,0.8904428904428905,0.8573500246757002,0.916605411369475,0.9953379953379954,0.9831631843726782,0.9987205777741859,0.8717948717948718,0.8368276842279504,0.9001627160658133,0.004662004662004662,0.0012794222258141726,0.016836815627321967,0.0,0.0,0.008874978915283301,0.0,0.0,0.008874978915283301
"name_router_strip(wsum(bm25_stem,dense:bge-m3;w=0.3|0.7))",native_full,manual,0,,429,1.0,0.9911250210847168,1.0,1.0,0.9911250210847168,1.0,1.0,0.9911250210847168,1.0,0.5827505827505828,0.5355563919974016,0.6284759541494864,0.8764568764568764,0.8419365534065953,0.9042951058250212,0.9277389277389277,0.8992570436500482,0.9486284638979496,0.7054297554297554,0.670198828948829,0.7401110232360232,0.7364952627785203,0.7058904775414341,0.7666126174084947,0.655011655011655,0.6088320916898783,0.6984397679937285,0.8951048951048951,0.8625193778051505,0.9206773171778775,1.0,0.9911250210847168,1.0,0.8764568764568764,0.8419365534065953,0.9042951058250212,0.0,0.0,0.008874978915283301,0.0,0.0,0.008874978915283301,0.0,0.0,0.008874978915283301
"name_router_strip(wsum(bm25_stem,dense:bge-m3;w=0.3|0.7))",native_full,tier,1,hard,429,1.0,0.9911250210847168,1.0,1.0,0.9911250210847168,1.0,1.0,0.9911250210847168,1.0,0.5827505827505828,0.5355563919974016,0.6284759541494864,0.8764568764568764,0.8419365534065953,0.9042951058250212,0.9277389277389277,0.8992570436500482,0.9486284638979496,0.7054297554297554,0.670198828948829,0.7401110232360232,0.7364952627785203,0.7058904775414341,0.7666126174084947,0.655011655011655,0.6088320916898783,0.6984397679937285,0.8951048951048951,0.8625193778051505,0.9206773171778775,1.0,0.9911250210847168,1.0,0.8764568764568764,0.8419365534065953,0.9042951058250212,0.0,0.0,0.008874978915283301,0.0,0.0,0.008874978915283301,0.0,0.0,0.008874978915283301
"name_router_strip(wsum(bm25_stem,dense:bge-m3;w=0.3|0.7))",native_full,tier,1,random,429,1.0,0.9911250210847168,1.0,1.0,0.9911250210847168,1.0,1.0,0.9911250210847168,1.0,0.5827505827505828,0.5355563919974016,0.6284759541494864,0.8764568764568764,0.8419365534065953,0.9042951058250212,0.9277389277389277,0.8992570436500482,0.9486284638979496,0.7054297554297554,0.670198828948829,0.7401110232360232,0.7364952627785203,0.7058904775414341,0.7666126174084947,0.655011655011655,0.6088320916898783,0.6984397679937285,0.8951048951048951,0.8625193778051505,0.9206773171778775,1.0,0.9911250210847168,1.0,0.8764568764568764,0.8419365534065953,0.9042951058250212,0.0,0.0,0.008874978915283301,0.0,0.0,0.008874978915283301,0.0,0.0,0.008874978915283301
"name_router_strip(wsum(bm25_stem,dense:bge-m3;w=0.3|0.7))",native_full,tier,2,hard,429,0.9990675990675991,0.9976689976689976,1.0,0.9995337995337995,0.9986013986013985,1.0,0.9993006993006994,0.9981351981351981,1.0,0.5818181818181818,0.5351981351981352,0.6289044289044289,0.875990675990676,0.8433566433566434,0.9062937062937063,0.9272727272727272,0.9016317016317017,0.951048951048951,0.7046231546231545,0.6693920200170199,0.7392104423354423,0.7358631521835214,0.7053006636179178,0.7659257421934729,0.6540792540792542,0.6097902097902098,0.6988344988344989,0.8946386946386947,0.8648018648018648,0.9230769230769231,0.9990675990675991,0.9976689976689976,1.0,0.875990675990676,0.8433566433566434,0.9062937062937063,0.0004662004662004662,0.0,0.0013986013986013988,0.0004662004662004662,0.0,0.0013986013986013988,0.0,0.0,0.008874978915283301
"name_router_strip(wsum(bm25_stem,dense:bge-m3;w=0.3|0.7))",native_full,tier,2,random,429,1.0,0.9911250210847168,1.0,1.0,0.9911250210847168,1.0,1.0,0.9911250210847168,1.0,0.5827505827505828,0.5355563919974016,0.6284759541494864,0.8764568764568764,0.8419365534065953,0.9042951058250212,0.9277389277389277,0.8992570436500482,0.9486284638979496,0.7054297554297554,0.670198828948829,0.7401110232360232,0.7364739757455345,0.7058566309638968,0.7665710772314611,0.655011655011655,0.6088320916898783,0.6984397679937285,0.8951048951048951,0.8625193778051505,0.9206773171778775,1.0,0.9911250210847168,1.0,0.8764568764568764,0.8419365534065953,0.9042951058250212,0.0,0.0,0.008874978915283301,0.0,0.0,0.008874978915283301,0.0,0.0,0.008874978915283301
"name_router_strip(wsum(bm25_stem,dense:bge-m3;w=0.3|0.7))",native_full,tier,5,hard,429,0.9967365967365968,0.9916083916083915,1.0,0.9981351981351981,0.9953379953379954,1.0,0.9973581973581974,0.9932400932400933,1.0,0.5794871794871795,0.5324009324009324,0.6265734265734266,0.8745920745920746,0.8419580419580419,0.9048951048951048,0.9258741258741259,0.9002331002331002,0.9496503496503496,0.7027047027047028,0.667276566026566,0.7374574037074036,0.7344826620024739,0.7037949026485939,0.7646041595733405,0.6517482517482518,0.606993006993007,0.6960489510489509,0.8932400932400932,0.863857808857809,0.9212121212121211,0.9976689976689976,0.9939393939393939,1.0,0.8745920745920746,0.8419580419580419,0.9048951048951048,0.0018648018648018648,0.0,0.004662004662004662,0.0013986013986013988,0.0,0.0037296037296037296,0.0,0.0,0.008874978915283301
"name_router_strip(wsum(bm25_stem,dense:bge-m3;w=0.3|0.7))",native_full,tier,5,random,429,0.9995337995337995,0.9986013986013985,1.0,0.9995337995337995,0.9986013986013985,1.0,0.9995337995337995,0.9986013986013985,1.0,0.5822843822843823,0.5356643356643357,0.6289044289044289,0.875990675990676,0.8433566433566434,0.9067599067599068,0.9272727272727272,0.9016317016317017,0.951048951048951,0.704963554963555,0.6699073611573612,0.739569967069967,0.7361881262384178,0.7057415891124134,0.7660813904549759,0.6545454545454545,0.6102564102564103,0.6988461538461537,0.8946386946386947,0.8648018648018648,0.9226107226107226,0.9995337995337995,0.9986013986013985,1.0,0.875990675990676,0.8433566433566434,0.9067599067599068,0.0004662004662004662,0.0,0.0013986013986013988,0.0,0.0,0.008874978915283301,0.0,0.0,0.008874978915283301
"name_router_strip(wsum(bm25_stem,dense:bge-m3;w=0.3|0.7))",native_full,tier,10,hard,429,0.9953379953379954,0.9831631843726782,0.9987205777741859,0.9953379953379954,0.9831631843726782,0.9987205777741859,0.9953379953379954,0.9831631843726782,0.9987205777741859,0.578088578088578,0.5308648338722313,0.6239262533368037,0.8717948717948718,0.8368276842279504,0.9001627160658133,0.9230769230769231,0.8939395607727904,0.9447046878373547,0.7006937506937507,0.665087481962482,0.7357390063640065,0.7329459251426861,0.7019142696971666,0.763402237398685,0.6503496503496503,0.6040719341635085,0.6939586665822454,0.8904428904428905,0.8573500246757002,0.916605411369475,0.9953379953379954,0.9831631843726782,0.9987205777741859,0.8717948717948718,0.8368276842279504,0.9001627160658133,0.004662004662004662,0.0012794222258141726,0.016836815627321967,0.0,0.0,0.008874978915283301,0.0,0.0,0.008874978915283301
"name_router_strip(wsum(bm25_stem,dense:bge-m3;w=0.3|0.7))",native_full,tier,10,random,429,0.9995337995337995,0.9986013986013985,1.0,0.9995337995337995,0.9986013986013985,1.0,0.9995337995337995,0.9986013986013985,1.0,0.5822843822843823,0.5356643356643357,0.6289044289044289,0.875990675990676,0.8433566433566434,0.9067599067599068,0.9272727272727272,0.9016317016317017,0.951048951048951,0.704963554963555,0.6699073611573612,0.739569967069967,0.7361172528018907,0.705634412603545,0.766074599246336,0.6545454545454545,0.6102564102564103,0.6988461538461537,0.8946386946386947,0.8648018648018648,0.9226107226107226,0.9995337995337995,0.9986013986013985,1.0,0.875990675990676,0.8433566433566434,0.9067599067599068,0.0004662004662004662,0.0,0.0013986013986013988,0.0,0.0,0.008874978915283301,0.0,0.0,0.008874978915283301
"name_router_strip(wsum(bm25_stem,dense:bge-m3;w=0.3|0.7))",native_full,tier,20,hard,429,0.9953379953379954,0.9831631843726782,0.9987205777741859,0.9953379953379954,0.9831631843726782,0.9987205777741859,0.9953379953379954,0.9831631843726782,0.9987205777741859,0.5757575757575758,0.5285206349290437,0.621649822811065,0.8717948717948718,0.8368276842279504,0.9001627160658133,0.9230769230769231,0.8939395607727904,0.9447046878373547,0.6995282495282495,0.6642964442964443,0.7342358336108336,0.7320856215379576,0.7013246285144338,0.7623877906554946,0.6503496503496503,0.6040719341635085,0.6939586665822454,0.8904428904428905,0.8573500246757002,0.916605411369475,0.9953379953379954,0.9831631843726782,0.9987205777741859,0.8717948717948718,0.8368276842279504,0.9001627160658133,0.004662004662004662,0.0012794222258141726,0.016836815627321967,0.0,0.0,0.008874978915283301,0.0,0.0,0.008874978915283301
"name_router_strip(wsum(bm25_stem,dense:bge-m3;w=0.3|0.7))",native_full,tier,20,random,429,0.9981351981351982,0.9948717948717948,1.0,0.9990675990675991,0.9976689976689976,1.0,0.9986013986013985,0.9962703962703963,1.0,0.5808857808857809,0.5342657342657342,0.6279720279720279,0.8755244755244755,0.8428904428904429,0.9058391608391607,0.9268065268065269,0.9011655011655012,0.9505827505827507,0.7040311540311541,0.6688549644799644,0.7386367105117105,0.7353027609789403,0.7048433361214257,0.7653699077401335,0.6531468531468533,0.6083916083916084,0.6979020979020979,0.8941724941724942,0.8643356643356643,0.9226107226107226,0.9990675990675991,0.9976689976689976,1.0,0.8755244755244755,0.8428904428904429,0.9058391608391607,0.0009324009324009324,0.0,0.002331002331002331,0.0009324009324009324,0.0,0.0027972027972027976,0.0,0.0,0.008874978915283301
"name_router_strip(wsum(bm25_stem,dense:bge-m3;w=0.3|0.7))",native_full,tier,50,hard,429,0.9953379953379954,0.9831631843726782,0.9987205777741859,0.9953379953379954,0.9831631843726782,0.9987205777741859,0.9953379953379954,0.9831631843726782,0.9987205777741859,0.578088578088578,0.5308648338722313,0.6239262533368037,0.8717948717948718,0.8368276842279504,0.9001627160658133,0.9230769230769231,0.8939395607727904,0.9447046878373547,0.7006937506937507,0.665087481962482,0.7357390063640065,0.7329459251426861,0.7019142696971666,0.763402237398685,0.6503496503496503,0.6040719341635085,0.6939586665822454,0.8904428904428905,0.8573500246757002,0.916605411369475,0.9953379953379954,0.9831631843726782,0.9987205777741859,0.8717948717948718,0.8368276842279504,0.9001627160658133,0.004662004662004662,0.0012794222258141726,0.016836815627321967,0.0,0.0,0.008874978915283301,0.0,0.0,0.008874978915283301
"name_router_strip(wsum(bm25_stem,dense:bge-m3;w=0.3|0.7))",native_full,tier,50,random,429,0.9962703962703963,0.9906759906759907,1.0,0.9986013986013985,0.9962703962703963,1.0,0.9974358974358973,0.9934731934731934,1.0,0.579020979020979,0.531934731934732,0.6261072261072261,0.875058275058275,0.842878787878788,0.9058275058275059,0.9263403263403263,0.9006993006993006,0.9501165501165502,0.7028360528360528,0.6674859631109631,0.7376199263699262,0.734464558445582,0.7037880078745737,0.7646804070838985,0.6512820512820512,0.6065268065268065,0.6955710955710955,0.8937062937062936,0.863869463869464,0.9221445221445222,0.9981351981351982,0.9948717948717948,1.0,0.875058275058275,0.842878787878788,0.9058275058275059,0.0013986013986013988,0.0,0.0037296037296037296,0.0018648018648018648,0.0,0.005128205128205128,0.0004662004662004662,0.0,0.0013986013986013988
"name_router_strip(wsum(bm25_stem,dense:bge-m3;w=0.3|0.7))",native_full,tier,100,hard,429,0.9953379953379954,0.9831631843726782,0.9987205777741859,0.9953379953379954,0.9831631843726782,0.9987205777741859,0.9953379953379954,0.9831631843726782,0.9987205777741859,0.578088578088578,0.5308648338722313,0.6239262533368037,0.8717948717948718,0.8368276842279504,0.9001627160658133,0.9230769230769231,0.8939395607727904,0.9447046878373547,0.7006937506937507,0.665087481962482,0.7357390063640065,0.7329459251426861,0.7019142696971666,0.763402237398685,0.6503496503496503,0.6040719341635085,0.6939586665822454,0.8904428904428905,0.8573500246757002,0.916605411369475,0.9953379953379954,0.9831631843726782,0.9987205777741859,0.8717948717948718,0.8368276842279504,0.9001627160658133,0.004662004662004662,0.0012794222258141726,0.016836815627321967,0.0,0.0,0.008874978915283301,0.0,0.0,0.008874978915283301
"name_router_strip(wsum(bm25_stem,dense:bge-m3;w=0.3|0.7))",native_full,tier,100,random,429,0.9958041958041958,0.9892773892773892,1.0,0.9962703962703963,0.9902097902097903,1.0,0.9962470862470862,0.9903729603729604,1.0,0.5785547785547785,0.531934731934732,0.6251748251748251,0.8727272727272727,0.84009324009324,0.903030303030303,0.924941724941725,0.8993006993006993,0.9487179487179487,0.7015558515558517,0.6659329328079328,0.7365373284123286,0.7336386375470574,0.7028509405788383,0.7639333634594663,0.6508158508158508,0.6060606060606061,0.695104895104895,0.8913752913752914,0.861072261072261,0.9198251748251747,0.9962703962703963,0.9902097902097903,1.0,0.8731934731934733,0.8405594405594407,0.903962703962704,0.002797202797202797,0.0,0.006993006993006993,0.0009324009324009324,0.0,0.002331002331002331,0.0004662004662004662,0.0,0.0013986013986013988
"name_router_strip(wsum(bm25_stem,dense:bge-m3;w=0.3|0.7))",native_full,tier,165,hard,429,0.9953379953379954,0.9831631843726782,0.9987205777741859,0.9953379953379954,0.9831631843726782,0.9987205777741859,0.9953379953379954,0.9831631843726782,0.9987205777741859,0.578088578088578,0.5308648338722313,0.6239262533368037,0.8717948717948718,0.8368276842279504,0.9001627160658133,0.9230769230769231,0.8939395607727904,0.9447046878373547,0.7006937506937507,0.665087481962482,0.7357390063640065,0.7329459251426861,0.7019142696971666,0.763402237398685,0.6503496503496503,0.6040719341635085,0.6939586665822454,0.8904428904428905,0.8573500246757002,0.916605411369475,0.9953379953379954,0.9831631843726782,0.9987205777741859,0.8717948717948718,0.8368276842279504,0.9001627160658133,0.004662004662004662,0.0012794222258141726,0.016836815627321967,0.0,0.0,0.008874978915283301,0.0,0.0,0.008874978915283301
"name_router_strip(wsum(bm25_stem,dense:bge-m3;w=0.3|0.7))",native_full,tier,165,random,429,0.9953379953379954,0.9831631843726782,0.9987205777741859,0.9953379953379954,0.9831631843726782,0.9987205777741859,0.9953379953379954,0.9831631843726782,0.9987205777741859,0.578088578088578,0.5308648338722313,0.6239262533368037,0.8717948717948718,0.8368276842279504,0.9001627160658133,0.9230769230769231,0.8939395607727904,0.9447046878373547,0.7006937506937507,0.665087481962482,0.7357390063640065,0.7329459251426861,0.7019142696971666,0.763402237398685,0.6503496503496503,0.6040719341635085,0.6939586665822454,0.8904428904428905,0.8573500246757002,0.916605411369475,0.9953379953379954,0.9831631843726782,0.9987205777741859,0.8717948717948718,0.8368276842279504,0.9001627160658133,0.004662004662004662,0.0012794222258141726,0.016836815627321967,0.0,0.0,0.008874978915283301,0.0,0.0,0.008874978915283301
"name_router_strip(wsum(bm25_stem,dense:bge-m3;w=0.3|0.7))",native_full,vehicle,0,,429,0.9953379953379954,0.9831631843726782,0.9987205777741859,0.9953379953379954,0.9831631843726782,0.9987205777741859,0.9953379953379954,0.9831631843726782,0.9987205777741859,0.578088578088578,0.5308648338722313,0.6239262533368037,0.8717948717948718,0.8368276842279504,0.9001627160658133,0.9230769230769231,0.8939395607727904,0.9447046878373547,0.7007677507677508,0.6652255152255152,0.7358631183631184,0.7330212242980926,0.701989568852573,0.7635028983311095,0.6503496503496503,0.6040719341635085,0.6939586665822454,0.8904428904428905,0.8573500246757002,0.916605411369475,0.9953379953379954,0.9831631843726782,0.9987205777741859,0.8717948717948718,0.8368276842279504,0.9001627160658133,0.004662004662004662,0.0012794222258141726,0.016836815627321967,0.0,0.0,0.008874978915283301,0.0,0.0,0.008874978915283301
"name_router_strip(wsum(bm25_stem,dense:bge-m3;w=0.3|0.7))",native_model,global,0,,429,0.9836829836829837,0.9667065647956093,0.9920740500066224,0.9953379953379954,0.9831631843726782,0.9987205777741859,0.9895104895104895,0.9801864801864801,0.9965034965034965,0.5734265734265734,0.5261774863109362,0.619372341960246,0.8671328671328671,0.8317321764742199,0.8960169648816908,0.9184149184149184,0.8886480417110011,0.940754947961291,0.6958763458763458,0.6600361906611907,0.7310203916453917,0.7275590202990251,0.6965562277368772,0.7580585025125374,0.6433566433566433,0.5969404460267994,0.6872282663121753,0.8904428904428905,0.8573500246757002,0.916605411369475,0.986013986013986,0.9698265046906877,0.9935747395804707,0.8694638694638694,0.8342782978532459,0.8980914729715914,0.004662004662004662,0.0012794222258141726,0.016836815627321967,0.011655011655011656,0.004988317064839966,0.02698980919507543,0.0,0.0,0.008874978915283301
"name_router_strip(wsum(bm25_stem,dense:bge-m3;w=0.3|0.7))",native_model,manual,0,,429,1.0,0.9911250210847168,1.0,1.0,0.9911250210847168,1.0,1.0,0.9911250210847168,1.0,0.5827505827505828,0.5355563919974016,0.6284759541494864,0.8764568764568764,0.8419365534065953,0.9042951058250212,0.9277389277389277,0.8992570436500482,0.9486284638979496,0.7054297554297554,0.670198828948829,0.7401110232360232,0.7364952627785203,0.7058904775414341,0.7666126174084947,0.655011655011655,0.6088320916898783,0.6984397679937285,0.8951048951048951,0.8625193778051505,0.9206773171778775,1.0,0.9911250210847168,1.0,0.8764568764568764,0.8419365534065953,0.9042951058250212,0.0,0.0,0.008874978915283301,0.0,0.0,0.008874978915283301,0.0,0.0,0.008874978915283301
"name_router_strip(wsum(bm25_stem,dense:bge-m3;w=0.3|0.7))",native_model,tier,1,hard,429,1.0,0.9911250210847168,1.0,1.0,0.9911250210847168,1.0,1.0,0.9911250210847168,1.0,0.5827505827505828,0.5355563919974016,0.6284759541494864,0.8764568764568764,0.8419365534065953,0.9042951058250212,0.9277389277389277,0.8992570436500482,0.9486284638979496,0.7054297554297554,0.670198828948829,0.7401110232360232,0.7364952627785203,0.7058904775414341,0.7666126174084947,0.655011655011655,0.6088320916898783,0.6984397679937285,0.8951048951048951,0.8625193778051505,0.9206773171778775,1.0,0.9911250210847168,1.0,0.8764568764568764,0.8419365534065953,0.9042951058250212,0.0,0.0,0.008874978915283301,0.0,0.0,0.008874978915283301,0.0,0.0,0.008874978915283301
"name_router_strip(wsum(bm25_stem,dense:bge-m3;w=0.3|0.7))",native_model,tier,1,random,429,1.0,0.9911250210847168,1.0,1.0,0.9911250210847168,1.0,1.0,0.9911250210847168,1.0,0.5827505827505828,0.5355563919974016,0.6284759541494864,0.8764568764568764,0.8419365534065953,0.9042951058250212,0.9277389277389277,0.8992570436500482,0.9486284638979496,0.7054297554297554,0.670198828948829,0.7401110232360232,0.7364952627785203,0.7058904775414341,0.7666126174084947,0.655011655011655,0.6088320916898783,0.6984397679937285,0.8951048951048951,0.8625193778051505,0.9206773171778775,1.0,0.9911250210847168,1.0,0.8764568764568764,0.8419365534065953,0.9042951058250212,0.0,0.0,0.008874978915283301,0.0,0.0,0.008874978915283301,0.0,0.0,0.008874978915283301
"name_router_strip(wsum(bm25_stem,dense:bge-m3;w=0.3|0.7))",native_model,tier,2,hard,429,0.9916083916083915,0.9836829836829837,0.9981351981351981,0.9995337995337995,0.9986013986013985,1.0,0.9955710955710956,0.9913752913752915,0.9988344988344988,0.5785547785547785,0.531934731934732,0.6256410256410256,0.8722610722610722,0.8391608391608392,0.903030303030303,0.924009324009324,0.8979020979020979,0.9482517482517482,0.7015345765345766,0.6662122599622599,0.7364978308728308,0.7326816553124025,0.7019705183923225,0.7626701194204067,0.6484848484848486,0.6032634032634033,0.693251748251748,0.8946386946386947,0.8648018648018648,0.9230769230769231,0.9925407925407924,0.9846153846153846,0.9986013986013985,0.8736596736596737,0.841025641025641,0.9044289044289044,0.0004662004662004662,0.0,0.0013986013986013988,0.007925407925407925,0.0018648018648018648,0.015850815850815853,0.0,0.0,0.008874978915283301
"name_router_strip(wsum(bm25_stem,dense:bge-m3;w=0.3|0.7))",native_model,tier,2,random,429,1.0,0.9911250210847168,1.0,1.0,0.9911250210847168,1.0,1.0,0.9911250210847168,1.0,0.5827505827505828,0.5355563919974016,0.6284759541494864,0.8764568764568764,0.8419365534065953,0.9042951058250212,0.9277389277389277,0.8992570436500482,0.9486284638979496,0.7054297554297554,0.670198828948829,0.7401110232360232,0.7364739757455345,0.7058566309638968,0.7665710772314611,0.655011655011655,0.6088320916898783,0.6984397679937285,0.8951048951048951,0.8625193778051505,0.9206773171778775,1.0,0.9911250210847168,1.0,0.8764568764568764,0.8419365534065953,0.9042951058250212,0.0,0.0,0.008874978915283301,0.0,0.0,0.008874978915283301,0.0,0.0,0.008874978915283301
"name_router_strip(wsum(bm25_stem,dense:bge-m3;w=0.3|0.7))",native_model,tier,5,hard,429,0.9850815850815852,0.9729603729603729,0.9953379953379954,0.9981351981351981,0.9953379953379954,1.0,0.9915306915306915,0.9847707847707848,0.9976689976689976,0.5748251748251749,0.5277389277389277,0.6214452214452215,0.8699300699300699,0.8363636363636364,0.9011655011655012,0.9212121212121211,0.8946386946386945,0.9454545454545455,0.6978872978872978,0.6621933390683391,0.7329829198579197,0.7293754478378753,0.6984946921844533,0.7595250873342844,0.6447552447552448,0.5995337995337995,0.6895104895104894,0.8932400932400932,0.863857808857809,0.9212121212121211,0.9883449883449883,0.9776223776223776,0.9967482517482515,0.8722610722610722,0.8391608391608392,0.9030419580419579,0.0018648018648018648,0.0,0.004662004662004662,0.013053613053613054,0.0037296037296037296,0.024242424242424242,0.0,0.0,0.008874978915283301
"name_router_strip(wsum(bm25_stem,dense:bge-m3;w=0.3|0.7))",native_model,tier,5,random,429,0.9995337995337995,0.9986013986013985,1.0,0.9995337995337995,0.9986013986013985,1.0,0.9995337995337995,0.9986013986013985,1.0,0.5822843822843823,0.5356643356643357,0.6289044289044289,0.875990675990676,0.8433566433566434,0.9067599067599068,0.9272727272727272,0.9016317016317017,0.951048951048951,0.704963554963555,0.6699073611573612,0.739569967069967,0.7361507000328925,0.7057041626125413,0.7660332935406503,0.6545454545454545,0.6102564102564103,0.6988461538461537,0.8946386946386947,0.8648018648018648,0.9226107226107226,0.9995337995337995,0.9986013986013985,1.0,0.875990675990676,0.8433566433566434,0.9067599067599068,0.0004662004662004662,0.0,0.0013986013986013988,0.0,0.0,0.008874978915283301,0.0,0.0,0.008874978915283301
"name_router_strip(wsum(bm25_stem,dense:bge-m3;w=0.3|0.7))",native_model,tier,10,hard,429,0.9836829836829837,0.9667065647956093,0.9920740500066224,0.9953379953379954,0.9831631843726782,0.9987205777741859,0.9895104895104895,0.9801864801864801,0.9965034965034965,0.5734265734265734,0.5261774863109362,0.619372341960246,0.8671328671328671,0.8317321764742199,0.8960169648816908,0.9184149184149184,0.8886480417110011,0.940754947961291,0.6958763458763458,0.6600361906611907,0.7310203916453917,0.7275590202990251,0.6965562277368772,0.7580585025125374,0.6433566433566433,0.5969404460267994,0.6872282663121753,0.8904428904428905,0.8573500246757002,0.916605411369475,0.986013986013986,0.9698265046906877,0.9935747395804707,0.8694638694638694,0.8342782978532459,0.8980914729715914,0.004662004662004662,0.0012794222258141726,0.016836815627321967,0.011655011655011656,0.004988317064839966,0.02698980919507543,0.0,0.0,0.008874978915283301
"name_router_strip(wsum(bm25_stem,dense:bge-m3;w=0.3|0.7))",native_model,tier,10,random,429,0.9995337995337995,0.9986013986013985,1.0,0.9995337995337995,0.9986013986013985,1.0,0.9995337995337995,0.9986013986013985,1.0,0.5822843822843823,0.5356643356643357,0.6289044289044289,0.875990675990676,0.8433566433566434,0.9067599067599068,0.9272727272727272,0.9016317016317017,0.951048951048951,0.704963554963555,0.6699073611573612,0.739569967069967,0.7360798265963653,0.7056014147052281,0.7659990170514476,0.6545454545454545,0.6102564102564103,0.6988461538461537,0.8946386946386947,0.8648018648018648,0.9226107226107226,0.9995337995337995,0.9986013986013985,1.0,0.875990675990676,0.8433566433566434,0.9067599067599068,0.0004662004662004662,0.0,0.0013986013986013988,0.0,0.0,0.008874978915283301,0.0,0.0,0.008874978915283301
"name_router_strip(wsum(bm25_stem,dense:bge-m3;w=0.3|0.7))",native_model,tier,20,hard,429,0.9836829836829837,0.9667065647956093,0.9920740500066224,0.9953379953379954,0.9831631843726782,0.9987205777741859,0.9895104895104895,0.9801864801864801,0.9965034965034965,0.5734265734265734,0.5261774863109362,0.619372341960246,0.8671328671328671,0.8317321764742199,0.8960169648816908,0.9184149184149184,0.8886480417110011,0.940754947961291,0.6958763458763458,0.6600361906611907,0.7310203916453917,0.7275590202990251,0.6965562277368772,0.7580585025125374,0.6433566433566433,0.5969404460267994,0.6872282663121753,0.8904428904428905,0.8573500246757002,0.916605411369475,0.986013986013986,0.9698265046906877,0.9935747395804707,0.8694638694638694,0.8342782978532459,0.8980914729715914,0.004662004662004662,0.0012794222258141726,0.016836815627321967,0.011655011655011656,0.004988317064839966,0.02698980919507543,0.0,0.0,0.008874978915283301
"name_router_strip(wsum(bm25_stem,dense:bge-m3;w=0.3|0.7))",native_model,tier,20,random,429,0.9962703962703963,0.992074592074592,0.9995337995337995,0.9990675990675991,0.9976689976689976,1.0,0.9976689976689976,0.9948717948717949,0.9995337995337995,0.57995337995338,0.5333333333333333,0.6265850815850814,0.8745920745920746,0.8419580419580419,0.9053613053613053,0.9258741258741259,0.9002331002331002,0.9496503496503496,0.7033085433085432,0.6680337347837346,0.7379930717430717,0.7344467372384154,0.7038813607939881,0.7645071671783674,0.6512820512820512,0.6065268065268065,0.6960372960372961,0.8941724941724942,0.8643356643356643,0.9226107226107226,0.9972027972027971,0.9939393939393939,0.9995337995337995,0.8745920745920746,0.8419580419580419,0.9053613053613053,0.0009324009324009324,0.0,0.002331002331002331,0.0027972027972027976,0.0,0.006526806526806528,0.0,0.0,0.008874978915283301
"name_router_strip(wsum(bm25_stem,dense:bge-m3;w=0.3|0.7))",native_model,tier,50,hard,429,0.9836829836829837,0.9667065647956093,0.9920740500066224,0.9953379953379954,0.9831631843726782,0.9987205777741859,0.9895104895104895,0.9801864801864801,0.9965034965034965,0.5734265734265734,0.5261774863109362,0.619372341960246,0.8671328671328671,0.8317321764742199,0.8960169648816908,0.9184149184149184,0.8886480417110011,0.940754947961291,0.6958763458763458,0.6600361906611907,0.7310203916453917,0.7275590202990251,0.6965562277368772,0.7580585025125374,0.6433566433566433,0.5969404460267994,0.6872282663121753,0.8904428904428905,0.8573500246757002,0.916605411369475,0.986013986013986,0.9698265046906877,0.9935747395804707,0.8694638694638694,0.8342782978532459,0.8980914729715914,0.004662004662004662,0.0012794222258141726,0.016836815627321967,0.011655011655011656,0.004988317064839966,0.02698980919507543,0.0,0.0,0.008874978915283301
"name_router_strip(wsum(bm25_stem,dense:bge-m3;w=0.3|0.7))",native_model,tier,50,random,429,0.993006993006993,0.9864685314685315,0.9981351981351981,0.9986013986013985,0.9962703962703963,1.0,0.9958041958041958,0.9913752913752915,0.9990675990675991,0.5776223776223777,0.5305361305361306,0.624254079254079,0.8741258741258742,0.8414918414918415,0.9048951048951048,0.9249417249417249,0.8993006993006993,0.9487179487179487,0.7015889665889666,0.6662965691715692,0.7361037758537758,0.7329815556085169,0.7024329694465689,0.7630403615519065,0.6489510489510489,0.6041958041958042,0.693251748251748,0.8937062937062936,0.863869463869464,0.9221445221445222,0.9953379953379954,0.9906759906759907,0.9990675990675991,0.8741258741258742,0.8414918414918415,0.9048951048951048,0.0013986013986013988,0.0,0.0037296037296037296,0.005128205128205128,0.0013986013986013988,0.009790209790209791,0.0004662004662004662,0.0,0.0013986013986013988
"name_router_strip(wsum(bm25_stem,dense:bge-m3;w=0.3|0.7))",native_model,tier,100,hard,429,0.9836829836829837,0.9667065647956093,0.9920740500066224,0.9953379953379954,0.9831631843726782,0.9987205777741859,0.9895104895104895,0.9801864801864801,0.9965034965034965,0.5734265734265734,0.5261774863109362,0.619372341960246,0.8671328671328671,0.8317321764742199,0.8960169648816908,0.9184149184149184,0.8886480417110011,0.940754947961291,0.6958763458763458,0.6600361906611907,0.7310203916453917,0.7275590202990251,0.6965562277368772,0.7580585025125374,0.6433566433566433,0.5969404460267994,0.6872282663121753,0.8904428904428905,0.8573500246757002,0.916605411369475,0.986013986013986,0.9698265046906877,0.9935747395804707,0.8694638694638694,0.8342782978532459,0.8980914729715914,0.004662004662004662,0.0012794222258141726,0.016836815627321967,0.011655011655011656,0.004988317064839966,0.02698980919507543,0.0,0.0,0.008874978915283301
"name_router_strip(wsum(bm25_stem,dense:bge-m3;w=0.3|0.7))",native_model,tier,100,random,429,0.9902097902097904,0.9818181818181818,0.9972027972027971,0.9962703962703963,0.9902097902097903,1.0,0.9934498834498835,0.9868764568764569,0.9983682983682984,0.5762237762237763,0.5291375291375291,0.6233100233100233,0.8708624708624709,0.8382167832167833,0.9016317016317017,0.9226107226107226,0.896969696969697,0.9463869463869464,0.6993452843452843,0.6637895114145115,0.7340289294039295,0.731161959772503,0.7005422719058897,0.7613409438012987,0.6470862470862472,0.6023310023310022,0.6913752913752914,0.8913752913752914,0.861072261072261,0.9198251748251747,0.9916083916083915,0.9836829836829837,0.9976689976689976,0.8717948717948718,0.8391608391608392,0.9025641025641026,0.002797202797202797,0.0,0.006993006993006993,0.006526806526806528,0.0018648018648018648,0.012121212121212121,0.0004662004662004662,0.0,0.0013986013986013988
"name_router_strip(wsum(bm25_stem,dense:bge-m3;w=0.3|0.7))",native_model,tier,165,hard,429,0.9836829836829837,0.9667065647956093,0.9920740500066224,0.9953379953379954,0.9831631843726782,0.9987205777741859,0.9895104895104895,0.9801864801864801,0.9965034965034965,0.5734265734265734,0.5261774863109362,0.619372341960246,0.8671328671328671,0.8317321764742199,0.8960169648816908,0.9184149184149184,0.8886480417110011,0.940754947961291,0.6958763458763458,0.6600361906611907,0.7310203916453917,0.7275590202990251,0.6965562277368772,0.7580585025125374,0.6433566433566433,0.5969404460267994,0.6872282663121753,0.8904428904428905,0.8573500246757002,0.916605411369475,0.986013986013986,0.9698265046906877,0.9935747395804707,0.8694638694638694,0.8342782978532459,0.8980914729715914,0.004662004662004662,0.0012794222258141726,0.016836815627321967,0.011655011655011656,0.004988317064839966,0.02698980919507543,0.0,0.0,0.008874978915283301
"name_router_strip(wsum(bm25_stem,dense:bge-m3;w=0.3|0.7))",native_model,tier,165,random,429,0.9836829836829837,0.9667065647956093,0.9920740500066224,0.9953379953379954,0.9831631843726782,0.9987205777741859,0.9895104895104895,0.9801864801864801,0.9965034965034965,0.5734265734265734,0.5261774863109362,0.619372341960246,0.8671328671328671,0.8317321764742199,0.8960169648816908,0.9184149184149184,0.8886480417110011,0.940754947961291,0.6958763458763458,0.6600361906611907,0.7310203916453917,0.7275590202990251,0.6965562277368772,0.7580585025125374,0.6433566433566433,0.5969404460267994,0.6872282663121753,0.8904428904428905,0.8573500246757002,0.916605411369475,0.986013986013986,0.9698265046906877,0.9935747395804707,0.8694638694638694,0.8342782978532459,0.8980914729715914,0.004662004662004662,0.0012794222258141726,0.016836815627321967,0.011655011655011656,0.004988317064839966,0.02698980919507543,0.0,0.0,0.008874978915283301
"name_router_strip(wsum(bm25_stem,dense:bge-m3;w=0.3|0.7))",native_model,vehicle,0,,429,0.9953379953379954,0.9831631843726782,0.9987205777741859,0.9953379953379954,0.9831631843726782,0.9987205777741859,0.9953379953379954,0.9831631843726782,0.9987205777741859,0.578088578088578,0.5308648338722313,0.6239262533368037,0.8717948717948718,0.8368276842279504,0.9001627160658133,0.9230769230769231,0.8939395607727904,0.9447046878373547,0.7007677507677508,0.6652255152255152,0.7358631183631184,0.7324155631142498,0.7014003394912018,0.7627387137887827,0.6503496503496503,0.6040719341635085,0.6939586665822454,0.8904428904428905,0.8573500246757002,0.916605411369475,0.9953379953379954,0.9831631843726782,0.9987205777741859,0.8717948717948718,0.8368276842279504,0.9001627160658133,0.004662004662004662,0.0012794222258141726,0.016836815627321967,0.0,0.0,0.008874978915283301,0.0,0.0,0.008874978915283301
"name_router_strip(wsum(bm25_stem,dense:bge-m3;w=0.3|0.7))",native_plain,global,0,,429,0.18414918414918416,0.1503296942794218,0.22357501268104854,0.32167832167832167,0.2792264219690699,0.36729542365805923,0.2964647140191075,0.2634391320108908,0.331391314320808,0.14685314685314685,0.11649485329383594,0.1834797821638117,0.289044289044289,0.24816967005047474,0.3336633630116844,0.372960372960373,0.328516122749774,0.41965957119373637,0.21178451178451177,0.17835851648351647,0.24567663817663815,0.2308003745836136,0.19850960956669642,0.26334484526197754,0.1445221445221445,0.11440215458357111,0.18095185140515008,0.3076923076923077,0.2658853472608117,0.3529127215527589,0.26107226107226106,0.2217608680442633,0.3046246113907789,0.351981351981352,0.30828363904162037,0.3983063896815522,0.002331002331002331,0.0004115977258030276,0.01308401065840669,0.10955710955710955,0.08339458863052511,0.14264997532429988,0.703962703962704,0.659108197723367,0.7451968808076948
"name_router_strip(wsum(bm25_stem,dense:bge-m3;w=0.3|0.7))",native_plain,manual,0,,429,1.0,0.9911250210847168,1.0,1.0,0.9911250210847168,1.0,1.0,0.9911250210847168,1.0,0.5920745920745921,0.5449522184829876,0.637562645539606,0.8857808857808858,0.8521969892630238,0.9125171878442985,0.9393939393939394,0.9126801685446924,0.9583084863479376,0.7145530395530394,0.679180611055611,0.7488215719465718,0.7465753616129115,0.7158944049883289,0.7762193389444544,0.6666666666666666,0.6207532210245654,0.7096217860036733,0.9114219114219114,0.8807552340647755,0.9347858672007374,1.0,0.9911250210847168,1.0,0.8857808857808858,0.8521969892630238,0.9125171878442985,0.0,0.0,0.008874978915283301,0.0,0.0,0.008874978915283301,0.0,0.0,0.008874978915283301
"name_router_strip(wsum(bm25_stem,dense:bge-m3;w=0.3|0.7))",native_plain,tier,1,hard,429,1.0,0.9911250210847168,1.0,1.0,0.9911250210847168,1.0,1.0,0.9911250210847168,1.0,0.5920745920745921,0.5449522184829876,0.637562645539606,0.8857808857808858,0.8521969892630238,0.9125171878442985,0.9393939393939394,0.9126801685446924,0.9583084863479376,0.7145530395530394,0.679180611055611,0.7488215719465718,0.7465753616129115,0.7158944049883289,0.7762193389444544,0.6666666666666666,0.6207532210245654,0.7096217860036733,0.9114219114219114,0.8807552340647755,0.9347858672007374,1.0,0.9911250210847168,1.0,0.8857808857808858,0.8521969892630238,0.9125171878442985,0.0,0.0,0.008874978915283301,0.0,0.0,0.008874978915283301,0.0,0.0,0.008874978915283301
"name_router_strip(wsum(bm25_stem,dense:bge-m3;w=0.3|0.7))",native_plain,tier,1,random,429,1.0,0.9911250210847168,1.0,1.0,0.9911250210847168,1.0,1.0,0.9911250210847168,1.0,0.5920745920745921,0.5449522184829876,0.637562645539606,0.8857808857808858,0.8521969892630238,0.9125171878442985,0.9393939393939394,0.9126801685446924,0.9583084863479376,0.7145530395530394,0.679180611055611,0.7488215719465718,0.7465753616129115,0.7158944049883289,0.7762193389444544,0.6666666666666666,0.6207532210245654,0.7096217860036733,0.9114219114219114,0.8807552340647755,0.9347858672007374,1.0,0.9911250210847168,1.0,0.8857808857808858,0.8521969892630238,0.9125171878442985,0.0,0.0,0.008874978915283301,0.0,0.0,0.008874978915283301,0.0,0.0,0.008874978915283301
"name_router_strip(wsum(bm25_stem,dense:bge-m3;w=0.3|0.7))",native_plain,tier,2,hard,429,0.8088578088578089,0.7794871794871794,0.8377622377622377,1.0,0.9911250210847168,1.0,0.9044289044289044,0.8897435897435898,0.9188811188811189,0.4797202797202797,0.43543123543123546,0.5235431235431235,0.8251748251748252,0.7902097902097902,0.8587412587412587,0.8979020979020979,0.8694638694638694,0.924941724941725,0.622995522995523,0.5874837384837385,0.6578412235912235,0.6646116954888442,0.632893282526286,0.6958955022182465,0.5337995337995338,0.48997668997669,0.5766899766899767,0.8615384615384616,0.8303030303030304,0.8918414918414919,0.8536130536130536,0.8265734265734266,0.8801864801864803,0.8317016317016317,0.7976689976689977,0.8648018648018648,0.0032634032634032634,0.0,0.007459207459207459,0.17389277389277388,0.1463869463869464,0.20186480186480188,0.013986013986013986,0.006425260419529346,0.030173495309312466
"name_router_strip(wsum(bm25_stem,dense:bge-m3;w=0.3|0.7))",native_plain,tier,2,random,429,0.8815850815850815,0.8620046620046621,0.9002447552447551,1.0,0.9911250210847168,1.0,0.9407925407925408,0.9310023310023311,0.9501223776223776,0.5282051282051282,0.48390442890442903,0.5715617715617716,0.8377622377622377,0.8055944055944056,0.8689976689976691,0.9053613053613053,0.8792540792540793,0.9300699300699301,0.657057942057942,0.6221394531394532,0.6915351454101453,0.6931646869303478,0.662447383005129,0.7236250170947185,0.5911421911421912,0.5482517482517483,0.634032634032634,0.8596736596736598,0.8298368298368298,0.8885780885780887,0.8843822843822845,0.8648018648018648,0.9034965034965035,0.8386946386946387,0.8065268065268065,0.86993006993007,0.0004662004662004662,0.0,0.0013986013986013988,0.006993006993006993,0.0037296037296037296,0.010722610722610722,0.11095571095571094,0.09230769230769233,0.13006993006993006
"name_router_strip(wsum(bm25_stem,dense:bge-m3;w=0.3|0.7))",native_plain,tier,5,hard,429,0.5445221445221445,0.49976689976689975,0.5883449883449884,0.9020979020979021,0.8750466200466201,0.9272727272727271,0.7244677544677545,0.6959438616938617,0.7519271561771561,0.3421911421911422,0.29883449883449886,0.3864801864801865,0.6913752913752914,0.6484848484848484,0.7337995337995338,0.7999999999999999,0.7622377622377622,0.8363636363636364,0.4834015984015984,0.44657391219891224,0.5216651959151959,0.5297934411378582,0.49549803894864314,0.5640217173093757,0.3668997668997669,0.3235431235431236,0.4111888111888111,0.7282051282051283,0.6862470862470862,0.7692307692307693,0.6783216783216783,0.6368298368298368,0.7193473193473194,0.7272727272727273,0.6857808857808859,0.7682983682983684,0.004662004662004662,0.0012794222258141726,0.016836815627321967,0.3552447552447552,0.3137529137529138,0.39813519813519815,0.09557109557109557,0.07123169987886814,0.12708908726239831
"name_router_strip(wsum(bm25_stem,dense:bge-m3;w=0.3|0.7))",native_plain,tier,5,random,429,0.7067599067599066,0.6741258741258741,0.7380069930069928,0.9501165501165502,0.9342657342657343,0.9641025641025641,0.8265034965034965,0.8055163170163171,0.8467226107226107,0.43869463869463865,0.3967365967365967,0.4806526806526807,0.7407925407925406,0.7034965034965035,0.778088578088578,0.8214452214452214,0.786946386946387,0.8545454545454546,0.5646127946127947,0.5284215691715692,0.6012311901061901,0.5996468909759233,0.5658077699735844,0.633677057965796,0.48671328671328673,0.4456876456876457,0.528216783216783,0.7673659673659673,0.7305361305361305,0.8037296037296038,0.7198135198135198,0.6871794871794872,0.7515268065268064,0.7454545454545456,0.7081585081585082,0.7822843822843824,0.0004662004662004662,0.0,0.0013986013986013988,0.02703962703962704,0.020046620046620046,0.03449883449883451,0.26573426573426573,0.2344988344988345,0.29743589743589743
"name_router_strip(wsum(bm25_stem,dense:bge-m3;w=0.3|0.7))",native_plain,tier,10,hard,429,0.36596736596736595,0.3212121212121212,0.4111888111888112,0.6643356643356644,0.6191142191142192,0.7090909090909091,0.5580053280053281,0.5246173918673919,0.5907106042106042,0.2536130536130536,0.21305361305361306,0.29603729603729606,0.5296037296037296,0.48298368298368294,0.5776223776223776,0.6652680652680653,0.6209790209790209,0.7095571095571095,0.3718059718059718,0.33468103193103194,0.41009160746660744,0.4131264941793707,0.37778704289971304,0.44845237957963896,0.2629370629370629,0.22191142191142188,0.303962703962704,0.5715617715617716,0.5249417249417249,0.6181818181818183,0.5137529137529138,0.4675990675990676,0.5608391608391609,0.5981351981351982,0.5505827505827505,0.6438228438228438,0.002331002331002331,0.0004115977258030276,0.01308401065840669,0.32167832167832167,0.27878787878787875,0.3655011655011655,0.31002331002331,0.26810568730040213,0.35531301098209483
"name_router_strip(wsum(bm25_stem,dense:bge-m3;w=0.3|0.7))",native_plain,tier,10,random,429,0.5682983682983683,0.5310023310023311,0.6055944055944056,0.84009324009324,0.8116550116550116,0.8671328671328671,0.7164935064935065,0.6893643116143117,0.7436846301846302,0.3673659673659673,0.3268065268065268,0.4084032634032633,0.6638694638694638,0.6242307692307693,0.703962703962704,0.7575757575757576,0.7198135198135199,0.7948717948717948,0.4886119436119436,0.4520587606837607,0.5260396409146408,0.5237743418782336,0.4890568439133464,0.5584297667851966,0.4018648018648019,0.3617715617715617,0.4428904428904429,0.696969696969697,0.6578088578088578,0.7365967365967366,0.5888111888111889,0.5515151515151515,0.6261072261072261,0.6741258741258741,0.6344988344988346,0.7132867132867133,0.0004662004662004662,0.0,0.0013986013986013988,0.037296037296037296,0.027972027972027975,0.04708624708624709,0.3939393939393939,0.35664335664335667,0.43123543123543123
"name_router_strip(wsum(bm25_stem,dense:bge-m3;w=0.3|0.7))",native_plain,tier,20,hard,429,0.2867132867132867,0.24596122296347245,0.33125118062976033,0.5272727272727272,0.48065268065268063,0.5743589743589743,0.45202427355028624,0.41707685958166457,0.4869954596244784,0.1958041958041958,0.16102344783933376,0.23598440646576868,0.43636363636363634,0.3897435897435897,0.4834498834498835,0.5505827505827505,0.5034965034965035,0.5972027972027972,0.29992858992858995,0.26427540052540055,0.33671434121434124,0.33497974285253923,0.30039522556988607,0.37006748782538035,0.20279720279720279,0.16746409903701423,0.24340564367486742,0.4643356643356643,0.4177156177156177,0.5114219114219114,0.40093240093240096,0.3556335417055815,0.44798970586504594,0.5268065268065268,0.47972027972027975,0.5739044289044286,0.002331002331002331,0.0004115977258030276,0.01308401065840669,0.20046620046620048,0.16531524471865544,0.24093386852429988,0.5104895104895105,0.4633031377727509,0.5574896948374181
"name_router_strip(wsum(bm25_stem,dense:bge-m3;w=0.3|0.7))",native_plain,tier,20,random,429,0.4494172494172494,0.40932400932400936,0.48997668997669,0.6806526806526807,0.6414918414918416,0.7188811188811188,0.600295222891891,0.5677442653928411,0.6336294258079018,0.29743589743589743,0.25874125874125875,0.3370629370629371,0.5459207459207459,0.503030303030303,0.5897435897435898,0.6731934731934731,0.6321678321678321,0.7146853146853147,0.4068252118252118,0.3700800495800496,0.44427355514855515,0.44087992320269165,0.40561898817306025,0.47651172372426054,0.3184149184149184,0.2792540792540793,0.35804195804195804,0.5897435897435898,0.5473193473193474,0.6321678321678322,0.4750582750582751,0.4344988344988346,0.516083916083916,0.5636363636363637,0.5212004662004663,0.6065384615384615,0.0004662004662004662,0.0,0.0013986013986013988,0.047086247086247084,0.035897435897435895,0.059207459207459213,0.503030303030303,0.46293706293706294,0.5435897435897435
"name_router_strip(wsum(bm25_stem,dense:bge-m3;w=0.3|0.7))",native_plain,tier,50,hard,429,0.23076923076923078,0.19339497932913913,0.27292231700985964,0.4125874125874126,0.36697857491734737,0.4597478199979121,0.36574888142049033,0.3310737276378254,0.40132142393341574,0.17016317016317017,0.13756886444642238,0.20861206570048949,0.3473193473193473,0.30380019593569085,0.3935485738496288,0.43123543123543123,0.3851857619183915,0.47850566874827927,0.24500222000222,0.21041453916453917,0.28040015540015534,0.26658552754204456,0.23302704012445355,0.30065936512362956,0.17249417249417248,0.13968996546024467,0.21111159415559358,0.3752913752913753,0.3307698383385157,0.42202648507392104,0.32167832167832167,0.2792264219690699,0.36729542365805923,0.4149184149184149,0.36925078039205517,0.4620962439921307,0.002331002331002331,0.0004115977258030276,0.01308401065840669,0.13286713286713286,0.10398303511830914,0.16826782352578,0.634032634032634,0.58744791052748,0.6782382839357889
"name_router_strip(wsum(bm25_stem,dense:bge-m3;w=0.3|0.7))",native_plain,tier,50,random,429,0.31934731934731936,0.28157342657342666,0.35850815850815854,0.524009324009324,0.4792540792540793,0.5678438228438226,0.45967275825737375,0.424683481751821,0.49541755180473673,0.22144522144522144,0.18554778554778553,0.2578088578088578,0.42377622377622376,0.37995337995337997,0.46853146853146854,0.5272727272727272,0.48298368298368294,0.5724941724941724,0.31114015614015617,0.27562164687164686,0.34819152606652604,0.3364979995289047,0.30200212632171025,0.3721094876008333,0.23030303030303034,0.1943939393939395,0.26666666666666666,0.4536130536130536,0.4097902097902098,0.4983682983682984,0.36223776223776233,0.32307692307692304,0.40326340326340326,0.45547785547785546,0.4116550116550117,0.49976689976689975,0.0,0.0,0.008874978915283301,0.07272727272727274,0.05687645687645688,0.08951048951048952,0.607925407925408,0.5673543123543124,0.6484848484848483
"name_router_strip(wsum(bm25_stem,dense:bge-m3;w=0.3|0.7))",native_plain,tier,100,hard,429,0.1864801864801865,0.15246424733964914,0.22606108908974765,0.337995337995338,0.29484743754889503,0.384018814360719,0.3060376451924746,0.27294203068563316,0.3409485789729189,0.14918414918414918,0.11859037476737491,0.18600489015919916,0.29836829836829837,0.25701694047141865,0.3432986104664463,0.38694638694638694,0.3420550813163108,0.433844389440758,0.21710049210049212,0.18359161671661675,0.2513681226181226,0.23778968380937843,0.20521877154433385,0.27049083216612657,0.14685314685314685,0.11649485329383594,0.1834797821638117,0.31934731934731936,0.27699976216776945,0.3649014539904333,0.2680652680652681,0.22834374046753936,0.3119036273742821,0.36596736596736595,0.32176171606421106,0.4125520894725199,0.002331002331002331,0.0004115977258030276,0.01308401065840669,0.11188811188811189,0.0854367157916176,0.1452284776321338,0.6993006993006993,0.654295902117255,0.7407679174759538
"name_router_strip(wsum(bm25_stem,dense:bge-m3;w=0.3|0.7))",native_plain,tier,100,random,429,0.22703962703962705,0.19114219114219114,0.26341491841491826,0.41025641025641024,0.36596736596736595,0.45501165501165497,0.35797101912762824,0.32397187818448897,0.3928229422483428,0.17062937062937064,0.13799533799533797,0.20466200466200468,0.34265734265734266,0.29976689976689974,0.386013986013986,0.4321678321678321,0.3874125874125874,0.47785547785547783,0.24602582602582604,0.21180251230251232,0.28101057276057273,0.2678867534197267,0.23425440949624,0.30176340046396627,0.17202797202797201,0.13939393939393938,0.2055944055944056,0.37482517482517486,0.331002331002331,0.4195804195804196,0.29090909090909095,0.2526806526806527,0.331002331002331,0.3911421911421912,0.34825174825174826,0.43543123543123546,0.0013986013986013986,0.0,0.004195804195804196,0.0965034965034965,0.07412587412587414,0.1202797202797203,0.675058275058275,0.634032634032634,0.7142191142191142
"name_router_strip(wsum(bm25_stem,dense:bge-m3;w=0.3|0.7))",native_plain,tier,165,hard,429,0.18414918414918416,0.1503296942794218,0.22357501268104854,0.32167832167832167,0.2792264219690699,0.36729542365805923,0.2964647140191075,0.2634391320108908,0.331391314320808,0.14685314685314685,0.11649485329383594,0.1834797821638117,0.289044289044289,0.24816967005047474,0.3336633630116844,0.372960372960373,0.328516122749774,0.41965957119373637,0.21178451178451177,0.17835851648351647,0.24567663817663815,0.2308003745836136,0.19850960956669644,0.26334484526197754,0.1445221445221445,0.11440215458357111,0.18095185140515008,0.3076923076923077,0.2658853472608117,0.3529127215527589,0.26107226107226106,0.2217608680442633,0.3046246113907789,0.351981351981352,0.30828363904162037,0.3983063896815522,0.002331002331002331,0.0004115977258030276,0.01308401065840669,0.10955710955710955,0.08339458863052511,0.14264997532429988,0.703962703962704,0.659108197723367,0.7451968808076948
"name_router_strip(wsum(bm25_stem,dense:bge-m3;w=0.3|0.7))",native_plain,tier,165,random,429,0.18414918414918416,0.1503296942794218,0.22357501268104854,0.32167832167832167,0.2792264219690699,0.36729542365805923,0.2964647140191075,0.2634391320108908,0.331391314320808,0.14685314685314685,0.11649485329383594,0.1834797821638117,0.289044289044289,0.24816967005047474,0.3336633630116844,0.372960372960373,0.328516122749774,0.41965957119373637,0.21178451178451177,0.17835851648351647,0.24567663817663815,0.2308003745836136,0.19850960956669644,0.26334484526197754,0.1445221445221445,0.11440215458357111,0.18095185140515008,0.3076923076923077,0.2658853472608117,0.3529127215527589,0.26107226107226106,0.2217608680442633,0.3046246113907789,0.351981351981352,0.30828363904162037,0.3983063896815522,0.002331002331002331,0.0004115977258030276,0.01308401065840669,0.10955710955710955,0.08339458863052511,0.14264997532429988,0.703962703962704,0.659108197723367,0.7451968808076948
"name_router_strip(wsum(bm25_stem,dense:bge-m3;w=0.3|0.7))",native_plain,vehicle,0,,429,0.993006993006993,0.979644178363432,0.9976189543145055,1.0,0.9911250210847168,1.0,0.9965034965034965,0.9918414918414918,1.0,0.5874125874125874,0.540252180002088,0.6330214250826528,0.8857808857808858,0.8521969892630238,0.9125171878442985,0.9393939393939394,0.9126801685446924,0.9583084863479376,0.7116392866392866,0.6764057470307471,0.7457609520109519,0.7433089601403301,0.7127709324745296,0.7729764423541694,0.662004662004662,0.6159811856392811,0.7051525624511051,0.9114219114219114,0.8807552340647755,0.9347858672007374,0.993006993006993,0.979644178363432,0.9976189543145055,0.8857808857808858,0.8521969892630238,0.9125171878442985,0.006993006993006993,0.0023810456854944425,0.020355821636568114,0.0,0.0,0.008874978915283301,0.0,0.0,0.008874978915283301
"rrf(bm25_stem,dense:bge-m3)",native_brand,global,0,,429,0.3076923076923077,0.2658853472608117,0.3529127215527589,0.5128205128205128,0.4656185272690394,0.5597949348100557,0.4456841066689454,0.4074521637990234,0.48262234529653136,0.17482517482517482,0.14181339514641184,0.2136087939383528,0.358974358974359,0.3150175124980972,0.40543440463185465,0.43356643356643354,0.3874663807382864,0.48084567939731077,0.25315610315610315,0.21784042346542348,0.289144906019906,0.27206100036598435,0.23838416792721168,0.30601048736124825,0.17715617715617715,0.1439391173214467,0.21610370123224437,0.3939393939393939,0.3488394217607179,0.4409219374031301,0.3986013986013986,0.35336775394527187,0.44563486415642906,0.43356643356643354,0.3874663807382864,0.48084567939731077,0.004662004662004662,0.0012794222258141726,0.016836815627321967,0.2703962703962704,0.2305409555924775,0.31432704171827036,0.4172494172494173,0.3715240458505137,0.46444360800259865
"rrf(bm25_stem,dense:bge-m3)",native_brand,manual,0,,429,1.0,0.9911250210847168,1.0,1.0,0.9911250210847168,1.0,1.0,0.9911250210847168,1.0,0.4592074592074592,0.4126215683033422,0.5065174159904456,0.7785547785547785,0.7368879403132116,0.8152772812234954,0.8671328671328671,0.8317321764742199,0.8960169648816908,0.5931078181078181,0.5550233793983794,0.6312645456395456,0.62958471050349,0.5960550723504892,0.6631422920846856,0.5221445221445221,0.4748902462704758,0.569005733684325,0.8135198135198135,0.7739389109102524,0.8475357526603509,1.0,0.9911250210847168,1.0,0.7785547785547785,0.7368879403132116,0.8152772812234954,0.0,0.0,0.008874978915283301,0.0,0.0,0.008874978915283301,0.0,0.0,0.008874978915283301
"rrf(bm25_stem,dense:bge-m3)",native_brand,tier,1,hard,429,1.0,0.9911250210847168,1.0,1.0,0.9911250210847168,1.0,1.0,0.9911250210847168,1.0,0.4592074592074592,0.4126215683033422,0.5065174159904456,0.7785547785547785,0.7368879403132116,0.8152772812234954,0.8671328671328671,0.8317321764742199,0.8960169648816908,0.5931078181078181,0.5550233793983794,0.6312645456395456,0.62958471050349,0.5960550723504892,0.6631422920846856,0.5221445221445221,0.4748902462704758,0.569005733684325,0.8135198135198135,0.7739389109102524,0.8475357526603509,1.0,0.9911250210847168,1.0,0.7785547785547785,0.7368879403132116,0.8152772812234954,0.0,0.0,0.008874978915283301,0.0,0.0,0.008874978915283301,0.0,0.0,0.008874978915283301
"rrf(bm25_stem,dense:bge-m3)",native_brand,tier,1,random,429,1.0,0.9911250210847168,1.0,1.0,0.9911250210847168,1.0,1.0,0.9911250210847168,1.0,0.4592074592074592,0.4126215683033422,0.5065174159904456,0.7785547785547785,0.7368879403132116,0.8152772812234954,0.8671328671328671,0.8317321764742199,0.8960169648816908,0.5931078181078181,0.5550233793983794,0.6312645456395456,0.62958471050349,0.5960550723504892,0.6631422920846856,0.5221445221445221,0.4748902462704758,0.569005733684325,0.8135198135198135,0.7739389109102524,0.8475357526603509,1.0,0.9911250210847168,1.0,0.7785547785547785,0.7368879403132116,0.8152772812234954,0.0,0.0,0.008874978915283301,0.0,0.0,0.008874978915283301,0.0,0.0,0.008874978915283301
"rrf(bm25_stem,dense:bge-m3)",native_brand,tier,2,hard,429,0.7650349650349652,0.7328671328671328,0.7948717948717948,1.0,0.9911250210847168,1.0,0.8825174825174825,0.8664335664335665,0.8974358974358975,0.37575757575757573,0.3333333333333333,0.41911421911421914,0.6946386946386947,0.6522144522144523,0.7356643356643358,0.8046620046620048,0.7682983682983684,0.84009324009324,0.5095695045695046,0.4723716977466978,0.5470006845006845,0.5498696374276806,0.5163845024426813,0.5833610207418197,0.4181818181818182,0.37482517482517486,0.46153846153846156,0.731002331002331,0.6899766899766899,0.772027972027972,0.8172494172494174,0.7874125874125875,0.8452214452214453,0.7034965034965034,0.6619930069930071,0.7440559440559441,0.007459207459207459,0.0018648018648018648,0.015384615384615384,0.22284382284382284,0.19347319347319347,0.2540792540792541,0.004662004662004662,0.0012794222258141726,0.016836815627321967
"rrf(bm25_stem,dense:bge-m3)",native_brand,tier,2,random,429,0.9403263403263404,0.9258741258741259,0.9533799533799534,1.0,0.9911250210847168,1.0,0.9701631701631702,0.9629370629370629,0.9766899766899767,0.4456876456876457,0.4004662004662005,0.4918531468531467,0.7580419580419581,0.7184149184149186,0.7972027972027972,0.8531468531468531,0.8205128205128205,0.8843822843822843,0.5757429607429607,0.5380405797905797,0.6134767131017131,0.6123683053822637,0.5793508249516703,0.6457163646648852,0.503030303030303,0.45827505827505827,0.5491841491841492,0.7897435897435898,0.7524475524475525,0.827039627039627,0.9431235431235432,0.9286713286713287,0.9557109557109557,0.7585081585081584,0.7188811188811189,0.7976689976689977,0.0004662004662004662,0.0,0.0013986013986013988,0.006060606060606061,0.0032634032634032634,0.009324009324009324,0.053146853146853155,0.040559440559440565,0.06713286713286713
"rrf(bm25_stem,dense:bge-m3)",native_brand,tier,5,hard,429,0.5482517482517483,0.5039627039627039,0.5916083916083916,0.8862470862470863,0.8578088578088578,0.9128205128205129,0.7203574203574203,0.6910013597513598,0.7483296425796425,0.2857808857808858,0.24428904428904427,0.32727272727272727,0.5776223776223776,0.5324009324009324,0.6233100233100233,0.708158508158508,0.6652680652680654,0.7505827505827506,0.40823195323195327,0.37027189477189476,0.4463033494283494,0.4462731827905366,0.41181016736815573,0.4814470912610314,0.3090909090909091,0.2680652680652681,0.3515151515151515,0.6317016317016317,0.5864801864801865,0.6769230769230768,0.6606060606060605,0.6177156177156177,0.702109557109557,0.6181818181818182,0.5734265734265734,0.6629370629370629,0.012121212121212121,0.002797202797202797,0.023310023310023312,0.39300699300699304,0.35104895104895106,0.43636363636363634,0.046620046620046623,0.030379202725981255,0.07090836556783042
"rrf(bm25_stem,dense:bge-m3)",native_brand,tier,5,random,429,0.8079254079254079,0.7790209790209791,0.8354312354312354,0.9832167832167831,0.974825174825175,0.9902097902097903,0.8924320124320124,0.8754156954156954,0.9084930069930071,0.40093240093240096,0.35850815850815854,0.4438228438228438,0.6979020979020979,0.6573426573426573,0.7384615384615384,0.8065268065268065,0.7715617715617715,0.8410256410256409,0.5250647500647501,0.48744646557146554,0.5631393005143005,0.5617684204410157,0.5275156620162782,0.5960348438284935,0.44522144522144524,0.4018648018648019,0.4881118881118881,0.7333333333333333,0.6950932400932401,0.7724941724941724,0.820979020979021,0.7925407925407926,0.8475524475524476,0.7030303030303031,0.6624708624708626,0.7435897435897436,0.0004662004662004662,0.0,0.0013986013986013988,0.0331002331002331,0.024708624708624713,0.04195804195804196,0.1585081585081585,0.13286713286713286,0.18554778554778553
"rrf(bm25_stem,dense:bge-m3)",native_brand,tier,10,hard,429,0.41212121212121217,0.3664335664335664,0.45827505827505827,0.7174825174825175,0.6736596736596736,0.7585081585081584,0.597978502978503,0.5650824175824175,0.6304723100973102,0.21864801864801867,0.17995337995337995,0.2573426573426574,0.4876456876456876,0.441025641025641,0.5361305361305362,0.6135198135198134,0.5673659673659673,0.6592074592074593,0.3303046953046953,0.2940001295001295,0.36630366855366847,0.3673214665640438,0.33297806230556787,0.4017338789888516,0.23496503496503499,0.1958041958041958,0.27505827505827507,0.5435897435897435,0.49695804195804205,0.5911421911421912,0.5543123543123544,0.5076923076923077,0.6013986013986014,0.5552447552447553,0.5076923076923077,0.6023310023310022,0.009324009324009324,0.003631730272433362,0.02372576651855561,0.43170163170163167,0.3855477855477855,0.47832167832167827,0.14685314685314685,0.11649485329383594,0.1834797821638117
"rrf(bm25_stem,dense:bge-m3)",native_brand,tier,10,random,429,0.703962703962704,0.6680652680652681,0.737995337995338,0.9114219114219114,0.889044289044289,0.931934731934732,0.8158602508602508,0.791156066156066,0.8387554020054021,0.35477855477855474,0.3137529137529138,0.39628205128205113,0.6433566433566433,0.6013986013986014,0.6853146853146853,0.7561771561771561,0.717948717948718,0.7944055944055943,0.4760926110926111,0.4386749824249824,0.5141474728974729,0.511521296500672,0.47635646551300126,0.5463881110973419,0.3911421911421912,0.3491841491841492,0.4331002331002331,0.6834498834498836,0.6428904428904428,0.7244755244755245,0.7230769230769231,0.6881118881118881,0.7566433566433567,0.6517482517482517,0.6097902097902098,0.6932400932400933,0.0009324009324009324,0.0,0.002331002331002331,0.053613053613053616,0.042424242424242434,0.06526806526806526,0.24149184149184147,0.2097902097902098,0.27459207459207463
"rrf(bm25_stem,dense:bge-m3)",native_brand,tier,20,hard,429,0.3822843822843823,0.33753766686923287,0.42912054494998314,0.6251748251748251,0.578088578088578,0.6694755244755243,0.5430531068714943,0.5067685137793633,0.5786751622151406,0.20512820512820512,0.16961489046201395,0.24587548171879414,0.43496503496503497,0.3883449883449883,0.48158508158508156,0.5337995337995338,0.48650279929626333,0.5804963280031696,0.29880748880748886,0.2626230112480113,0.33484856347356345,0.3293092131723131,0.29434017662025286,0.36431126401485814,0.21445221445221446,0.178236953104143,0.2557359369523708,0.48857808857808854,0.44193473193473215,0.5351981351981352,0.5128205128205128,0.4656185272690394,0.5597949348100557,0.5258741258741259,0.47925407925407926,0.5724941724941724,0.009324009324009324,0.003631730272433362,0.02372576651855561,0.36363636363636365,0.31951250844416246,0.41018066762364214,0.24475524475524477,0.20645364836141133,0.2875874247911459
"rrf(bm25_stem,dense:bge-m3)",native_brand,tier,20,random,429,0.6172494172494172,0.5785547785547785,0.6545454545454545,0.8233100233100232,0.7897319347319347,0.8545454545454546,0.7384152590405162,0.7087424411253083,0.7668654627762507,0.3184149184149184,0.2787878787878788,0.35850815850815854,0.5724941724941726,0.5291375291375291,0.6158508158508158,0.6927738927738928,0.6517365967365968,0.7342773892773891,0.42676989676989674,0.38947237022237025,0.4642996725496725,0.4586753654035461,0.4230811076483169,0.49437870903257225,0.3482517482517483,0.30815850815850815,0.3888111888111888,0.619114219114219,0.5762237762237763,0.6615384615384615,0.6484848484848484,0.6107226107226107,0.6853146853146853,0.5855477855477855,0.5426573426573427,0.6284382284382285,0.0009324009324009324,0.0,0.002331002331002331,0.08438228438228437,0.068997668997669,0.1006993006993007,0.29743589743589743,0.2629370629370629,0.33379953379953375
"rrf(bm25_stem,dense:bge-m3)",native_brand,tier,50,hard,429,0.3333333333333333,0.2903782139963267,0.37924677897543446,0.5594405594405595,0.5121405325123088,0.6056855189453149,0.4868485261291916,0.44967294649899264,0.5230657810702235,0.1864801864801865,0.15246424733964914,0.22606108908974765,0.3776223776223776,0.3330246702462239,0.42439228263513923,0.48717948717948717,0.44020506518994423,0.5343814727309606,0.2724525474525475,0.23657321844821846,0.30814826377326376,0.29636057157627804,0.26205714419705134,0.33064411555436946,0.19114219114219114,0.15673970828169287,0.23102688708555674,0.43123543123543123,0.3851857619183915,0.47850566874827927,0.44522144522144524,0.3988850662407425,0.4925301412394868,0.46153846153846156,0.41491457954847283,0.5088450342142413,0.006993006993006993,0.0023810456854944425,0.020355821636568114,0.3123543123543124,0.2703273064993251,0.35771202125209833,0.3473193473193473,0.30380019593569085,0.3935485738496288
"rrf(bm25_stem,dense:bge-m3)",native_brand,tier,50,random,429,0.4792540792540793,0.43869463869463865,0.518881118881119,0.696969696969697,0.6568764568764568,0.7356643356643355,0.6129620274376858,0.5781695849056309,0.646185353099189,0.2545454545454546,0.21724941724941726,0.29230769230769227,0.4713286713286713,0.427039627039627,0.5151515151515151,0.5981351981351981,0.5543123543123543,0.641958041958042,0.34923964923964923,0.31261578236578236,0.3862720103970104,0.3789846116799979,0.34345370704919986,0.4142944432892566,0.2745920745920746,0.23682983682983683,0.3128205128205128,0.5282051282051282,0.4834498834498835,0.5724941724941724,0.5310023310023311,0.48951048951048953,0.572027972027972,0.5044289044289045,0.45967365967365964,0.5477855477855478,0.0009324009324009324,0.0,0.002331002331002331,0.151981351981352,0.12865967365967376,0.17622377622377622,0.3678321678321679,0.3291375291375291,0.4083916083916084
"rrf(bm25_stem,dense:bge-m3)",native_brand,tier,100,hard,429,0.3123543123543124,0.2703273064993251,0.35771202125209833,0.5198135198135199,0.4725707914471039,0.5667045590387708,0.4515216104649555,0.41395220147705497,0.4882007525012148,0.17715617715617715,0.1439391173214467,0.21610370123224437,0.36596736596736595,0.32176171606421106,0.4125520894725199,0.4382284382284382,0.3920307421854272,0.4855225768880228,0.2542337292337292,0.21882638195138196,0.29018710456210456,0.2742931549123416,0.24016756782858864,0.3086270058558611,0.18181818181818182,0.14819730023302682,0.22108677725851714,0.40326340326340326,0.35790040638671894,0.45034347065283475,0.40559440559440557,0.3601683449544227,0.4526961615540574,0.4428904428904429,0.39659925630508724,0.49019532170621555,0.004662004662004662,0.0012794222258141726,0.016836815627321967,0.2773892773892774,0.23714120942519823,0.3215886762923289,0.40559440559440557,0.3601683449544227,0.4526961615540574
"rrf(bm25_stem,dense:bge-m3)",native_brand,tier,100,random,429,0.37482517482517486,0.3333333333333333,0.41538461538461535,0.5888111888111889,0.544055944055944,0.6317016317016317,0.514993721856107,0.4784690135950642,0.5505334794763699,0.20885780885780889,0.17342657342657344,0.24475524475524477,0.406993006993007,0.3622377622377623,0.45082750582750575,0.5086247086247085,0.4624708624708625,0.5538461538461539,0.2941950641950642,0.25820617345617347,0.33035332722832716,0.31799740695708545,0.2838009109462698,0.35280218259882584,0.21864801864801864,0.18275058275058276,0.25547785547785545,0.45874125874125876,0.41351981351981354,0.5034965034965035,0.4536130536130536,0.4097902097902098,0.4965034965034965,0.4624708624708625,0.4172494172494173,0.5062937062937063,0.0032634032634032634,0.0,0.007925407925407925,0.22284382284382284,0.19067599067599067,0.2564102564102564,0.39906759906759903,0.35757575757575755,0.44149184149184145
"rrf(bm25_stem,dense:bge-m3)",native_brand,tier,165,hard,429,0.3076923076923077,0.2658853472608117,0.3529127215527589,0.5128205128205128,0.4656185272690394,0.5597949348100557,0.4456841066689454,0.4074521637990234,0.48262234529653136,0.17482517482517482,0.14181339514641184,0.2136087939383528,0.358974358974359,0.3150175124980972,0.40543440463185465,0.43356643356643354,0.3874663807382864,0.48084567939731077,0.25315610315610315,0.21784042346542348,0.289144906019906,0.27206100036598435,0.23838416792721168,0.30601048736124825,0.17715617715617715,0.1439391173214467,0.21610370123224437,0.3939393939393939,0.3488394217607179,0.4409219374031301,0.3986013986013986,0.35336775394527187,0.44563486415642906,0.43356643356643354,0.3874663807382864,0.48084567939731077,0.004662004662004662,0.0012794222258141726,0.016836815627321967,0.2703962703962704,0.2305409555924775,0.31432704171827036,0.4172494172494173,0.3715240458505137,0.46444360800259865
"rrf(bm25_stem,dense:bge-m3)",native_brand,tier,165,random,429,0.3076923076923077,0.2658853472608117,0.3529127215527589,0.5128205128205128,0.4656185272690394,0.5597949348100557,0.4456841066689454,0.4074521637990234,0.48262234529653136,0.17482517482517482,0.14181339514641184,0.2136087939383528,0.358974358974359,0.3150175124980972,0.40543440463185465,0.43356643356643354,0.3874663807382864,0.48084567939731077,0.25315610315610315,0.21784042346542348,0.289144906019906,0.27206100036598435,0.23838416792721168,0.30601048736124825,0.17715617715617715,0.1439391173214467,0.21610370123224437,0.3939393939393939,0.3488394217607179,0.4409219374031301,0.3986013986013986,0.35336775394527187,0.44563486415642906,0.43356643356643354,0.3874663807382864,0.48084567939731077,0.004662004662004662,0.0012794222258141726,0.016836815627321967,0.2703962703962704,0.2305409555924775,0.31432704171827036,0.4172494172494173,0.3715240458505137,0.46444360800259865
"rrf(bm25_stem,dense:bge-m3)",native_brand,vehicle,0,,429,0.986013986013986,0.9698265046906877,0.9935747395804707,1.0,0.9911250210847168,1.0,0.993006993006993,0.9871794871794872,0.9976689976689976,0.45454545454545453,0.40803862143315867,0.5018591039227763,0.7692307692307693,0.7270776829901405,0.8066050206708609,0.8671328671328671,0.8317321764742199,0.8960169648816908,0.588939763939764,0.5512640831390831,0.6271752090502088,0.6242530325898911,0.5906779578332544,0.6578244982190546,0.5151515151515151,0.4679349324397133,0.5620991591083084,0.8065268065268065,0.7664933325413097,0.8411194426225144,0.986013986013986,0.9698265046906877,0.9935747395804707,0.7692307692307693,0.7270776829901405,0.8066050206708609,0.013986013986013986,0.006425260419529346,0.030173495309312466,0.0,0.0,0.008874978915283301,0.0,0.0,0.008874978915283301
"rrf(bm25_stem,dense:bge-m3)",native_full,global,0,,429,0.34498834498834496,0.30156023200627147,0.3911679083101217,0.5477855477855478,0.5004715923927906,0.594251311720201,0.4799939525542552,0.44099693215100577,0.5179393370614445,0.1864801864801865,0.15246424733964914,0.22606108908974765,0.3613053613053613,0.3172644390216624,0.4078081075772158,0.46386946386946387,0.4172086144675725,0.5111716287640681,0.267019092019092,0.23159044659044659,0.30269862082362087,0.2884902521247509,0.2543275810135741,0.32377705098993653,0.19347319347319347,0.15888055737748563,0.23350666745869036,0.3962703962703963,0.3511030462271284,0.44327894240564614,0.4382284382284382,0.3920307421854272,0.4855225768880228,0.42657342657342656,0.380627658039754,0.47382251368906386,0.004662004662004662,0.0012794222258141726,0.016836815627321967,0.23076923076923078,0.19339497932913913,0.27292231700985964,0.4195804195804196,0.3737983687588389,0.46678991456319985
"rrf(bm25_stem,dense:bge-m3)",native_full,manual,0,,429,1.0,0.9911250210847168,1.0,1.0,0.9911250210847168,1.0,1.0,0.9911250210847168,1.0,0.44755244755244755,0.4011719092379423,0.49486392771121335,0.7808857808857809,0.7393448599181813,0.817440991087452,0.8741258741258742,0.839380410115216,0.9022306196474743,0.5865745365745365,0.5487180874680874,0.6247171809671809,0.629977801529707,0.5966132080077675,0.6639179976414886,0.48951048951048953,0.44251030516258205,0.5366968622272492,0.8228438228438228,0.7838962987677557,0.8560608826785533,1.0,0.9911250210847168,1.0,0.7808857808857809,0.7393448599181813,0.817440991087452,0.0,0.0,0.008874978915283301,0.0,0.0,0.008874978915283301,0.0,0.0,0.008874978915283301
"rrf(bm25_stem,dense:bge-m3)",native_full,tier,1,hard,429,1.0,0.9911250210847168,1.0,1.0,0.9911250210847168,1.0,1.0,0.9911250210847168,1.0,0.44755244755244755,0.4011719092379423,0.49486392771121335,0.7808857808857809,0.7393448599181813,0.817440991087452,0.8741258741258742,0.839380410115216,0.9022306196474743,0.5865745365745365,0.5487180874680874,0.6247171809671809,0.629977801529707,0.5966132080077675,0.6639179976414886,0.48951048951048953,0.44251030516258205,0.5366968622272492,0.8228438228438228,0.7838962987677557,0.8560608826785533,1.0,0.9911250210847168,1.0,0.7808857808857809,0.7393448599181813,0.817440991087452,0.0,0.0,0.008874978915283301,0.0,0.0,0.008874978915283301,0.0,0.0,0.008874978915283301
"rrf(bm25_stem,dense:bge-m3)",native_full,tier,1,random,429,1.0,0.9911250210847168,1.0,1.0,0.9911250210847168,1.0,1.0,0.9911250210847168,1.0,0.44755244755244755,0.4011719092379423,0.49486392771121335,0.7808857808857809,0.7393448599181813,0.817440991087452,0.8741258741258742,0.839380410115216,0.9022306196474743,0.5865745365745365,0.5487180874680874,0.6247171809671809,0.629977801529707,0.5966132080077675,0.6639179976414886,0.48951048951048953,0.44251030516258205,0.5366968622272492,0.8228438228438228,0.7838962987677557,0.8560608826785533,1.0,0.9911250210847168,1.0,0.7808857808857809,0.7393448599181813,0.817440991087452,0.0,0.0,0.008874978915283301,0.0,0.0,0.008874978915283301,0.0,0.0,0.008874978915283301
"rrf(bm25_stem,dense:bge-m3)",native_full,tier,2,hard,429,0.8111888111888111,0.7822843822843824,0.8391608391608392,1.0,0.9911250210847168,1.0,0.9055944055944056,0.8911421911421912,0.9195804195804196,0.3822843822843823,0.3389277389277389,0.4270512820512819,0.7151515151515152,0.6736596736596736,0.7557109557109558,0.812121212121212,0.7757575757575758,0.8475524475524476,0.5178162578162578,0.48039942002442004,0.5559644892144893,0.5616006606530275,0.5275893899385004,0.5960157345089929,0.41678321678321684,0.372960372960373,0.4610722610722611,0.7645687645687645,0.7258741258741258,0.8027972027972028,0.8606060606060605,0.834032634032634,0.8853146853146854,0.7207459207459207,0.6797202797202798,0.7613053613053613,0.0009324009324009324,0.0,0.0027972027972027976,0.18088578088578092,0.15384615384615385,0.2097902097902098,0.006993006993006993,0.0023810456854944425,0.020355821636568114
"rrf(bm25_stem,dense:bge-m3)",native_full,tier,2,random,429,0.9435897435897436,0.9300699300699301,0.9561771561771562,1.0,0.9911250210847168,1.0,0.9717948717948718,0.965034965034965,0.9780885780885782,0.43496503496503486,0.3897435897435897,0.48065268065268063,0.7641025641025642,0.7254079254079254,0.8018648018648019,0.8503496503496504,0.8172494172494174,0.882051282051282,0.5698320198320199,0.5324626854626855,0.6078121323121324,0.6101874734864422,0.5768621191185483,0.6439763623534575,0.4764568764568764,0.43170163170163167,0.5221445221445221,0.8046620046620048,0.7682983682983684,0.841025641025641,0.9463869463869464,0.932867132867133,0.9585081585081586,0.7645687645687645,0.7258624708624709,0.8023310023310024,0.0,0.0,0.008874978915283301,0.0060606060606060615,0.0032634032634032634,0.00979020979020979,0.05034965034965035,0.0386946386946387,0.0634032634032634
"rrf(bm25_stem,dense:bge-m3)",native_full,tier,5,hard,429,0.593006993006993,0.5487179487179488,0.6363636363636364,0.9067599067599068,0.8801748251748253,0.9305361305361306,0.7507303807303807,0.7220959595959595,0.7781431623931625,0.29743589743589743,0.255011655011655,0.33939393939393947,0.6,0.5547785547785548,0.6456876456876457,0.7412587412587412,0.7006993006993008,0.7822843822843824,0.4230852480852481,0.38517264217264213,0.46128146390646385,0.4683518652516354,0.43409724408076694,0.5035179829799615,0.3221445221445221,0.27972027972027974,0.3645687645687646,0.6503496503496503,0.6060489510489512,0.6946386946386947,0.7058275058275058,0.6648018648018649,0.7454545454545454,0.6410256410256411,0.5967365967365967,0.6848484848484849,0.005128205128205128,0.0,0.012121212121212121,0.34592074592074584,0.30442890442890447,0.3883449883449883,0.055944055944055944,0.037879195153199076,0.08189089101631827
"rrf(bm25_stem,dense:bge-m3)",native_full,tier,5,random,429,0.8237762237762237,0.7953379953379953,0.8503496503496503,0.9832167832167834,0.9757575757575758,0.9897435897435898,0.9013908313908315,0.8847084304584305,0.9166983294483294,0.40186480186480183,0.358974358974359,0.44568764568764574,0.7030303030303031,0.6624592074592075,0.7445221445221445,0.8083916083916085,0.7734265734265733,0.8428904428904429,0.5275541125541126,0.48977547452547454,0.5654949818699818,0.5666435676771733,0.5326783529386199,0.6012148095350613,0.441025641025641,0.39766899766899766,0.48438228438228437,0.7445221445221445,0.7053613053613054,0.7836829836829836,0.8372960372960373,0.8097902097902098,0.8629487179487179,0.7067599067599069,0.6662004662004662,0.7477855477855477,0.0004662004662004662,0.0,0.0013986013986013988,0.02843822843822844,0.02097902097902098,0.03636363636363637,0.14731934731934732,0.12261072261072262,0.17342657342657344
"rrf(bm25_stem,dense:bge-m3)",native_full,tier,10,hard,429,0.4731934731934732,0.4261072261072261,0.5198135198135199,0.7557109557109557,0.7132867132867133,0.7948717948717948,0.6412295112295111,0.6072869399119398,0.6743395262145262,0.2400932400932401,0.20046620046620048,0.2801864801864802,0.49743589743589745,0.4484848484848485,0.544055944055944,0.6461538461538463,0.6013986013986014,0.6918414918414919,0.34934213934213926,0.3125846375846376,0.38653589003589,0.39090620612495774,0.35654535172169133,0.42631154244881425,0.25874125874125875,0.21818181818181817,0.30023310023310024,0.551048951048951,0.5034965034965035,0.5976806526806525,0.6083916083916084,0.5617715617715617,0.6540792540792542,0.5776223776223776,0.5310023310023311,0.6233100233100233,0.004662004662004662,0.0012794222258141726,0.016836815627321967,0.3613053613053613,0.31608391608391606,0.40559440559440557,0.16083916083916083,0.1291085151111866,0.19858989716001957
"rrf(bm25_stem,dense:bge-m3)",native_full,tier,10,random,429,0.7198135198135198,0.6843822843822844,0.7533799533799534,0.9207459207459208,0.8997668997668997,0.9398601398601399,0.8262765012765013,0.8021132571132572,0.8488389434639434,0.3613053613053613,0.3198135198135198,0.4041958041958042,0.6512820512820512,0.6093240093240093,0.6937179487179486,0.7580419580419581,0.7188811188811188,0.7962703962703963,0.4817018167018167,0.44388618326118323,0.5196209762459763,0.5180871398149537,0.4835385420823367,0.5532947671454425,0.39300699300699304,0.3510489510489511,0.434965034965035,0.6937062937062938,0.6526689976689978,0.7347319347319347,0.7407925407925409,0.7058275058275059,0.7743589743589744,0.6587412587412588,0.6167832167832168,0.700244755244755,0.0004662004662004662,0.0,0.0013986013986013988,0.04895104895104895,0.03776223776223777,0.06107226107226108,0.23076923076923078,0.19953379953379952,0.26386946386946386
"rrf(bm25_stem,dense:bge-m3)",native_full,tier,20,hard,429,0.42424242424242425,0.3783501771889351,0.4714793650709564,0.6643356643356644,0.6183666020574575,0.707387775501855,0.5778342645776992,0.5417673943700352,0.6139888687053582,0.22144522144522144,0.18472271877650465,0.2631120596867884,0.44522144522144524,0.3988850662407425,0.4925301412394868,0.578088578088578,0.5308648338722313,0.6239262533368037,0.31728105228105224,0.2805420782920783,0.3545855302105302,0.3514552985148114,0.31622349007553974,0.3867555913600005,0.2331002331002331,0.19556730658195032,0.2753706192259748,0.49417249417249415,0.4471238308835312,0.5413245954441529,0.5524475524475524,0.5051360722887867,0.5988280907620577,0.5314685314685315,0.4841782489711025,0.5782002488594041,0.004662004662004662,0.0012794222258141726,0.016836815627321967,0.31934731934731936,0.27699976216776945,0.3649014539904333,0.2517482517482518,0.21300464343980097,0.2948983181195356
"rrf(bm25_stem,dense:bge-m3)",native_full,tier,20,random,429,0.6335664335664336,0.5934731934731934,0.6722610722610722,0.8293706293706292,0.7967365967365968,0.8596736596736597,0.7489104842930429,0.7188110795937307,0.7776630376228277,0.3226107226107226,0.28205128205128205,0.3631701631701632,0.585081585081585,0.5421911421911422,0.6289044289044289,0.7034965034965035,0.6615384615384615,0.744988344988345,0.4339001739001739,0.3958571891071891,0.4724088966588966,0.4675052991207281,0.43229340879658995,0.5037285982071287,0.3501165501165501,0.30909090909090914,0.3916083916083916,0.6307692307692309,0.5874125874125874,0.6736596736596736,0.6657342657342658,0.6265734265734265,0.7030303030303031,0.5990675990675991,0.5561771561771562,0.641958041958042,0.0004662004662004662,0.0,0.0013986013986013988,0.07086247086247087,0.05641025641025642,0.08671328671328672,0.2951048951048951,0.2592074592074592,0.3333333333333333
"rrf(bm25_stem,dense:bge-m3)",native_full,tier,50,hard,429,0.3682983682983683,0.3240120572914401,0.41492237771421736,0.5967365967365967,0.5496565293471652,0.6420995936132811,0.5197094831767902,0.4818815654019598,0.5568231383523234,0.1958041958041958,0.16102344783933376,0.23598440646576868,0.3986013986013986,0.35336775394527187,0.44563486415642906,0.4965034965034965,0.449432116172494,0.5436369396241165,0.28415473415473413,0.2476513764013764,0.3200042318792319,0.3081558822836924,0.273397687858908,0.34350847092143394,0.20512820512820512,0.16961489046201395,0.24587548171879414,0.4428904428904429,0.39659925630508724,0.49019532170621555,0.4731934731934732,0.42639497062791254,0.5204677904794338,0.4755244755244755,0.4286941093181368,0.522789281258136,0.004662004662004662,0.0012794222258141726,0.016836815627321967,0.2773892773892774,0.23714120942519823,0.3215886762923289,0.34965034965034963,0.3060413334177546,0.3959280658364915
"rrf(bm25_stem,dense:bge-m3)",native_full,tier,50,random,429,0.5137529137529137,0.4713286713286713,0.5552447552447553,0.7044289044289044,0.6638694638694639,0.7440559440559441,0.6359034593759615,0.6001577960329763,0.6703760462483681,0.262937062937063,0.2261072261072261,0.3011655011655011,0.48298368298368305,0.4377622377622377,0.5277389277389277,0.6027972027972027,0.5580419580419581,0.6475524475524476,0.35999666999667,0.32290384152884155,0.39761558349058346,0.3878817443062301,0.35236673058380164,0.424324605820916,0.2834498834498834,0.24475524475524477,0.3226107226107226,0.5333333333333333,0.4881118881118881,0.5785547785547785,0.5696969696969696,0.5277389277389277,0.6102564102564103,0.5151515151515151,0.4699300699300699,0.558974358974359,0.0018648018648018648,0.0,0.004195804195804197,0.12494172494172494,0.10256410256410256,0.14731934731934732,0.35944055944055947,0.3202797202797203,0.39907925407925393
"rrf(bm25_stem,dense:bge-m3)",native_full,tier,100,hard,429,0.351981351981352,0.30828363904162037,0.3983063896815522,0.5571095571095571,0.5098046782937845,0.6034007436949128,0.4892596634309569,0.4509538755511517,0.5274854261560741,0.1888111888111888,0.15460092862244895,0.22854503727587422,0.36596736596736595,0.32176171606421106,0.4125520894725199,0.46386946386946387,0.4172086144675725,0.5111716287640681,0.26877751877751876,0.2332325082325082,0.3045694583194583,0.2909413877691019,0.2564435534881675,0.3261004318652807,0.1958041958041958,0.16102344783933376,0.23598440646576868,0.3986013986013986,0.35336775394527187,0.44563486415642906,0.4522144522144522,0.4057486882797991,0.49952840760720946,0.4358974358974359,0.38974804146596015,0.4831846481385635,0.004662004662004662,0.0012794222258141726,0.016836815627321967,0.24475524475524477,0.20645364836141133,0.2875874247911459,0.3986013986013986,0.35336775394527187,0.44563486415642906
"rrf(bm25_stem,dense:bge-m3)",native_full,tier,100,random,429,0.42144522144522145,0.37808857808857804,0.46386946386946387,0.6130536130536131,0.5682983682983683,0.6568764568764568,0.5521999871915947,0.5141888786640382,0.5882966393863387,0.22191142191142188,0.18554778554778556,0.25827505827505826,0.4116550116550116,0.36596736596736595,0.4568764568764569,0.5235431235431235,0.47785547785547783,0.5692307692307692,0.3074952824952825,0.2708384439634439,0.34424104599104594,0.33215579674931356,0.2966088571407875,0.36810892986237137,0.2372960372960373,0.19953379953379954,0.27505827505827507,0.45547785547785546,0.4097902097902098,0.5011655011655012,0.49930069930069926,0.45501165501165497,0.5421911421911423,0.46386946386946387,0.4181818181818182,0.5086363636363634,0.0032634032634032634,0.0,0.007459207459207459,0.18275058275058276,0.15244755244755245,0.2135198135198135,0.39254079254079255,0.35058275058275057,0.43543123543123546
"rrf(bm25_stem,dense:bge-m3)",native_full,tier,165,hard,429,0.34498834498834496,0.30156023200627147,0.3911679083101217,0.5477855477855478,0.5004715923927906,0.594251311720201,0.4799939525542552,0.44099693215100577,0.5179393370614445,0.1864801864801865,0.15246424733964914,0.22606108908974765,0.3613053613053613,0.3172644390216624,0.4078081075772158,0.46386946386946387,0.4172086144675725,0.5111716287640681,0.267019092019092,0.23159044659044659,0.30269862082362087,0.2884902521247509,0.2543275810135741,0.32377705098993653,0.19347319347319347,0.15888055737748563,0.23350666745869036,0.3962703962703963,0.3511030462271284,0.44327894240564614,0.4382284382284382,0.3920307421854272,0.4855225768880228,0.42657342657342656,0.380627658039754,0.47382251368906386,0.004662004662004662,0.0012794222258141726,0.016836815627321967,0.23076923076923078,0.19339497932913913,0.27292231700985964,0.4195804195804196,0.3737983687588389,0.46678991456319985
"rrf(bm25_stem,dense:bge-m3)",native_full,tier,165,random,429,0.34498834498834496,0.30156023200627147,0.3911679083101217,0.5477855477855478,0.5004715923927906,0.594251311720201,0.4799939525542552,0.44099693215100577,0.5179393370614445,0.1864801864801865,0.15246424733964914,0.22606108908974765,0.3613053613053613,0.3172644390216624,0.4078081075772158,0.46386946386946387,0.4172086144675725,0.5111716287640681,0.267019092019092,0.23159044659044659,0.30269862082362087,0.2884902521247509,0.2543275810135741,0.32377705098993653,0.19347319347319347,0.15888055737748563,0.23350666745869036,0.3962703962703963,0.3511030462271284,0.44327894240564614,0.4382284382284382,0.3920307421854272,0.4855225768880228,0.42657342657342656,0.380627658039754,0.47382251368906386,0.004662004662004662,0.0012794222258141726,0.016836815627321967,0.23076923076923078,0.19339497932913913,0.27292231700985964,0.4195804195804196,0.3737983687588389,0.46678991456319985
"rrf(bm25_stem,dense:bge-m3)",native_full,vehicle,0,,429,0.993006993006993,0.979644178363432,0.9976189543145055,1.0,0.9911250210847168,1.0,0.9965034965034965,0.9918414918414918,1.0,0.44522144522144524,0.3988850662407425,0.4925301412394868,0.7785547785547785,0.7368879403132116,0.8152772812234954,0.8741258741258742,0.839380410115216,0.9022306196474743,0.5843434343434344,0.5465214877714878,0.6225342481592481,0.6276328782332308,0.5943465120064569,0.66158117857833,0.48717948717948717,0.44020506518994423,0.5343814727309606,0.8205128205128205,0.7814036489553464,0.8539329030220362,0.993006993006993,0.979644178363432,0.9976189543145055,0.7785547785547785,0.7368879403132116,0.8152772812234954,0.006993006993006993,0.0023810456854944425,0.020355821636568114,0.0,0.0,0.008874978915283301,0.0,0.0,0.008874978915283301
"rrf(bm25_stem,dense:bge-m3)",native_model,global,0,,429,0.2540792540792541,0.21519141691509971,0.29733217411316326,0.4405594405594406,0.39431448105468525,0.48785946748769127,0.3855039893544974,0.34872780651692475,0.42205273431215634,0.1655011655011655,0.13333379938220297,0.20360587182685602,0.3473193473193473,0.30380019593569085,0.3935485738496288,0.43356643356643354,0.3874663807382864,0.48084567939731077,0.24630647130647132,0.2123854155104155,0.2812651006401006,0.2691334191072533,0.23545846830381842,0.303648949114448,0.17482517482517482,0.14181339514641184,0.2136087939383528,0.3706293706293706,0.326263527644609,0.4172915368299749,0.32167832167832167,0.2792264219690699,0.36729542365805923,0.4149184149184149,0.36925078039205517,0.4620962439921307,0.0,0.0,0.008874978915283301,0.1282051282051282,0.09983728393418664,0.16317231577204963,0.6177156177156177,0.5708794550500169,0.6624623331307671
"rrf(bm25_stem,dense:bge-m3)",native_model,manual,0,,429,1.0,0.9911250210847168,1.0,1.0,0.9911250210847168,1.0,1.0,0.9911250210847168,1.0,0.5011655011655012,0.45405173095145956,0.5482585837830036,0.8298368298368298,0.7913879342995105,0.8624311355535776,0.9044289044289044,0.8729109127376017,0.9287683001211319,0.6399563399563399,0.6033023689273689,0.6774690355940356,0.6834141410079836,0.6512005195376577,0.7161307277859714,0.578088578088578,0.5308648338722313,0.6239262533368037,0.8648018648018648,0.8291892487480138,0.8939392631389708,1.0,0.9911250210847168,1.0,0.8298368298368298,0.7913879342995105,0.8624311355535776,0.0,0.0,0.008874978915283301,0.0,0.0,0.008874978915283301,0.0,0.0,0.008874978915283301
"rrf(bm25_stem,dense:bge-m3)",native_model,tier,1,hard,429,1.0,0.9911250210847168,1.0,1.0,0.9911250210847168,1.0,1.0,0.9911250210847168,1.0,0.5011655011655012,0.45405173095145956,0.5482585837830036,0.8298368298368298,0.7913879342995105,0.8624311355535776,0.9044289044289044,0.8729109127376017,0.9287683001211319,0.6399563399563399,0.6033023689273689,0.6774690355940356,0.6834141410079836,0.6512005195376577,0.7161307277859714,0.578088578088578,0.5308648338722313,0.6239262533368037,0.8648018648018648,0.8291892487480138,0.8939392631389708,1.0,0.9911250210847168,1.0,0.8298368298368298,0.7913879342995105,0.8624311355535776,0.0,0.0,0.008874978915283301,0.0,0.0,0.008874978915283301,0.0,0.0,0.008874978915283301
"rrf(bm25_stem,dense:bge-m3)",native_model,tier,1,random,429,1.0,0.9911250210847168,1.0,1.0,0.9911250210847168,1.0,1.0,0.9911250210847168,1.0,0.5011655011655012,0.45405173095145956,0.5482585837830036,0.8298368298368298,0.7913879342995105,0.8624311355535776,0.9044289044289044,0.8729109127376017,0.9287683001211319,0.6399563399563399,0.6033023689273689,0.6774690355940356,0.6834141410079836,0.6512005195376577,0.7161307277859714,0.578088578088578,0.5308648338722313,0.6239262533368037,0.8648018648018648,0.8291892487480138,0.8939392631389708,1.0,0.9911250210847168,1.0,0.8298368298368298,0.7913879342995105,0.8624311355535776,0.0,0.0,0.008874978915283301,0.0,0.0,0.008874978915283301,0.0,0.0,0.008874978915283301
"rrf(bm25_stem,dense:bge-m3)",native_model,tier,2,hard,429,0.8172494172494174,0.7878787878787878,0.8452214452214453,1.0,0.9911250210847168,1.0,0.9086247086247088,0.8939393939393939,0.9226107226107226,0.43682983682983684,0.39300699300699304,0.48158508158508156,0.765034965034965,0.7268065268065268,0.8032634032634033,0.8708624708624709,0.8400932400932402,0.9006993006993006,0.5783710733710733,0.5423799718799719,0.6152737308987309,0.6256492135977675,0.5933568980143474,0.6587069113841751,0.48857808857808865,0.44428904428904437,0.5342657342657342,0.8158508158508159,0.7813519813519815,0.8503496503496503,0.8629370629370631,0.8372960372960373,0.8876456876456875,0.7752913752913754,0.7379953379953379,0.8130536130536129,0.0,0.0,0.008874978915283301,0.1710955710955711,0.14405594405594405,0.19953379953379952,0.011655011655011656,0.004988317064839966,0.02698980919507543
"rrf(bm25_stem,dense:bge-m3)",native_model,tier,2,random,429,0.911888111888112,0.8951048951048951,0.9272727272727272,1.0,0.9911250210847168,1.0,0.955944055944056,0.9475524475524476,0.9636363636363637,0.4717948717948718,0.4275058275058275,0.5174825174825175,0.8046620046620047,0.7692307692307693,0.84009324009324,0.8769230769230769,0.847086247086247,0.9053613053613053,0.6092318792318793,0.5733463064713065,0.6461262811262811,0.6515444855046632,0.6194738132822709,0.6840964913672628,0.5347319347319347,0.4904428904428904,0.5808857808857809,0.8386946386946389,0.806060606060606,0.8703962703962703,0.9146853146853147,0.897902097902098,0.9300699300699301,0.8055944055944056,0.7706293706293705,0.8410256410256409,0.0,0.0,0.008874978915283301,0.006526806526806528,0.0032634032634032634,0.010256410256410256,0.08158508158508158,0.06666666666666667,0.0979020979020979
"rrf(bm25_stem,dense:bge-m3)",native_model,tier,5,hard,429,0.5585081585081586,0.5137529137529138,0.601864801864802,0.9179487179487178,0.8932400932400932,0.9403263403263404,0.7353768453768454,0.7073733488733489,0.76296114996115,0.3062937062937063,0.26386946386946386,0.34871794871794876,0.6662004662004661,0.6223776223776224,0.7095571095571096,0.7818181818181817,0.7431235431235431,0.820979020979021,0.4551901801901802,0.41923536186036187,0.492395239020239,0.5072514464398429,0.4741411508537513,0.5412039567015692,0.33006993006993013,0.28764568764568765,0.372960372960373,0.7053613053613054,0.6634032634032635,0.7477855477855477,0.6913752913752914,0.6503496503496503,0.7319347319347319,0.7048951048951049,0.6634032634032635,0.745920745920746,0.0004662004662004662,0.0,0.0013986013986013988,0.3501165501165501,0.3086247086247087,0.3916083916083916,0.09090909090909091,0.0672148465414803,0.12186468166193332
"rrf(bm25_stem,dense:bge-m3)",native_model,tier,5,random,429,0.7543123543123542,0.7226107226107226,0.7841491841491841,0.9729603729603731,0.9627039627039627,0.9818181818181819,0.8598523698523699,0.8404737762237764,0.8775994560994561,0.4097902097902098,0.36736596736596744,0.45361305361305365,0.7314685314685314,0.6932400932400933,0.7692307692307693,0.8284382284382283,0.7958041958041957,0.8615384615384615,0.542990897990898,0.506912568912569,0.5809129897879899,0.5867045196974796,0.5536522279071594,0.620914537326615,0.4592074592074592,0.4158508158508158,0.503030303030303,0.7673659673659675,0.7314685314685315,0.8037296037296038,0.7678321678321678,0.7365967365967366,0.7967365967365968,0.7351981351981351,0.6974358974358974,0.772960372960373,0.0004662004662004662,0.0,0.0013986013986013988,0.024708624708624713,0.017715617715617714,0.03216783216783217,0.2205128205128205,0.1920745920745921,0.25128205128205133
"rrf(bm25_stem,dense:bge-m3)",native_model,tier,10,hard,429,0.42144522144522145,0.37482517482517486,0.4675990675990676,0.711888111888112,0.6685314685314686,0.7538461538461538,0.6026645576645577,0.5690678349428349,0.6358474534724534,0.23496503496503499,0.1958041958041958,0.2746037296037295,0.5328671328671329,0.4857808857808858,0.57995337995338,0.6750582750582751,0.6303030303030303,0.7198135198135198,0.3605635105635106,0.32493931993931996,0.3973328384578384,0.40792055226841534,0.3743486002325048,0.4429418664582661,0.2582750582750583,0.21818181818181817,0.30023310023310024,0.5631701631701632,0.516083916083916,0.6093240093240093,0.5692307692307692,0.5221445221445221,0.6158508158508158,0.6004662004662005,0.5543123543123544,0.6470862470862472,0.0,0.0,0.008874978915283301,0.3151515151515151,0.27226107226107227,0.358974358974359,0.2634032634032634,0.22395368452166273,0.307052424382306
"rrf(bm25_stem,dense:bge-m3)",native_model,tier,10,random,429,0.6237762237762239,0.586013986013986,0.6601398601398603,0.8717948717948718,0.8447552447552447,0.896037296037296,0.7603315203315203,0.7338829411329412,0.7852990065490066,0.3463869463869464,0.30582750582750584,0.3878787878787878,0.6624708624708624,0.6218997668997669,0.7039627039627039,0.7650349650349652,0.7282051282051282,0.8023310023310023,0.4775837125837126,0.4413403864653865,0.5154149322899323,0.5201335790478324,0.48661970995001985,0.5549325160570385,0.38694638694638694,0.34592074592074595,0.4289044289044289,0.6927738927738928,0.6531468531468533,0.7324009324009325,0.642890442890443,0.6055944055944055,0.6783216783216783,0.6713286713286714,0.6312354312354312,0.7123543123543122,0.0009324009324009324,0.0,0.002331002331002331,0.04055944055944056,0.030303030303030304,0.05128205128205128,0.3347319347319348,0.30023310023310024,0.3706293706293706
"rrf(bm25_stem,dense:bge-m3)",native_model,tier,20,hard,429,0.358974358974359,0.3150175124980972,0.40543440463185465,0.5920745920745921,0.5449522184829876,0.637562645539606,0.5167086153895243,0.4806247563587136,0.5524354446407952,0.20745920745920746,0.17176759478127596,0.24834340686845857,0.4582750582750583,0.41025641025641024,0.5062937062937063,0.578088578088578,0.5308648338722313,0.6239262533368037,0.31216246716246715,0.2766773781773782,0.3486361185111185,0.34966550325357254,0.3155489752559674,0.3854306477972261,0.22377622377622378,0.1868881898797086,0.2655672180525108,0.4792540792540793,0.43170163170163167,0.5268065268065268,0.47086247086247085,0.42409685097105243,0.5181452806673674,0.5417249417249418,0.4955594405594407,0.5883449883449884,0.0,0.0,0.008874978915283301,0.21212121212121213,0.17607864865266656,0.2532736119349208,0.4289044289044289,0.3829061869968991,0.47616461420084527
"rrf(bm25_stem,dense:bge-m3)",native_model,tier,20,random,429,0.5216783216783217,0.4820396270396271,0.5613053613053612,0.7477855477855478,0.710955710955711,0.7827505827505827,0.6626123483445573,0.6311377911608783,0.6933367903863585,0.30442890442890436,0.26618881118881127,0.34405594405594403,0.5734265734265734,0.5305361305361305,0.6167832167832167,0.6899766899766899,0.6494172494172494,0.7314685314685314,0.4192751692751692,0.3828373987123987,0.4573120768120768,0.4558585576452914,0.42125905954567155,0.4913942353947069,0.3356643356643357,0.29603729603729606,0.3752913752913753,0.6051282051282052,0.5622377622377622,0.6475524475524476,0.5496503496503496,0.51002331002331,0.5892773892773893,0.5906759906759907,0.5482517482517483,0.634032634032634,0.0009324009324009324,0.0,0.002331002331002331,0.050815850815850806,0.03822843822843823,0.06433566433566433,0.42657342657342656,0.38741258741258744,0.46573426573426574
"rrf(bm25_stem,dense:bge-m3)",native_model,tier,50,hard,429,0.3006993006993007,0.25923208252404617,0.34570409788274514,0.4988344988344988,0.45174141621699637,0.5459482690485404,0.44404760508553937,0.4068149316489971,0.48077525605376176,0.1864801864801865,0.15246424733964914,0.22606108908974765,0.38927738927738925,0.34431543586970187,0.4362046643562933,0.4965034965034965,0.449432116172494,0.5436369396241165,0.27515632515632515,0.23969606782106787,0.311577380952381,0.3032040770900616,0.2691165401381617,0.33813867906126627,0.20046620046620048,0.16531524471865544,0.24093386852429988,0.41025641025641024,0.3647074320412226,0.4573983334051104,0.38694638694638694,0.3420550813163108,0.433844389440758,0.4662004662004662,0.4195036719968303,0.5134972007037366,0.0,0.0,0.008874978915283301,0.16317016317016317,0.13121991408930228,0.20109912765083032,0.5361305361305362,0.48882837123593204,0.5827913855324276
"rrf(bm25_stem,dense:bge-m3)",native_model,tier,50,random,429,0.40139860139860145,0.36083916083916084,0.4414918414918415,0.5962703962703962,0.552913752913753,0.639160839160839,0.5358480856453616,0.4999860908258483,0.5711969383239845,0.24615384615384614,0.21025641025641026,0.282983682983683,0.46573426573426574,0.420979020979021,0.5104895104895105,0.5748251748251748,0.53006993006993,0.6191258741258739,0.3403259703259703,0.30398291985791986,0.37737715525215526,0.36880637964369856,0.3334747774558559,0.4049815705465021,0.26620046620046617,0.22890442890442894,0.30349650349650353,0.49557109557109563,0.45081585081585085,0.5398717948717947,0.4461538461538462,0.40512820512820513,0.48811188811188805,0.49743589743589745,0.45314685314685316,0.5417365967365966,0.0013986013986013988,0.0,0.0032634032634032634,0.075990675990676,0.059673659673659674,0.09277389277389277,0.5212121212121212,0.47972027972027975,0.5627039627039627
"rrf(bm25_stem,dense:bge-m3)",native_model,tier,100,hard,429,0.25874125874125875,0.21956954261721856,0.30219530734889727,0.4428904428904429,0.39659925630508724,0.49019532170621555,0.3923012670951223,0.35520695707104233,0.42867662063554546,0.17016317016317017,0.13756886444642238,0.20861206570048949,0.351981351981352,0.30828363904162037,0.3983063896815522,0.44988344988344986,0.40345978374461394,0.4971966826734681,0.2515392015392015,0.21701053576053578,0.2865692871942872,0.2751781885382359,0.24118478513355507,0.30928513496282123,0.1794871794871795,0.14606709697796386,0.21859635104465366,0.372960372960373,0.328516122749774,0.41965957119373637,0.331002331002331,0.2881454122494534,0.37685895125338137,0.4195804195804196,0.3737983687588389,0.46678991456319985,0.0,0.0,0.008874978915283301,0.1351981351981352,0.10606073686102929,0.17081075125198625,0.6060606060606061,0.5590780625968699,0.6511605782392822
"rrf(bm25_stem,dense:bge-m3)",native_model,tier,100,random,429,0.3123543123543124,0.27226107226107227,0.351981351981352,0.4997668997668997,0.45501165501165497,0.544055944055944,0.4459374693007063,0.40943483322238,0.48230156667435775,0.1948717948717949,0.16083916083916083,0.22983682983682982,0.3958041958041958,0.3519696969696971,0.44103729603729586,0.4913752913752914,0.44522144522144524,0.5365967365967366,0.28201798201798206,0.24730416805416802,0.3178417045917045,0.3071934260712394,0.272974093876538,0.34203717699499275,0.2097902097902098,0.1738927738927739,0.2456876456876457,0.42237762237762233,0.3776107226107227,0.46713286713286706,0.37156177156177156,0.32960372960372963,0.413065268065268,0.44755244755244755,0.4027972027972028,0.4927855477855477,0.0004662004662004662,0.0,0.0013986013986013988,0.10955710955710955,0.08671328671328672,0.1337995337995338,0.5776223776223776,0.5351981351981353,0.6205128205128205
"rrf(bm25_stem,dense:bge-m3)",native_model,tier,165,hard,429,0.2540792540792541,0.21519141691509971,0.29733217411316326,0.4405594405594406,0.39431448105468525,0.48785946748769127,0.3855039893544974,0.34872780651692475,0.42205273431215634,0.1655011655011655,0.13333379938220297,0.20360587182685602,0.3473193473193473,0.30380019593569085,0.3935485738496288,0.43356643356643354,0.3874663807382864,0.48084567939731077,0.24630647130647132,0.2123854155104155,0.2812651006401006,0.2691334191072533,0.23545846830381842,0.303648949114448,0.17482517482517482,0.14181339514641184,0.2136087939383528,0.3706293706293706,0.326263527644609,0.4172915368299749,0.32167832167832167,0.2792264219690699,0.36729542365805923,0.4149184149184149,0.36925078039205517,0.4620962439921307,0.0,0.0,0.008874978915283301,0.1282051282051282,0.09983728393418664,0.16317231577204963,0.6177156177156177,0.5708794550500169,0.6624623331307671
"rrf(bm25_stem,dense:bge-m3)",native_model,tier,165,random,429,0.2540792540792541,0.21519141691509971,0.29733217411316326,0.4405594405594406,0.39431448105468525,0.48785946748769127,0.3855039893544974,0.34872780651692475,0.42205273431215634,0.1655011655011655,0.13333379938220297,0.20360587182685602,0.3473193473193473,0.30380019593569085,0.3935485738496288,0.43356643356643354,0.3874663807382864,0.48084567939731077,0.24630647130647132,0.2123854155104155,0.2812651006401006,0.2691334191072533,0.23545846830381842,0.303648949114448,0.17482517482517482,0.14181339514641184,0.2136087939383528,0.3706293706293706,0.326263527644609,0.4172915368299749,0.32167832167832167,0.2792264219690699,0.36729542365805923,0.4149184149184149,0.36925078039205517,0.4620962439921307,0.0,0.0,0.008874978915283301,0.1282051282051282,0.09983728393418664,0.16317231577204963,0.6177156177156177,0.5708794550500169,0.6624623331307671
"rrf(bm25_stem,dense:bge-m3)",native_model,vehicle,0,,429,0.9953379953379954,0.9831631843726782,0.9987205777741859,1.0,0.9911250210847168,1.0,0.9976689976689976,0.9941724941724942,1.0,0.4965034965034965,0.449432116172494,0.5436369396241165,0.8298368298368298,0.7913879342995105,0.8624311355535776,0.9044289044289044,0.8729109127376017,0.9287683001211319,0.6368483368483369,0.5999549755799755,0.6742445054945055,0.6802183661554718,0.6483820433100964,0.7128364291212751,0.5734265734265734,0.5261774863109362,0.619372341960246,0.8648018648018648,0.8291892487480138,0.8939392631389708,0.9953379953379954,0.9831631843726782,0.9987205777741859,0.8298368298368298,0.7913879342995105,0.8624311355535776,0.004662004662004662,0.0012794222258141726,0.016836815627321967,0.0,0.0,0.008874978915283301,0.0,0.0,0.008874978915283301
"rrf(bm25_stem,dense:bge-m3)",native_plain,global,0,,429,0.19813519813519814,0.16316835243124767,0.2384601313427812,0.337995337995338,0.29484743754889503,0.384018814360719,0.30907885142247304,0.274385550943766,0.3440388315698739,0.14918414918414918,0.11859037476737491,0.18600489015919916,0.2937062937062937,0.2525906275893598,0.33848366441065225,0.3706293706293706,0.326263527644609,0.4172915368299749,0.21084286084286083,0.17805604118104118,0.24478854478854475,0.22723561189341082,0.19479722391264997,0.2603230192248638,0.14918414918414918,0.11859037476737491,0.18600489015919916,0.31002331002331,0.26810568730040213,0.35531301098209483,0.2564102564102564,0.21737972116177612,0.2997644993354132,0.358974358974359,0.3150175124980972,0.40543440463185465,0.002331002331002331,0.0004115977258030276,0.01308401065840669,0.0979020979020979,0.0732475094683459,0.12969390714184698,0.7016317016317016,0.6567013895335538,0.7429830595285813
"rrf(bm25_stem,dense:bge-m3)",native_plain,manual,0,,429,1.0,0.9911250210847168,1.0,1.0,0.9911250210847168,1.0,1.0,0.9911250210847168,1.0,0.5547785547785548,0.5074698587605132,0.6011149337592575,0.8601398601398601,0.8241127036536859,0.8897745492954456,0.9347319347319347,0.9072870070115661,0.954460388943211,0.6883921633921632,0.6534953703703702,0.7236054686054686,0.7280055751417853,0.6979736406665581,0.7582188470750985,0.6386946386946387,0.5921918924227842,0.6827355609783377,0.9044289044289044,0.8729109127376017,0.9287683001211319,1.0,0.9911250210847168,1.0,0.8601398601398601,0.8241127036536859,0.8897745492954456,0.0,0.0,0.008874978915283301,0.0,0.0,0.008874978915283301,0.0,0.0,0.008874978915283301
"rrf(bm25_stem,dense:bge-m3)",native_plain,tier,1,hard,429,1.0,0.9911250210847168,1.0,1.0,0.9911250210847168,1.0,1.0,0.9911250210847168,1.0,0.5547785547785548,0.5074698587605132,0.6011149337592575,0.8601398601398601,0.8241127036536859,0.8897745492954456,0.9347319347319347,0.9072870070115661,0.954460388943211,0.6883921633921632,0.6534953703703702,0.7236054686054686,0.7280055751417853,0.6979736406665581,0.7582188470750985,0.6386946386946387,0.5921918924227842,0.6827355609783377,0.9044289044289044,0.8729109127376017,0.9287683001211319,1.0,0.9911250210847168,1.0,0.8601398601398601,0.8241127036536859,0.8897745492954456,0.0,0.0,0.008874978915283301,0.0,0.0,0.008874978915283301,0.0,0.0,0.008874978915283301
"rrf(bm25_stem,dense:bge-m3)",native_plain,tier,1,random,429,1.0,0.9911250210847168,1.0,1.0,0.9911250210847168,1.0,1.0,0.9911250210847168,1.0,0.5547785547785548,0.5074698587605132,0.6011149337592575,0.8601398601398601,0.8241127036536859,0.8897745492954456,0.9347319347319347,0.9072870070115661,0.954460388943211,0.6883921633921632,0.6534953703703702,0.7236054686054686,0.7280055751417853,0.6979736406665581,0.7582188470750985,0.6386946386946387,0.5921918924227842,0.6827355609783377,0.9044289044289044,0.8729109127376017,0.9287683001211319,1.0,0.9911250210847168,1.0,0.8601398601398601,0.8241127036536859,0.8897745492954456,0.0,0.0,0.008874978915283301,0.0,0.0,0.008874978915283301,0.0,0.0,0.008874978915283301
"rrf(bm25_stem,dense:bge-m3)",native_plain,tier,2,hard,429,0.7953379953379953,0.765034965034965,0.8251748251748252,1.0,0.9911250210847168,1.0,0.8976689976689978,0.8825174825174825,0.9125874125874126,0.45641025641025645,0.41305361305361304,0.49976689976689975,0.8065268065268065,0.7706293706293706,0.841958041958042,0.8941724941724942,0.8657342657342657,0.9212121212121214,0.601048766048766,0.5659489908239909,0.6366406833906835,0.6487650897509566,0.6180172873563851,0.6801795168574187,0.5174825174825175,0.47365967365967365,0.5622377622377622,0.8582750582750582,0.8270396270396271,0.8876573426573424,0.8466200466200466,0.8191025641025642,0.8736596736596737,0.8153846153846154,0.7804195804195803,0.8494172494172495,0.002331002331002331,0.0,0.006060606060606061,0.186013986013986,0.15804195804195806,0.21445221445221446,0.016317016317016316,0.007925949993377536,0.033293435204390695
"rrf(bm25_stem,dense:bge-m3)",native_plain,tier,2,random,429,0.8848484848484849,0.8657226107226108,0.903030303030303,1.0,0.9911250210847168,1.0,0.9424242424242425,0.9328613053613054,0.9515151515151516,0.5020979020979021,0.4592074592074592,0.5463869463869463,0.8214452214452214,0.7874125874125876,0.8536130536130537,0.8983682983682983,0.8717948717948718,0.9235431235431235,0.635942575942576,0.6013564676064678,0.6713719659969661,0.6766541921452609,0.6464343466203705,0.7076518167986782,0.5692307692307692,0.5272727272727272,0.6125874125874126,0.8601398601398601,0.8298368298368298,0.8885780885780887,0.8871794871794872,0.868065268065268,0.9053613053613053,0.821911421911422,0.7883449883449883,0.854079254079254,0.0,0.0,0.008874978915283301,0.005128205128205128,0.002331002331002331,0.008391608391608392,0.11002331002331002,0.09184149184149186,0.12913752913752913
"rrf(bm25_stem,dense:bge-m3)",native_plain,tier,5,hard,429,0.544055944055944,0.49976689976689975,0.5874125874125874,0.9025641025641026,0.8755244755244755,0.9272727272727272,0.7221833721833723,0.6938065268065269,0.749767094017094,0.3151515151515151,0.27364801864801874,0.3575757575757576,0.6913752913752913,0.6484848484848486,0.7342657342657343,0.7967365967365966,0.758962703962704,0.8335664335664337,0.4632739482739483,0.42703333703333707,0.5001325618825618,0.51662411163408,0.4836224407716054,0.5502163662976716,0.34778554778554777,0.30536130536130535,0.39020979020979013,0.7328671328671328,0.6923076923076923,0.7743589743589742,0.6811188811188811,0.6386946386946387,0.7207459207459207,0.7212121212121212,0.6797202797202798,0.7622377622377622,0.0037296037296037296,0.0,0.00979020979020979,0.3543123543123543,0.3132867132867133,0.3962703962703963,0.0979020979020979,0.0732475094683459,0.12969390714184698
"rrf(bm25_stem,dense:bge-m3)",native_plain,tier,5,random,429,0.7011655011655011,0.668997668997669,0.7328671328671328,0.9557109557109557,0.9417249417249417,0.9682983682983682,0.8247241647241648,0.8044285159285159,0.8445769230769231,0.406993006993007,0.36689976689976683,0.4489510489510489,0.7235431235431234,0.6853146853146853,0.7617715617715618,0.8242424242424243,0.7916083916083917,0.8559440559440561,0.5412975912975913,0.5057074823324823,0.577616365116365,0.5846807823961954,0.5519346633105505,0.6184555070694837,0.45454545454545453,0.4149184149184149,0.49603729603729607,0.765034965034965,0.7282051282051282,0.800932400932401,0.7137529137529138,0.6811188811188811,0.7454545454545454,0.7268065268065268,0.689044289044289,0.765034965034965,0.0004662004662004662,0.0,0.0013986013986013988,0.02610722610722611,0.01911421911421911,0.034032634032634033,0.27226107226107227,0.24149184149184147,0.30442890442890447
"rrf(bm25_stem,dense:bge-m3)",native_plain,tier,10,hard,429,0.34825174825174826,0.30303030303030304,0.393006993006993,0.6703962703962705,0.6265734265734266,0.7151515151515151,0.5495373145373146,0.5171305407555408,0.5822681068931069,0.2247086247086247,0.1864801864801865,0.26386946386946386,0.5216783216783217,0.4755128205128206,0.5692307692307692,0.6708624708624709,0.6265734265734266,0.7156177156177156,0.35064861064861064,0.3148371350871351,0.38694820457320456,0.40016842852602347,0.366830505546582,0.4349256219184968,0.23403263403263405,0.19487179487179485,0.2745920745920746,0.57995337995338,0.5337995337995338,0.627039627039627,0.5053613053613054,0.4582750582750583,0.5533799533799534,0.5827505827505828,0.5355563919974016,0.6284759541494864,0.0,0.0,0.008874978915283301,0.3184149184149184,0.27505827505827507,0.3627039627039627,0.3333333333333333,0.2903782139963267,0.37924677897543446
"rrf(bm25_stem,dense:bge-m3)",native_plain,tier,10,random,429,0.5566433566433566,0.5198135198135199,0.5934731934731935,0.8321678321678322,0.8032634032634032,0.8596736596736597,0.7113601213601214,0.6845156695156697,0.7380662485662485,0.3370629370629371,0.29790209790209793,0.3771561771561771,0.6531468531468533,0.6121212121212122,0.6937062937062938,0.7543123543123543,0.7174825174825173,0.7911421911421911,0.4670527620527621,0.43161849261849256,0.5038950910200911,0.50976316641476,0.47628884973893604,0.5441698546572157,0.3743589743589744,0.33519813519813524,0.41538461538461535,0.6885780885780886,0.6489510489510489,0.7277389277389279,0.5757575757575757,0.5389277389277389,0.6121212121212122,0.6629370629370629,0.6228438228438228,0.7030303030303031,0.0004662004662004662,0.0,0.0013986013986013988,0.039160839160839164,0.029836829836829837,0.049417249417249426,0.4037296037296037,0.36689976689976683,0.4405594405594406
"rrf(bm25_stem,dense:bge-m3)",native_plain,tier,20,hard,429,0.28438228438228436,0.24375414326145808,0.32883763086284834,0.4988344988344988,0.4517482517482518,0.544988344988345,0.4454315736476533,0.41090091126057887,0.4807693169314578,0.19114219114219114,0.15673970828169287,0.23102688708555674,0.4358974358974359,0.38974804146596015,0.4831846481385635,0.5641025641025641,0.5168153518614366,0.6102519585340399,0.2915440115440116,0.25652349039849043,0.32741521904021903,0.3306014144718988,0.29663839020337984,0.3655869035820207,0.19347319347319347,0.15888055737748563,0.23350666745869036,0.4568764568764569,0.4103295818645022,0.5041887729603592,0.40512820512820513,0.35850815850815854,0.4517482517482518,0.5244755244755245,0.47721071874186416,0.5713058906818633,0.0,0.0,0.008874978915283301,0.20279720279720279,0.16746409903701423,0.24340564367486742,0.5128205128205128,0.4656185272690394,0.5597949348100557
"rrf(bm25_stem,dense:bge-m3)",native_plain,tier,20,random,429,0.4405594405594406,0.4018648018648019,0.4792540792540793,0.6927738927738929,0.6540792540792542,0.731002331002331,0.5984951698742319,0.566513794586167,0.6301592340502254,0.2787878787878788,0.24149184149184147,0.317016317016317,0.5524475524475524,0.5095571095571096,0.5962703962703964,0.6624708624708624,0.620967365967366,0.7048951048951049,0.3931083731083731,0.35756197506197507,0.4300642736892737,0.4310025011826899,0.3968244081736345,0.4661952581648889,0.3011655011655011,0.26385780885780896,0.34032634032634035,0.5841491841491842,0.5417249417249417,0.6275058275058276,0.46713286713286717,0.42797202797202794,0.5062937062937063,0.5692307692307692,0.5268065268065268,0.6121212121212122,0.0009324009324009324,0.0,0.002331002331002331,0.04708624708624709,0.0358974358974359,0.058741258741258746,0.5114219114219114,0.4717948717948718,0.551048951048951
"rrf(bm25_stem,dense:bge-m3)",native_plain,tier,50,hard,429,0.22843822843822845,0.19122433878112116,0.27047232808895116,0.40326340326340326,0.35790040638671894,0.45034347065283475,0.3621360402235236,0.3266614888553831,0.39740727747913723,0.16783216783216784,0.13545012951928953,0.2061101711586959,0.34498834498834496,0.30156023200627147,0.3911679083101217,0.4522144522144522,0.4057486882797991,0.49952840760720946,0.24173326673326673,0.2067928367928368,0.27670149295149293,0.2708201397134611,0.23693723928571425,0.3048500326583188,0.16783216783216784,0.13545012951928953,0.2061101711586959,0.3613053613053613,0.3172644390216624,0.4078081075772158,0.30536130536130535,0.26366629433211053,0.35051114501253355,0.42424242424242425,0.3783501771889351,0.4714793650709564,0.0,0.0,0.008874978915283301,0.12354312354312354,0.09570489417497881,0.1580634465934047,0.6480186480186481,0.6016936103184479,0.6917163609583797
"rrf(bm25_stem,dense:bge-m3)",native_plain,tier,50,random,429,0.3207459207459208,0.28251748251748254,0.358974358974359,0.53006993006993,0.4857808857808858,0.5729603729603729,0.4619717865594799,0.4274313099880066,0.49667677559399553,0.21864801864801867,0.18414918414918416,0.2545454545454546,0.42750582750582744,0.3850815850815851,0.47086247086247085,0.5426573426573427,0.4983682983682984,0.5874125874125874,0.3075813075813076,0.27265445665445665,0.34360160672660667,0.3366161340147838,0.3026561110156639,0.3713028986160029,0.22843822843822845,0.1939393939393939,0.26433566433566436,0.45501165501165497,0.41212121212121217,0.49930069930069926,0.36177156177156183,0.32214452214452216,0.40186480186480183,0.4648018648018648,0.42144522144522145,0.5077039627039625,0.0009324009324009324,0.0,0.002331002331002331,0.06806526806526807,0.053613053613053616,0.08344988344988347,0.6102564102564103,0.5696969696969697,0.6498951048951047
"rrf(bm25_stem,dense:bge-m3)",native_plain,tier,100,hard,429,0.1958041958041958,0.16102344783933376,0.23598440646576868,0.34965034965034963,0.3060413334177546,0.3959280658364915,0.314406283345893,0.2798218741385368,0.34903387332374897,0.14918414918414918,0.11859037476737491,0.18600489015919916,0.30536130536130535,0.26366629433211053,0.35051114501253355,0.3822843822843823,0.33753766686923287,0.42912054494998314,0.21523291523291524,0.18217611092611094,0.24933594183594182,0.23426901623599092,0.201745243346722,0.2676304723653476,0.14918414918414918,0.11859037476737491,0.18600489015919916,0.32167832167832167,0.2792264219690699,0.36729542365805923,0.25874125874125875,0.21956954261721856,0.30219530734889727,0.3706293706293706,0.326263527644609,0.4172915368299749,0.0,0.0,0.008874978915283301,0.10955710955710955,0.08339458863052511,0.14264997532429988,0.6946386946386947,0.6494888549874664,0.7363337056678896
"rrf(bm25_stem,dense:bge-m3)",native_plain,tier,100,random,429,0.2386946386946387,0.20233100233100232,0.2755244755244755,0.41072261072261074,0.3664335664335664,0.45454545454545453,0.3668383900372722,0.3322738018031194,0.40190422537563375,0.1692307692307692,0.1365967365967366,0.20233100233100235,0.3454545454545454,0.30303030303030304,0.3888111888111888,0.44428904428904425,0.39953379953379947,0.48951048951048953,0.24542605542605542,0.21257227494727493,0.27984685684685684,0.2679909900145197,0.23566473738874014,0.302036968110814,0.1710955710955711,0.13846153846153847,0.20512820512820512,0.3738927738927739,0.331002331002331,0.41864801864801865,0.2923076923076923,0.25361305361305364,0.3319347319347319,0.4027972027972028,0.3594405594405594,0.44755244755244755,0.0009324009324009324,0.0,0.002331002331002331,0.09044289044289043,0.068997668997669,0.11375291375291374,0.6699300699300699,0.6293706293706294,0.7100233100233101
"rrf(bm25_stem,dense:bge-m3)",native_plain,tier,165,hard,429,0.19813519813519814,0.16316835243124767,0.2384601313427812,0.337995337995338,0.29484743754889503,0.384018814360719,0.30907885142247304,0.274385550943766,0.3440388315698739,0.14918414918414918,0.11859037476737491,0.18600489015919916,0.2937062937062937,0.2525906275893598,0.33848366441065225,0.3706293706293706,0.326263527644609,0.4172915368299749,0.21084286084286083,0.17805604118104118,0.24478854478854475,0.22723561189341082,0.19479722391264997,0.2603230192248638,0.14918414918414918,0.11859037476737491,0.18600489015919916,0.31002331002331,0.26810568730040213,0.35531301098209483,0.2564102564102564,0.21737972116177612,0.2997644993354132,0.358974358974359,0.3150175124980972,0.40543440463185465,0.002331002331002331,0.0004115977258030276,0.01308401065840669,0.0979020979020979,0.0732475094683459,0.12969390714184698,0.7016317016317016,0.6567013895335538,0.7429830595285813
"rrf(bm25_stem,dense:bge-m3)",native_plain,tier,165,random,429,0.19813519813519814,0.16316835243124767,0.2384601313427812,0.337995337995338,0.29484743754889503,0.384018814360719,0.30907885142247304,0.274385550943766,0.3440388315698739,0.14918414918414918,0.11859037476737491,0.18600489015919916,0.2937062937062937,0.2525906275893598,0.33848366441065225,0.3706293706293706,0.326263527644609,0.4172915368299749,0.21084286084286083,0.17805604118104118,0.24478854478854475,0.22723561189341082,0.19479722391264997,0.2603230192248638,0.14918414918414918,0.11859037476737491,0.18600489015919916,0.31002331002331,0.26810568730040213,0.35531301098209483,0.2564102564102564,0.21737972116177612,0.2997644993354132,0.358974358974359,0.3150175124980972,0.40543440463185465,0.002331002331002331,0.0004115977258030276,0.01308401065840669,0.0979020979020979,0.0732475094683459,0.12969390714184698,0.7016317016317016,0.6567013895335538,0.7429830595285813
"rrf(bm25_stem,dense:bge-m3)",native_plain,vehicle,0,,429,0.993006993006993,0.979644178363432,0.9976189543145055,1.0,0.9911250210847168,1.0,0.9965034965034965,0.9918414918414918,1.0,0.5477855477855478,0.5004715923927906,0.594251311720201,0.8578088578088578,0.8215789578684128,0.8876876656117926,0.9347319347319347,0.9072870070115661,0.954460388943211,0.6832251082251082,0.6481520331520332,0.7188492294742295,0.7242532771833529,0.6946089528712277,0.7546725276291794,0.634032634032634,0.58744791052748,0.6782382839357889,0.9020979020979021,0.8703060928581531,0.9267524905316541,0.993006993006993,0.979644178363432,0.9976189543145055,0.8578088578088578,0.8215789578684128,0.8876876656117926,0.006993006993006993,0.0023810456854944425,0.020355821636568114,0.0,0.0,0.008874978915283301,0.0,0.0,0.008874978915283301
"wsum(bm25_stem+ctx,dense:bge-m3+ctx;w=0.3|0.7)",native_brand,global,0,,429,0.46853146853146854,0.4217997511405959,0.5158217510288975,0.7948717948717948,0.7541245182812059,0.830385109537986,0.6457977227428697,0.6127648467268193,0.6787129576193084,0.28438228438228436,0.24375414326145808,0.32883763086284834,0.6177156177156177,0.5708794550500169,0.6624623331307671,0.7202797202797203,0.675993610974945,0.7606558738386017,0.421944721944722,0.384564047064047,0.4606557794057794,0.46306104522597885,0.4291137734539958,0.4988548913423744,0.317016317016317,0.27477435145002854,0.3625062352392477,0.662004662004662,0.6159811856392811,0.7051525624511051,0.62004662004662,0.5732430320601472,0.6647193855895634,0.6736596736596736,0.6279203559931653,0.7163165394418528,0.004662004662004662,0.0012794222258141726,0.016836815627321967,0.46386946386946387,0.4172086144675725,0.5111716287640681,0.06293706293706294,0.043611317210511896,0.09002065736578471
"wsum(bm25_stem+ctx,dense:bge-m3+ctx;w=0.3|0.7)",native_brand,manual,0,,429,1.0,0.9911250210847168,1.0,1.0,0.9911250210847168,1.0,1.0,0.9911250210847168,1.0,0.5757575757575758,0.5285206349290437,0.621649822811065,0.8717948717948718,0.8368276842279504,0.9001627160658133,0.9347319347319347,0.9072870070115661,0.954460388943211,0.7041236541236542,0.6690560596810596,0.7395254282754281,0.7372216256759582,0.7069830792329698,0.7666693607088703,0.6480186480186481,0.6016936103184479,0.6917163609583797,0.8997668997668997,0.8677059907241503,0.9247319631967305,1.0,0.9911250210847168,1.0,0.8717948717948718,0.8368276842279504,0.9001627160658133,0.0,0.0,0.008874978915283301,0.0,0.0,0.008874978915283301,0.0,0.0,0.008874978915283301
"wsum(bm25_stem+ctx,dense:bge-m3+ctx;w=0.3|0.7)",native_brand,tier,1,hard,429,1.0,0.9911250210847168,1.0,1.0,0.9911250210847168,1.0,1.0,0.9911250210847168,1.0,0.5757575757575758,0.5285206349290437,0.621649822811065,0.8717948717948718,0.8368276842279504,0.9001627160658133,0.9347319347319347,0.9072870070115661,0.954460388943211,0.7041236541236542,0.6690560596810596,0.7395254282754281,0.7372216256759582,0.7069830792329698,0.7666693607088703,0.6480186480186481,0.6016936103184479,0.6917163609583797,0.8997668997668997,0.8677059907241503,0.9247319631967305,1.0,0.9911250210847168,1.0,0.8717948717948718,0.8368276842279504,0.9001627160658133,0.0,0.0,0.008874978915283301,0.0,0.0,0.008874978915283301,0.0,0.0,0.008874978915283301
"wsum(bm25_stem+ctx,dense:bge-m3+ctx;w=0.3|0.7)",native_brand,tier,1,random,429,1.0,0.9911250210847168,1.0,1.0,0.9911250210847168,1.0,1.0,0.9911250210847168,1.0,0.5757575757575758,0.5285206349290437,0.621649822811065,0.8717948717948718,0.8368276842279504,0.9001627160658133,0.9347319347319347,0.9072870070115661,0.954460388943211,0.7041236541236542,0.6690560596810596,0.7395254282754281,0.7372216256759582,0.7069830792329698,0.7666693607088703,0.6480186480186481,0.6016936103184479,0.6917163609583797,0.8997668997668997,0.8677059907241503,0.9247319631967305,1.0,0.9911250210847168,1.0,0.8717948717948718,0.8368276842279504,0.9001627160658133,0.0,0.0,0.008874978915283301,0.0,0.0,0.008874978915283301,0.0,0.0,0.008874978915283301
"wsum(bm25_stem+ctx,dense:bge-m3+ctx;w=0.3|0.7)",native_brand,tier,2,hard,429,0.8186480186480187,0.7906759906759907,0.8466200466200466,1.0,0.9911250210847168,1.0,0.9093240093240094,0.8953379953379954,0.9233100233100233,0.4801864801864802,0.4358974358974359,0.5244755244755245,0.8130536130536131,0.7780885780885781,0.8470979020979019,0.8885780885780887,0.8591958041958042,0.9165501165501166,0.6234417434417434,0.5881178451178452,0.659044437044437,0.6639775882361167,0.6328608557942558,0.6961372428808893,0.5398601398601399,0.49696969696969695,0.5832167832167832,0.8554778554778555,0.8246969696969697,0.8862470862470863,0.8643356643356643,0.8391608391608392,0.889044289044289,0.820979020979021,0.786946386946387,0.8545454545454546,0.0032634032634032634,0.0,0.007459207459207459,0.17808857808857811,0.15058275058275056,0.20652680652680652,0.0,0.0,0.008874978915283301
"wsum(bm25_stem+ctx,dense:bge-m3+ctx;w=0.3|0.7)",native_brand,tier,2,random,429,0.9836829836829837,0.9766899766899767,0.99020979020979,1.0,0.9911250210847168,1.0,0.9918414918414918,0.9883449883449883,0.9951048951048951,0.5631701631701631,0.5165501165501166,0.6097902097902098,0.868065268065268,0.8349650349650349,0.8997668997668997,0.9305361305361305,0.9058275058275057,0.9533799533799534,0.693915898915899,0.6591025178525179,0.7293385595885594,0.7279564617381774,0.6980073546162747,0.7579713054211114,0.6372960372960372,0.5925407925407925,0.6806526806526807,0.8974358974358975,0.8685314685314686,0.924941724941725,0.9850815850815852,0.9780885780885782,0.9911421911421913,0.868065268065268,0.8349650349650349,0.8997668997668997,0.0009324009324009324,0.0,0.002331002331002331,0.007459207459207459,0.004195804195804196,0.01118881118881119,0.007925407925407925,0.003263403263403264,0.01351981351981352
"wsum(bm25_stem+ctx,dense:bge-m3+ctx;w=0.3|0.7)",native_brand,tier,5,hard,429,0.5855477855477855,0.5417249417249418,0.6289044289044289,0.9300699300699301,0.9072261072261073,0.9505827505827507,0.7560372960372961,0.7288653846153845,0.7827742812742813,0.3557109557109557,0.3123543123543124,0.3995337995337995,0.7072261072261071,0.6657342657342658,0.7491841491841491,0.8181818181818182,0.7822843822843824,0.8531468531468531,0.5061988011988012,0.46899411236911237,0.5438041125541125,0.5515149983982729,0.5189119211129553,0.5854477537964661,0.3948717948717949,0.35011655011655013,0.4405594405594406,0.7510489510489512,0.7118881118881119,0.7906759906759908,0.708158508158508,0.6675990675990675,0.7473193473193473,0.73986013986014,0.6993006993006993,0.7804195804195805,0.004662004662004662,0.0012794222258141726,0.016836815627321967,0.4097902097902098,0.3664335664335664,0.45361305361305365,0.0,0.0,0.008874978915283301
"wsum(bm25_stem+ctx,dense:bge-m3+ctx;w=0.3|0.7)",native_brand,tier,5,random,429,0.9417249417249417,0.9272727272727272,0.9552447552447553,0.9990675990675991,0.9976689976689976,1.0,0.9696192696192697,0.9617715617715619,0.977000777000777,0.5361305361305362,0.49044289044289047,0.5818181818181818,0.8573426573426575,0.8247086247086246,0.8895104895104896,0.9230769230769231,0.897902097902098,0.9463869463869464,0.6727283827283829,0.6381090252340252,0.7075920144670145,0.7091403996124539,0.6791291707910053,0.7391752890279424,0.6093240093240093,0.565034965034965,0.6526806526806527,0.8881118881118881,0.8587412587412588,0.9165501165501165,0.9491841491841493,0.9351981351981352,0.9622377622377623,0.8592074592074592,0.8265734265734266,0.890909090909091,0.0013986013986013988,0.0,0.0032634032634032634,0.031701631701631705,0.02377622377622378,0.039627039627039624,0.025174825174825177,0.014918414918414918,0.03682983682983683
"wsum(bm25_stem+ctx,dense:bge-m3+ctx;w=0.3|0.7)",native_brand,tier,10,hard,429,0.5123543123543124,0.46480186480186475,0.5594405594405595,0.8484848484848485,0.8139860139860141,0.8815850815850815,0.6927072927072927,0.6613475598475599,0.723643449143449,0.31421911421911425,0.2708624708624709,0.3580419580419581,0.6643356643356644,0.6205128205128205,0.7090909090909091,0.7776223776223776,0.737995337995338,0.8163170163170163,0.45866392866392874,0.4212274993524993,0.4971708430458431,0.504403228270612,0.4710435372670012,0.5392111322621957,0.35151515151515156,0.30722610722610727,0.39721445221445206,0.7062937062937062,0.6634032634032635,0.7487179487179487,0.6615384615384615,0.6172494172494173,0.7062937062937062,0.7104895104895104,0.6671328671328671,0.7538461538461538,0.004662004662004662,0.0012794222258141726,0.016836815627321967,0.4713286713286713,0.4247086247086247,0.5184149184149184,0.011655011655011656,0.004988317064839966,0.02698980919507543
"wsum(bm25_stem+ctx,dense:bge-m3+ctx;w=0.3|0.7)",native_brand,tier,10,random,429,0.9081585081585082,0.8895104895104896,0.9258741258741259,0.9883449883449883,0.9799533799533799,0.9948717948717949,0.9495226995226996,0.9383069430569431,0.9600245032745034,0.5151515151515151,0.46993006993006997,0.5599067599067599,0.8386946386946387,0.8055944055944056,0.8708624708624709,0.9170163170163169,0.8913752913752914,0.9412587412587412,0.6543972693972694,0.6198649822399823,0.6894831603581605,0.6918196515675031,0.6619554222069383,0.7224091151471693,0.584149184149184,0.5407925407925408,0.627039627039627,0.8717948717948718,0.8419580419580419,0.9011655011655012,0.9212121212121214,0.9034965034965036,0.9384615384615383,0.841958041958042,0.8093240093240093,0.8741258741258742,0.0013986013986013988,0.0,0.0032634032634032634,0.058741258741258746,0.046153846153846156,0.07226107226107226,0.031701631701631705,0.02097902097902098,0.043822843822843814
"wsum(bm25_stem+ctx,dense:bge-m3+ctx;w=0.3|0.7)",native_brand,tier,20,hard,429,0.49417249417249415,0.4471238308835312,0.5413245954441529,0.8256410256410256,0.7888111888111887,0.8606060606060606,0.6755047421260156,0.6435395203819476,0.707361402248088,0.30303030303030304,0.2614485366470758,0.348108273228642,0.6456876456876457,0.5993164493280936,0.6894728924798077,0.7599067599067599,0.7172944221785518,0.7979057636067439,0.44517057017057016,0.4077848309098309,0.48383681133681133,0.4904303812287244,0.4567804819921045,0.5253320105422254,0.34032634032634035,0.297083847081787,0.38640303429675354,0.6899766899766899,0.6446869890179051,0.7318943126995979,0.6410256410256411,0.5945655953681456,0.6849824875019029,0.6946386946386947,0.6494888549874664,0.7363337056678896,0.004662004662004662,0.0012794222258141726,0.016836815627321967,0.4755244755244755,0.4286941093181368,0.522789281258136,0.02564102564102564,0.014376712464934334,0.04532519060853957
"wsum(bm25_stem+ctx,dense:bge-m3+ctx;w=0.3|0.7)",native_brand,tier,20,random,429,0.84009324009324,0.8158508158508159,0.8643356643356642,0.9743589743589743,0.960839160839161,0.9864801864801864,0.9087290655472474,0.8930958452322089,0.9241001662478936,0.47832167832167827,0.43543123543123546,0.5226107226107226,0.8083916083916083,0.7734265734265735,0.8424242424242424,0.8974358974358975,0.8694638694638694,0.9235431235431236,0.6206277056277058,0.5858643486143487,0.6562451992451993,0.6602597328768782,0.6298125406953732,0.6913911306621168,0.537995337995338,0.4955710955710956,0.5804195804195804,0.8456876456876459,0.813986013986014,0.8769230769230769,0.8675990675990677,0.8447552447552447,0.8904428904428905,0.813986013986014,0.7794871794871794,0.8475524475524476,0.0013986013986013988,0.0,0.0032634032634032634,0.10582750582750584,0.08857808857808858,0.12354312354312354,0.05268065268065268,0.03776223776223776,0.068997668997669
"wsum(bm25_stem+ctx,dense:bge-m3+ctx;w=0.3|0.7)",native_brand,tier,50,hard,429,0.4825174825174825,0.43559763266203977,0.5297476463210121,0.8158508158508159,0.7764249873189515,0.8496703057205783,0.6629507823522272,0.6305941126058514,0.6951472234431469,0.2937062937062937,0.2525906275893598,0.33848366441065225,0.6386946386946387,0.5921918924227842,0.6827355609783377,0.7435897435897436,0.7002355006645868,0.7826202788382239,0.4338957338957339,0.3963027019277019,0.4725922225922225,0.47762173356377724,0.4436499300614336,0.5125716334717932,0.32400932400932403,0.28145432374835505,0.36968815134770056,0.6853146853146853,0.6398902398627014,0.7274498029169488,0.6363636363636364,0.589819332376358,0.6804874915558375,0.6899766899766899,0.6446869890179051,0.7318943126995979,0.004662004662004662,0.0012794222258141726,0.016836815627321967,0.47086247086247085,0.42409685097105243,0.5181452806673674,0.04195804195804196,0.026702759227958207,0.06534355012800064
"wsum(bm25_stem+ctx,dense:bge-m3+ctx;w=0.3|0.7)",native_brand,tier,50,random,429,0.7034965034965035,0.6708624708624709,0.7365967365967364,0.9393939393939394,0.9202797202797203,0.9571095571095571,0.820974170139617,0.7987821382829722,0.8430014778673175,0.40885780885780887,0.3678321678321679,0.4517482517482518,0.7431235431235431,0.7048951048951049,0.7818181818181817,0.8396270396270398,0.8069930069930069,0.8708624708624709,0.5517304917304917,0.5168074610574611,0.5884970353720355,0.5905598907611243,0.5587507493052278,0.6239013464226564,0.45641025641025645,0.41538461538461535,0.4983682983682984,0.786013986013986,0.7505827505827506,0.8219230769230768,0.7641025641025642,0.7319347319347319,0.7958041958041957,0.7608391608391608,0.7235431235431234,0.7981351981351981,0.002331002331002331,0.0004662004662004662,0.005128205128205128,0.2172494172494172,0.1906759906759907,0.24428904428904433,0.07692307692307693,0.05780885780885781,0.09696969696969697
"wsum(bm25_stem+ctx,dense:bge-m3+ctx;w=0.3|0.7)",native_brand,tier,100,hard,429,0.4731934731934732,0.42639497062791254,0.5204677904794338,0.8041958041958042,0.7640155935342312,0.8389765521606662,0.6509878304279383,0.6180122678808918,0.6837231685509819,0.28438228438228436,0.24375414326145808,0.32883763086284834,0.6247086247086248,0.5779735149260791,0.6692301616614845,0.7202797202797203,0.675993610974945,0.7606558738386017,0.42304917304917306,0.38565640378140376,0.461732202982203,0.4638091853085569,0.4298703472948403,0.4995436516069186,0.317016317016317,0.27477435145002854,0.3625062352392477,0.668997668997669,0.6231410487466187,0.7118545877505467,0.6247086247086248,0.5779735149260791,0.6692301616614845,0.6806526806526807,0.6350985460095668,0.7230002378322307,0.004662004662004662,0.0012794222258141726,0.016836815627321967,0.46386946386946387,0.4172086144675725,0.5111716287640681,0.05827505827505827,0.03978064413274325,0.08461007150570049
"wsum(bm25_stem+ctx,dense:bge-m3+ctx;w=0.3|0.7)",native_brand,tier,100,random,429,0.5724941724941726,0.531934731934732,0.6139860139860139,0.875058275058275,0.847086247086247,0.9020979020979021,0.7301277390491479,0.7017760696282672,0.7582360721358986,0.3417249417249418,0.3006993006993007,0.38368298368298376,0.6806526806526807,0.6386946386946387,0.724009324009324,0.7738927738927739,0.7356643356643358,0.8107226107226106,0.4815699115699116,0.4453690707440707,0.5193481425981427,0.5209330975705382,0.4875871680607345,0.5560442700974229,0.37995337995337997,0.33752913752913755,0.4233100233100233,0.7249417249417249,0.6853146853146853,0.765967365967366,0.6773892773892775,0.6382284382284382,0.717016317016317,0.7165501165501166,0.675990675990676,0.7575757575757576,0.005128205128205128,0.0009324009324009324,0.010722610722610722,0.34918414918414914,0.3114219114219114,0.38834498834498826,0.07319347319347319,0.05268065268065268,0.09463869463869465
"wsum(bm25_stem+ctx,dense:bge-m3+ctx;w=0.3|0.7)",native_brand,tier,165,hard,429,0.46853146853146854,0.4217997511405959,0.5158217510288975,0.7948717948717948,0.7541245182812059,0.830385109537986,0.6457977227428697,0.6127648467268193,0.6787129576193084,0.28438228438228436,0.24375414326145808,0.32883763086284834,0.6177156177156177,0.5708794550500169,0.6624623331307671,0.7202797202797203,0.675993610974945,0.7606558738386017,0.421944721944722,0.384564047064047,0.4606557794057794,0.46306104522597885,0.4291137734539958,0.4988548913423744,0.317016317016317,0.27477435145002854,0.3625062352392477,0.662004662004662,0.6159811856392811,0.7051525624511051,0.62004662004662,0.5732430320601472,0.6647193855895634,0.6736596736596736,0.6279203559931653,0.7163165394418528,0.004662004662004662,0.0012794222258141726,0.016836815627321967,0.46386946386946387,0.4172086144675725,0.5111716287640681,0.06293706293706294,0.043611317210511896,0.09002065736578471
"wsum(bm25_stem+ctx,dense:bge-m3+ctx;w=0.3|0.7)",native_brand,tier,165,random,429,0.46853146853146854,0.4217997511405959,0.5158217510288975,0.7948717948717948,0.7541245182812059,0.830385109537986,0.6457977227428697,0.6127648467268193,0.6787129576193084,0.28438228438228436,0.24375414326145808,0.32883763086284834,0.6177156177156177,0.5708794550500169,0.6624623331307671,0.7202797202797203,0.675993610974945,0.7606558738386017,0.421944721944722,0.384564047064047,0.4606557794057794,0.46306104522597885,0.4291137734539958,0.4988548913423744,0.317016317016317,0.27477435145002854,0.3625062352392477,0.662004662004662,0.6159811856392811,0.7051525624511051,0.62004662004662,0.5732430320601472,0.6647193855895634,0.6736596736596736,0.6279203559931653,0.7163165394418528,0.004662004662004662,0.0012794222258141726,0.016836815627321967,0.46386946386946387,0.4172086144675725,0.5111716287640681,0.06293706293706294,0.043611317210511896,0.09002065736578471
"wsum(bm25_stem+ctx,dense:bge-m3+ctx;w=0.3|0.7)",native_brand,vehicle,0,,429,0.9906759906759907,0.9762742334814445,0.9963682697275666,1.0,0.9911250210847168,1.0,0.9953379953379954,0.9906759906759907,0.9988344988344988,0.5710955710955711,0.5238353857991547,0.617093813003101,0.8717948717948718,0.8368276842279504,0.9001627160658133,0.9324009324009324,0.9046027555736789,0.9525240109121718,0.7012487512487513,0.6661873774373774,0.736667452917453,0.7342383564729186,0.7040442680877864,0.7643134034311732,0.6433566433566433,0.5969404460267994,0.6872282663121753,0.8974358974358975,0.8651104639155835,0.9227068605363709,0.9906759906759907,0.9762742334814445,0.9963682697275666,0.8717948717948718,0.8368276842279504,0.9001627160658133,0.009324009324009324,0.003631730272433362,0.02372576651855561,0.0,0.0,0.008874978915283301,0.0,0.0,0.008874978915283301
"wsum(bm25_stem+ctx,dense:bge-m3+ctx;w=0.3|0.7)",native_full,global,0,,429,0.9603729603729604,0.9374604103142197,0.975113909798748,0.9883449883449883,0.9730101908049245,0.9950116829351601,0.9750610500610501,0.9626651126651127,0.9862082362082362,0.5291375291375291,0.48185471933263263,0.5759031490289476,0.8275058275058275,0.7888884058444064,0.8603100345397553,0.9137529137529138,0.8833805292430232,0.9367812014914161,0.6586580086580086,0.6225095506345506,0.6955422124172124,0.6913503890264847,0.6596904746456422,0.7237893777014724,0.5897435897435898,0.5426016665948897,0.6352925679587774,0.8554778554778555,0.81904814859485,0.8855978454164288,0.9673659673659674,0.9459734110446689,0.9804627974750779,0.8344988344988346,0.796394128173144,0.8666662006177971,0.002331002331002331,0.0004115977258030276,0.01308401065840669,0.02097902097902098,0.011075609774604337,0.03938503436101673,0.016317016317016316,0.007925949993377536,0.033293435204390695
"wsum(bm25_stem+ctx,dense:bge-m3+ctx;w=0.3|0.7)",native_full,manual,0,,429,1.0,0.9911250210847168,1.0,1.0,0.9911250210847168,1.0,1.0,0.9911250210847168,1.0,0.5547785547785548,0.5074698587605132,0.6011149337592575,0.8461538461538461,0.8089531496539157,0.8772103264816573,0.9300699300699301,0.9019262155230656,0.9505799214938586,0.6828347578347578,0.6471212352462353,0.7191566997816997,0.716820251607406,0.6864567183410195,0.7476138287029078,0.6247086247086248,0.5779735149260791,0.6692301616614845,0.8648018648018648,0.8291892487480138,0.8939392631389708,1.0,0.9911250210847168,1.0,0.8461538461538461,0.8089531496539157,0.8772103264816573,0.0,0.0,0.008874978915283301,0.0,0.0,0.008874978915283301,0.0,0.0,0.008874978915283301
"wsum(bm25_stem+ctx,dense:bge-m3+ctx;w=0.3|0.7)",native_full,tier,1,hard,429,1.0,0.9911250210847168,1.0,1.0,0.9911250210847168,1.0,1.0,0.9911250210847168,1.0,0.5547785547785548,0.5074698587605132,0.6011149337592575,0.8461538461538461,0.8089531496539157,0.8772103264816573,0.9300699300699301,0.9019262155230656,0.9505799214938586,0.6828347578347578,0.6471212352462353,0.7191566997816997,0.716820251607406,0.6864567183410195,0.7476138287029078,0.6247086247086248,0.5779735149260791,0.6692301616614845,0.8648018648018648,0.8291892487480138,0.8939392631389708,1.0,0.9911250210847168,1.0,0.8461538461538461,0.8089531496539157,0.8772103264816573,0.0,0.0,0.008874978915283301,0.0,0.0,0.008874978915283301,0.0,0.0,0.008874978915283301
"wsum(bm25_stem+ctx,dense:bge-m3+ctx;w=0.3|0.7)",native_full,tier,1,random,429,1.0,0.9911250210847168,1.0,1.0,0.9911250210847168,1.0,1.0,0.9911250210847168,1.0,0.5547785547785548,0.5074698587605132,0.6011149337592575,0.8461538461538461,0.8089531496539157,0.8772103264816573,0.9300699300699301,0.9019262155230656,0.9505799214938586,0.6828347578347578,0.6471212352462353,0.7191566997816997,0.716820251607406,0.6864567183410195,0.7476138287029078,0.6247086247086248,0.5779735149260791,0.6692301616614845,0.8648018648018648,0.8291892487480138,0.8939392631389708,1.0,0.9911250210847168,1.0,0.8461538461538461,0.8089531496539157,0.8772103264816573,0.0,0.0,0.008874978915283301,0.0,0.0,0.008874978915283301,0.0,0.0,0.008874978915283301
"wsum(bm25_stem+ctx,dense:bge-m3+ctx;w=0.3|0.7)",native_full,tier,2,hard,429,0.9944055944055945,0.9883449883449883,0.9990675990675991,1.0,0.9911250210847168,1.0,0.9972027972027971,0.9941724941724942,0.9995337995337995,0.5491841491841493,0.5025641025641027,0.5976689976689976,0.8442890442890443,0.8097902097902098,0.8783216783216784,0.924009324009324,0.8988344988344988,0.9482517482517482,0.6763850963850964,0.6405670903170902,0.7128708282458283,0.710373379514488,0.6798973824637884,0.7417683166156939,0.620979020979021,0.5757575757575758,0.6671328671328671,0.8648018648018648,0.8291892487480138,0.8939392631389708,0.9958041958041958,0.9906759906759907,0.9995337995337995,0.8442890442890443,0.8097902097902098,0.8783216783216784,0.0,0.0,0.008874978915283301,0.005594405594405595,0.0009324009324009324,0.011655011655011656,0.0,0.0,0.008874978915283301
"wsum(bm25_stem+ctx,dense:bge-m3+ctx;w=0.3|0.7)",native_full,tier,2,random,429,0.9990675990675991,0.9976689976689976,1.0,1.0,0.9911250210847168,1.0,0.9995337995337995,0.9988344988344988,1.0,0.5533799533799534,0.5067599067599067,0.6023310023310022,0.8456876456876458,0.8111888111888111,0.8787878787878788,0.9296037296037296,0.9044289044289044,0.9529137529137529,0.6816653716653717,0.6461701261701261,0.7179291264291264,0.7158674065235444,0.6854727204453903,0.746762133183862,0.6219114219114219,0.5757575757575758,0.6680652680652681,0.8648018648018648,0.8291892487480138,0.8939392631389708,0.9995337995337995,0.9986013986013985,1.0,0.8456876456876458,0.8111888111888111,0.8787878787878788,0.0,0.0,0.008874978915283301,0.0009324009324009324,0.0,0.002331002331002331,0.0,0.0,0.008874978915283301
"wsum(bm25_stem+ctx,dense:bge-m3+ctx;w=0.3|0.7)",native_full,tier,5,hard,429,0.9836829836829837,0.9715617715617716,0.9939393939393939,0.9986013986013985,0.9962703962703963,1.0,0.9908702408702408,0.9839539627039627,0.9965423465423465,0.5398601398601398,0.4927738927738928,0.5878904428904427,0.8424242424242424,0.807913752913753,0.8764568764568764,0.9188811188811189,0.8932400932400932,0.9440559440559441,0.668959743959744,0.6329208014208014,0.7054753487253487,0.7031556638541949,0.6724732967446366,0.7348681693463248,0.6097902097902098,0.5645687645687646,0.6559440559440559,0.8634032634032633,0.8307692307692307,0.8955710955710956,0.9888111888111888,0.9790209790209791,0.9967365967365968,0.8475524475524476,0.8135198135198135,0.8811188811188811,0.0009324009324009324,0.0,0.0027972027972027976,0.015384615384615384,0.005594405594405594,0.02703962703962704,0.0,0.0,0.008874978915283301
"wsum(bm25_stem+ctx,dense:bge-m3+ctx;w=0.3|0.7)",native_full,tier,5,random,429,0.9972027972027971,0.9948717948717948,0.9990675990675991,1.0,0.9911250210847168,1.0,0.9986013986013986,0.9974358974358973,0.9995337995337995,0.5505827505827505,0.5039627039627039,0.5995337995337995,0.8456876456876458,0.8111888111888111,0.8787878787878788,0.9282051282051281,0.9034965034965036,0.9515151515151516,0.6796991896991896,0.6443268490768491,0.715932844932845,0.7141031620374891,0.6836602056550112,0.7451431495850787,0.6205128205128205,0.5743589743589743,0.6666666666666666,0.8657342657342657,0.8331002331002331,0.8974358974358975,0.9976689976689976,0.9953379953379954,0.9995337995337995,0.8461538461538461,0.8116550116550116,0.8797319347319346,0.0004662004662004662,0.0,0.0013986013986013988,0.0013986013986013988,0.0,0.003263403263403264,0.0009324009324009324,0.0,0.002331002331002331
"wsum(bm25_stem+ctx,dense:bge-m3+ctx;w=0.3|0.7)",native_full,tier,10,hard,429,0.9743589743589743,0.9546748093914605,0.9856232875350657,0.9953379953379954,0.9831631843726782,0.9987205777741859,0.9847319347319347,0.974980574980575,0.993084693084693,0.5337995337995338,0.48650279929626333,0.5804963280031696,0.8414918414918415,0.8039218626025254,0.8730003545951949,0.9184149184149184,0.8886480417110011,0.940754947961291,0.6638694638694639,0.6276935564435565,0.7003983285233285,0.6975599610966109,0.6664675954970043,0.7296772574727776,0.6013986013986014,0.5543651358435709,0.6466322460547281,0.8601398601398601,0.8241127036536859,0.8897745492954456,0.9813519813519813,0.9636388469508962,0.9905211383824092,0.8484848484848485,0.8114727709833476,0.8793113346211521,0.002331002331002331,0.0004115977258030276,0.01308401065840669,0.02097902097902098,0.011075609774604337,0.03938503436101673,0.002331002331002331,0.0004115977258030276,0.01308401065840669
"wsum(bm25_stem+ctx,dense:bge-m3+ctx;w=0.3|0.7)",native_full,tier,10,random,429,0.9958041958041958,0.9920745920745921,0.9986013986013985,1.0,0.9911250210847168,1.0,0.9978243978243978,0.9959595959595959,0.9993006993006994,0.5482517482517483,0.5016317016317016,0.5967365967365967,0.8442890442890443,0.8097902097902098,0.8778554778554779,0.9277389277389277,0.903030303030303,0.951048951048951,0.6776880526880527,0.642155673030673,0.7139449069449069,0.7127264055597464,0.6823891180407533,0.7439505034968307,0.6186480186480185,0.5729603729603729,0.6648018648018648,0.8662004662004662,0.8335664335664337,0.8974358974358975,0.9972027972027973,0.9944055944055945,0.9995337995337995,0.8447552447552447,0.8102564102564103,0.8783216783216784,0.0004662004662004662,0.0,0.0013986013986013988,0.002331002331002331,0.0004662004662004662,0.005128205128205128,0.0013986013986013988,0.0,0.003263403263403264
"wsum(bm25_stem+ctx,dense:bge-m3+ctx;w=0.3|0.7)",native_full,tier,20,hard,429,0.972027972027972,0.9517497067958893,0.9839277606617103,0.9953379953379954,0.9831631843726782,0.9987205777741859,0.9834332334332334,0.9733592796092796,0.9922299922299923,0.5314685314685315,0.4841782489711025,0.5782002488594041,0.8368298368298368,0.7989008723491697,0.8687800859106978,0.9184149184149184,0.8886480417110011,0.940754947961291,0.6624329374329374,0.6262727087727088,0.6994653032153032,0.6965497237823051,0.6655448610602757,0.7288500812115123,0.5990675990675991,0.5520102941349543,0.6443664582944186,0.8601398601398601,0.8241127036536859,0.8897745492954456,0.9790209790209791,0.9606149656389833,0.9889243902253957,0.8438228438228438,0.8064361961545429,0.8751066505121038,0.002331002331002331,0.0004115977258030276,0.01308401065840669,0.023310023310023312,0.012709865671395969,0.04237140793315152,0.002331002331002331,0.0004115977258030276,0.01308401065840669
"wsum(bm25_stem+ctx,dense:bge-m3+ctx;w=0.3|0.7)",native_full,tier,20,random,429,0.9934731934731936,0.9878787878787878,0.9976689976689976,0.9995337995337995,0.9986013986013985,1.0,0.9965423465423465,0.9935897435897436,0.9988344988344988,0.5477855477855478,0.5011655011655012,0.5962703962703964,0.8442890442890443,0.8097902097902098,0.8783216783216784,0.9268065268065269,0.9016317016317017,0.9505827505827507,0.6766668516668516,0.6411607466607466,0.7129761858511859,0.7115232603400783,0.6811673499823393,0.7428873715786923,0.6163170163170163,0.5710955710955711,0.662004662004662,0.8666666666666667,0.8340326340326341,0.8974358974358975,0.9962703962703963,0.9925407925407924,0.9990675990675991,0.8447552447552447,0.8102564102564103,0.8787878787878788,0.0004662004662004662,0.0,0.0013986013986013988,0.004195804195804196,0.0009324009324009324,0.008857808857808859,0.0018648018648018648,0.0004662004662004662,0.0037296037296037296
"wsum(bm25_stem+ctx,dense:bge-m3+ctx;w=0.3|0.7)",native_full,tier,50,hard,429,0.9673659673659674,0.9459734110446689,0.9804627974750779,0.9953379953379954,0.9831631843726782,0.9987205777741859,0.981102231102231,0.9706127206127205,0.9902874902874904,0.5337995337995338,0.48650279929626333,0.5804963280031696,0.8321678321678322,0.7938898288413042,0.8645498704807105,0.9184149184149184,0.8886480417110011,0.940754947961291,0.6627798127798128,0.6266361647611648,0.6997696747696748,0.6964046319976142,0.6650838665519708,0.7287483240906294,0.5944055944055944,0.5473038384459425,0.6398316550455774,0.8601398601398601,0.8241127036536859,0.8897745492954456,0.9743589743589743,0.9546748093914605,0.9856232875350657,0.8391608391608392,0.8014101028399805,0.8708914848888134,0.002331002331002331,0.0004115977258030276,0.01308401065840669,0.023310023310023312,0.012709865671395969,0.04237140793315152,0.006993006993006993,0.0023810456854944425,0.020355821636568114
"wsum(bm25_stem+ctx,dense:bge-m3+ctx;w=0.3|0.7)",native_full,tier,50,random,429,0.9832167832167831,0.9734265734265735,0.9916083916083915,0.9981351981351981,0.9957925407925408,1.0,0.9908313908313908,0.9853535353535354,0.9954545454545454,0.5412587412587412,0.49417249417249415,0.5892773892773892,0.8424242424242424,0.8083916083916083,0.875990675990676,0.9226107226107225,0.896969696969697,0.9468531468531468,0.6713210863210862,0.6356382460132459,0.707534497909498,0.7060712694067642,0.6751216731633802,0.737751340260554,0.606993006993007,0.5622377622377622,0.6526923076923075,0.8657342657342657,0.8326340326340328,0.8974358974358975,0.9869463869463869,0.9785547785547786,0.9939393939393939,0.8452214452214453,0.8111888111888111,0.8783216783216784,0.0009324009324009324,0.0,0.0027972027972027976,0.009324009324009324,0.0032634032634032634,0.01724941724941725,0.006526806526806528,0.0018648018648018648,0.012587412587412588
"wsum(bm25_stem+ctx,dense:bge-m3+ctx;w=0.3|0.7)",native_full,tier,100,hard,429,0.9603729603729604,0.9374604103142197,0.975113909798748,0.9906759906759907,0.9762742334814445,0.9963682697275666,0.9753524253524255,0.9631141081141081,0.986286075036075,0.5291375291375291,0.48185471933263263,0.5759031490289476,0.8275058275058275,0.7888884058444064,0.8603100345397553,0.9137529137529138,0.8833805292430232,0.9367812014914161,0.6588291338291338,0.6227065295815296,0.6957449494949495,0.6915798965404564,0.6599977981764201,0.7240751947479391,0.5897435897435898,0.5426016665948897,0.6352925679587774,0.8554778554778555,0.81904814859485,0.8855978454164288,0.9673659673659674,0.9459734110446689,0.9804627974750779,0.8344988344988346,0.796394128173144,0.8666662006177971,0.002331002331002331,0.0004115977258030276,0.01308401065840669,0.02097902097902098,0.011075609774604337,0.03938503436101673,0.016317016317016316,0.007925949993377536,0.033293435204390695
"wsum(bm25_stem+ctx,dense:bge-m3+ctx;w=0.3|0.7)",native_full,tier,100,random,429,0.9710955710955711,0.9557109557109557,0.9846153846153846,0.9948717948717948,0.9883449883449883,0.9995337995337995,0.982960372960373,0.9737294094794096,0.990994560994561,0.5356643356643356,0.48857808857808865,0.5832284382284381,0.8368298368298368,0.8018648018648019,0.8708741258741257,0.9188811188811189,0.8927738927738927,0.9435897435897436,0.6651639101639102,0.6293116004366004,0.7016469548969549,0.6989833131143136,0.667711668162598,0.730914008928815,0.5981351981351982,0.5533799533799534,0.6447552447552448,0.8629370629370631,0.8293706293706294,0.8951048951048951,0.9762237762237762,0.9627039627039627,0.9878787878787879,0.8419580419580419,0.8074592074592074,0.8759906759906759,0.0013986013986013986,0.0,0.004195804195804196,0.013986013986013986,0.005128205128205128,0.024708624708624713,0.013519813519813519,0.004195804195804196,0.02470862470862471
"wsum(bm25_stem+ctx,dense:bge-m3+ctx;w=0.3|0.7)",native_full,tier,165,hard,429,0.9603729603729604,0.9374604103142197,0.975113909798748,0.9883449883449883,0.9730101908049245,0.9950116829351601,0.9750610500610501,0.9626651126651127,0.9862082362082362,0.5291375291375291,0.48185471933263263,0.5759031490289476,0.8275058275058275,0.7888884058444064,0.8603100345397553,0.9137529137529138,0.8833805292430232,0.9367812014914161,0.6586580086580086,0.6225095506345506,0.6955422124172124,0.6913503890264847,0.6596904746456422,0.7237893777014724,0.5897435897435898,0.5426016665948897,0.6352925679587774,0.8554778554778555,0.81904814859485,0.8855978454164288,0.9673659673659674,0.9459734110446689,0.9804627974750779,0.8344988344988346,0.796394128173144,0.8666662006177971,0.002331002331002331,0.0004115977258030276,0.01308401065840669,0.02097902097902098,0.011075609774604337,0.03938503436101673,0.016317016317016316,0.007925949993377536,0.033293435204390695
"wsum(bm25_stem+ctx,dense:bge-m3+ctx;w=0.3|0.7)",native_full,tier,165,random,429,0.9603729603729604,0.9374604103142197,0.975113909798748,0.9883449883449883,0.9730101908049245,0.9950116829351601,0.9750610500610501,0.9626651126651127,0.9862082362082362,0.5291375291375291,0.48185471933263263,0.5759031490289476,0.8275058275058275,0.7888884058444064,0.8603100345397553,0.9137529137529138,0.8833805292430232,0.9367812014914161,0.6586580086580086,0.6225095506345506,0.6955422124172124,0.6913503890264847,0.6596904746456422,0.7237893777014724,0.5897435897435898,0.5426016665948897,0.6352925679587774,0.8554778554778555,0.81904814859485,0.8855978454164288,0.9673659673659674,0.9459734110446689,0.9804627974750779,0.8344988344988346,0.796394128173144,0.8666662006177971,0.002331002331002331,0.0004115977258030276,0.01308401065840669,0.02097902097902098,0.011075609774604337,0.03938503436101673,0.016317016317016316,0.007925949993377536,0.033293435204390695
"wsum(bm25_stem+ctx,dense:bge-m3+ctx;w=0.3|0.7)",native_full,vehicle,0,,429,0.9976689976689976,0.9869159893415934,0.9995884022741971,1.0,0.9911250210847168,1.0,0.9988344988344988,0.9965034965034965,1.0,0.5524475524475524,0.5051360722887867,0.5988280907620577,0.8461538461538461,0.8089531496539157,0.8772103264816573,0.9277389277389277,0.8992570436500482,0.9486284638979496,0.6804584304584304,0.6446978715728715,0.7169646325896324,0.7145258588214832,0.6838453999269942,0.7454742301701454,0.6223776223776224,0.5756077173648608,0.6669753297537762,0.8648018648018648,0.8291892487480138,0.8939392631389708,0.9976689976689976,0.9869159893415934,0.9995884022741971,0.8461538461538461,0.8089531496539157,0.8772103264816573,0.002331002331002331,0.0004115977258030276,0.01308401065840669,0.0,0.0,0.008874978915283301,0.0,0.0,0.008874978915283301
"wsum(bm25_stem+ctx,dense:bge-m3+ctx;w=0.3|0.7)",native_model,global,0,,429,0.8764568764568764,0.8419365534065953,0.9042951058250212,0.9603729603729604,0.9374604103142197,0.975113909798748,0.919927199181585,0.8982519977180065,0.940452382291198,0.4801864801864802,0.43329544096122935,0.5274292085528963,0.7832167832167832,0.7418035606756359,0.8196029197989239,0.8624708624708625,0.8266494463203172,0.8918584360977407,0.6082537832537833,0.5701954526954527,0.6468162161912162,0.6419415985045552,0.6076112564119687,0.6765944448371224,0.5477855477855478,0.5004715923927906,0.594251311720201,0.8228438228438228,0.7838962987677557,0.8560608826785533,0.8881118881118881,0.8547715223678662,0.9145632842083824,0.7925407925407926,0.7516565931315414,0.8282324052187241,0.006993006993006993,0.0023810456854944425,0.020355821636568114,0.04195804195804196,0.026702759227958207,0.06534355012800064,0.07459207459207459,0.05333004505420605,0.10340507686672262
"wsum(bm25_stem+ctx,dense:bge-m3+ctx;w=0.3|0.7)",native_model,manual,0,,429,1.0,0.9911250210847168,1.0,1.0,0.9911250210847168,1.0,1.0,0.9911250210847168,1.0,0.5454545454545454,0.4981408960772238,0.5919613785668414,0.8694638694638694,0.8342782978532459,0.8980914729715914,0.9300699300699301,0.9019262155230656,0.9505799214938586,0.6848753098753099,0.6498905723905725,0.7201524170274171,0.7235709895068023,0.6932493929074501,0.75333281525071,0.6293706293706294,0.5827084631700251,0.673736472355391,0.8927738927738927,0.8599326049727732,0.9186434605413282,1.0,0.9911250210847168,1.0,0.8694638694638694,0.8342782978532459,0.8980914729715914,0.0,0.0,0.008874978915283301,0.0,0.0,0.008874978915283301,0.0,0.0,0.008874978915283301
"wsum(bm25_stem+ctx,dense:bge-m3+ctx;w=0.3|0.7)",native_model,tier,1,hard,429,1.0,0.9911250210847168,1.0,1.0,0.9911250210847168,1.0,1.0,0.9911250210847168,1.0,0.5454545454545454,0.4981408960772238,0.5919613785668414,0.8694638694638694,0.8342782978532459,0.8980914729715914,0.9300699300699301,0.9019262155230656,0.9505799214938586,0.6848753098753099,0.6498905723905725,0.7201524170274171,0.7235709895068023,0.6932493929074501,0.75333281525071,0.6293706293706294,0.5827084631700251,0.673736472355391,0.8927738927738927,0.8599326049727732,0.9186434605413282,1.0,0.9911250210847168,1.0,0.8694638694638694,0.8342782978532459,0.8980914729715914,0.0,0.0,0.008874978915283301,0.0,0.0,0.008874978915283301,0.0,0.0,0.008874978915283301
"wsum(bm25_stem+ctx,dense:bge-m3+ctx;w=0.3|0.7)",native_model,tier,1,random,429,1.0,0.9911250210847168,1.0,1.0,0.9911250210847168,1.0,1.0,0.9911250210847168,1.0,0.5454545454545454,0.4981408960772238,0.5919613785668414,0.8694638694638694,0.8342782978532459,0.8980914729715914,0.9300699300699301,0.9019262155230656,0.9505799214938586,0.6848753098753099,0.6498905723905725,0.7201524170274171,0.7235709895068023,0.6932493929074501,0.75333281525071,0.6293706293706294,0.5827084631700251,0.673736472355391,0.8927738927738927,0.8599326049727732,0.9186434605413282,1.0,0.9911250210847168,1.0,0.8694638694638694,0.8342782978532459,0.8980914729715914,0.0,0.0,0.008874978915283301,0.0,0.0,0.008874978915283301,0.0,0.0,0.008874978915283301
"wsum(bm25_stem+ctx,dense:bge-m3+ctx;w=0.3|0.7)",native_model,tier,2,hard,429,0.9762237762237761,0.9627039627039627,0.9874125874125874,1.0,0.9911250210847168,1.0,0.9881118881118881,0.9813519813519813,0.9937062937062937,0.5361305361305362,0.48857808857808865,0.5836829836829837,0.8615384615384616,0.828904428904429,0.8937062937062936,0.9263403263403263,0.9016317016317015,0.9496620046620045,0.6758467458467458,0.6408225015725016,0.7111250693750694,0.7154498870688343,0.6849151494324354,0.7458753819281672,0.6167832167832168,0.5720279720279721,0.6624825174825174,0.8885780885780885,0.8582750582750582,0.9174825174825175,0.9818181818181818,0.9696969696969697,0.9916083916083916,0.862937062937063,0.8303030303030303,0.8951048951048951,0.0032634032634032634,0.0,0.007459207459207459,0.020512820512820513,0.010256410256410256,0.03263403263403263,0.0,0.0,0.008874978915283301
"wsum(bm25_stem+ctx,dense:bge-m3+ctx;w=0.3|0.7)",native_model,tier,2,random,429,0.9972027972027971,0.9948717948717949,0.9990675990675991,1.0,0.9911250210847168,1.0,0.9986013986013986,0.9974358974358973,0.9995337995337995,0.5445221445221445,0.4979020979020979,0.5920745920745921,0.8685314685314686,0.8358974358974359,0.8997668997668997,0.9296037296037296,0.9044289044289044,0.9529137529137529,0.6831786731786732,0.6481863136863136,0.718592365967366,0.7220147897409175,0.6917297028839463,0.7517817624943794,0.627039627039627,0.5818181818181819,0.6727272727272727,0.8927738927738927,0.8599326049727732,0.9186434605413282,0.9976689976689976,0.9953379953379954,0.9995337995337995,0.8685314685314686,0.8358974358974359,0.8997668997668997,0.0009324009324009324,0.0,0.002331002331002331,0.0009324009324009324,0.0,0.002331002331002331,0.0009324009324009324,0.0,0.002331002331002331
"wsum(bm25_stem+ctx,dense:bge-m3+ctx;w=0.3|0.7)",native_model,tier,5,hard,429,0.9543123543123544,0.9347319347319347,0.972027972027972,0.9967365967365968,0.9911421911421912,1.0,0.9752292152292152,0.9642731157731158,0.9850815850815852,0.5226107226107226,0.4755244755244755,0.5706293706293707,0.8512820512820513,0.8167832167832167,0.8843822843822843,0.9114219114219114,0.8843822843822843,0.9375291375291375,0.6628297628297628,0.627123852998853,0.6984966376216375,0.7008190404066588,0.6696319163966368,0.7324664275210017,0.5986013986013985,0.5533799533799534,0.6438228438228439,0.8806526806526805,0.8494172494172494,0.9104895104895105,0.9682983682983682,0.9524358974358975,0.9827505827505828,0.856876456876457,0.8228438228438228,0.8895104895104896,0.006526806526806527,0.0009324009324009324,0.014452214452214451,0.039160839160839164,0.022843822843822845,0.057342657342657345,0.0,0.0,0.008874978915283301
"wsum(bm25_stem+ctx,dense:bge-m3+ctx;w=0.3|0.7)",native_model,tier,5,random,429,0.9850815850815852,0.9776223776223776,0.9916083916083915,1.0,0.9911250210847168,1.0,0.9921522921522922,0.9880341880341881,0.9955710955710956,0.5375291375291376,0.4909090909090909,0.5846153846153846,0.8648018648018648,0.8317016317016316,0.896037296037296,0.9282051282051281,0.903030303030303,0.9515151515151516,0.6776412476412476,0.6428363534613535,0.7129689245939247,0.7172189955703677,0.6869322735137252,0.7473828736034875,0.62004662004662,0.5752913752913753,0.6657342657342658,0.8895104895104896,0.8596736596736596,0.9179487179487178,0.986013986013986,0.9785547785547786,0.9920745920745921,0.8652680652680652,0.8321678321678322,0.8965034965034966,0.0018648018648018648,0.0004662004662004662,0.0037296037296037296,0.0013986013986013988,0.0,0.003263403263403264,0.011655011655011656,0.006060606060606061,0.018648018648018648
"wsum(bm25_stem+ctx,dense:bge-m3+ctx;w=0.3|0.7)",native_model,tier,10,hard,429,0.9351981351981352,0.9109557109557109,0.957109557109557,0.9953379953379954,0.9831631843726782,0.9987205777741859,0.9641802641802641,0.9505050505050505,0.9764568764568764,0.5086247086247085,0.4610722610722611,0.5566433566433566,0.8414918414918415,0.8039218626025254,0.8730003545951949,0.9044289044289044,0.8729109127376017,0.9287683001211319,0.6501073001073,0.6141092934842934,0.6860057766307767,0.6874308853991596,0.6559188237305972,0.719762241321556,0.5785547785547785,0.5324009324009324,0.6247086247086248,0.8764568764568764,0.8419365534065953,0.9042951058250212,0.9515151515151515,0.931002331002331,0.9706293706293706,0.8484848484848485,0.8114727709833476,0.8793113346211521,0.009324009324009324,0.003631730272433362,0.02372576651855561,0.048484848484848485,0.029370629370629373,0.06946386946386947,0.006993006993006993,0.0023810456854944425,0.020355821636568114
"wsum(bm25_stem+ctx,dense:bge-m3+ctx;w=0.3|0.7)",native_model,tier,10,random,429,0.9743589743589743,0.9627039627039627,0.9846153846153846,0.9976689976689976,0.9948717948717949,0.9995337995337995,0.985990675990676,0.9793628593628593,0.9917637917637918,0.531934731934732,0.4857808857808858,0.579020979020979,0.8615384615384616,0.8284382284382283,0.8927738927738927,0.9244755244755245,0.8993006993006993,0.9482517482517483,0.6720359270359271,0.6370916722166722,0.7073211880711882,0.711727808722929,0.6813735431211481,0.7421510056062546,0.6116550116550116,0.5673659673659673,0.6573426573426573,0.8876456876456876,0.8578088578088578,0.9165501165501165,0.9762237762237761,0.965034965034965,0.986013986013986,0.8620046620046619,0.828904428904429,0.8932400932400932,0.0018648018648018648,0.0004662004662004662,0.0037296037296037296,0.0037296037296037296,0.0013986013986013988,0.006993006993006993,0.020046620046620046,0.010722610722610722,0.03123543123543123
"wsum(bm25_stem+ctx,dense:bge-m3+ctx;w=0.3|0.7)",native_model,tier,20,hard,429,0.9142191142191142,0.8862470862470863,0.9393939393939394,0.986013986013986,0.9698265046906877,0.9935747395804707,0.9499028749028748,0.9336441336441337,0.9647241647241648,0.4946386946386946,0.44755244755244755,0.5426573426573427,0.8321678321678322,0.7938898288413042,0.8645498704807105,0.8951048951048951,0.8625193778051505,0.9206773171778775,0.6346579346579345,0.5981625319125319,0.6713907388907387,0.6730921088975607,0.6410136341140276,0.7059391426217259,0.5692307692307692,0.5230769230769231,0.6163170163170163,0.8741258741258742,0.839380410115216,0.9022306196474743,0.9282051282051281,0.903030303030303,0.9515151515151515,0.8391608391608392,0.8014101028399805,0.8708914848888134,0.006993006993006993,0.0023810456854944425,0.020355821636568114,0.048484848484848485,0.029836829836829837,0.06993006993006994,0.030303030303030304,0.017793274415175142,0.051149887596151605
"wsum(bm25_stem+ctx,dense:bge-m3+ctx;w=0.3|0.7)",native_model,tier,20,random,429,0.9557109557109557,0.9393939393939394,0.9701631701631701,0.9916083916083915,0.9841491841491842,0.9972027972027973,0.974005994005994,0.9636995226995226,0.9829836829836831,0.5216783216783217,0.47599067599067596,0.5687645687645687,0.8484848484848485,0.8139860139860141,0.8806526806526805,0.9174825174825174,0.8913752913752914,0.9421911421911422,0.6618102268102268,0.6268249574499575,0.6974280256780258,0.701374838003464,0.6709424602179196,0.7323624368077251,0.5990675990675991,0.5547785547785548,0.6442890442890442,0.8769230769230769,0.8466200466200466,0.9067599067599068,0.9589743589743589,0.9435897435897436,0.9724941724941726,0.8503496503496504,0.8163170163170165,0.8825174825174825,0.0018648018648018648,0.0004662004662004662,0.0037296037296037296,0.010722610722610722,0.005128205128205128,0.017715617715617717,0.031701631701631705,0.01958041958041958,0.04568764568764569
"wsum(bm25_stem+ctx,dense:bge-m3+ctx;w=0.3|0.7)",native_model,tier,50,hard,429,0.8974358974358975,0.8651104639155835,0.9227068605363709,0.972027972027972,0.9517497067958893,0.9839277606617103,0.9355604412422593,0.9163295837159473,0.953299008441054,0.47785547785547783,0.43099426631567495,0.5251097537295242,0.8111888111888111,0.7714549627241257,0.8453990713775511,0.8717948717948718,0.8368276842279504,0.9001627160658133,0.6168775668775669,0.5794963832463832,0.6542192067192067,0.653201260721907,0.6197785273135641,0.6869969104374943,0.5477855477855478,0.5004715923927906,0.594251311720201,0.8461538461538461,0.8089531496539157,0.8772103264816573,0.9090909090909091,0.8781353183380667,0.9327851534585196,0.8205128205128205,0.7814036489553464,0.8539329030220362,0.006993006993006993,0.0023810456854944425,0.020355821636568114,0.046620046620046623,0.030379202725981255,0.07090836556783042,0.04895104895104895,0.03223701256359725,0.07367118519914084
"wsum(bm25_stem+ctx,dense:bge-m3+ctx;w=0.3|0.7)",native_model,tier,50,random,429,0.9324009324009324,0.911888111888112,0.951048951048951,0.9776223776223776,0.9631701631701631,0.9897435897435898,0.9571992821992822,0.9425608511858512,0.9703211556961557,0.5072261072261073,0.46153846153846156,0.5543123543123544,0.8284382284382283,0.793006993006993,0.8620046620046621,0.8983682983682983,0.8703962703962703,0.9254079254079254,0.6444041144041144,0.6082014189514189,0.6806338522588523,0.681658883096326,0.64936813203044,0.7140804680559081,0.5804195804195804,0.5361305361305362,0.6265734265734265,0.8601398601398601,0.8275058275058275,0.8918414918414919,0.9375291375291377,0.917948717948718,0.9557109557109557,0.8312354312354312,0.7958041958041957,0.8648018648018648,0.003263403263403264,0.0004662004662004662,0.006526806526806528,0.018648018648018648,0.010256410256410256,0.028438228438228436,0.04568764568764569,0.030303030303030304,0.06293706293706294
"wsum(bm25_stem+ctx,dense:bge-m3+ctx;w=0.3|0.7)",native_model,tier,100,hard,429,0.8904428904428905,0.8573500246757002,0.916605411369475,0.9627039627039627,0.9402802768160307,0.9769146727658634,0.9282800152463737,0.9073632395595311,0.9478310624988276,0.4825174825174825,0.43559763266203977,0.5297476463210121,0.7878787878787878,0.7467263880650792,0.8239213513473334,0.8648018648018648,0.8291892487480138,0.8939392631389708,0.612958337958338,0.5750959225959225,0.6514687627187626,0.6461599388920023,0.6120683771656116,0.6810405309404299,0.5524475524475524,0.5051360722887867,0.5988280907620577,0.8275058275058275,0.7888884058444064,0.8603100345397553,0.9020979020979021,0.8703060928581531,0.9267524905316541,0.7972027972027972,0.7565943563251325,0.8325359009629858,0.006993006993006993,0.0023810456854944425,0.020355821636568114,0.04195804195804196,0.026702759227958207,0.06534355012800064,0.06060606060606061,0.04169151365206244,0.08731983145530772
"wsum(bm25_stem+ctx,dense:bge-m3+ctx;w=0.3|0.7)",native_model,tier,100,random,429,0.904895104895105,0.8783216783216784,0.9296037296037295,0.9687645687645688,0.9524475524475525,0.9832167832167833,0.9393378991474318,0.9214413097807467,0.9559549112324921,0.4927738927738928,0.4461538461538462,0.5398601398601399,0.8083916083916083,0.7710955710955711,0.8438228438228438,0.8778554778554779,0.847086247086247,0.9072261072261072,0.6251528101528101,0.5883892727642728,0.6624912356162357,0.6599268595487386,0.6265409724109212,0.693469537526317,0.5636363636363637,0.5184149184149184,0.6102564102564102,0.8452214452214453,0.8102564102564103,0.8783216783216784,0.9123543123543123,0.8871794871794872,0.9361305361305361,0.8125874125874126,0.7752913752913754,0.848018648018648,0.006526806526806527,0.0013986013986013986,0.012587412587412588,0.02703962703962704,0.015384615384615384,0.040559440559440565,0.061538461538461535,0.041025641025641026,0.08344988344988344
"wsum(bm25_stem+ctx,dense:bge-m3+ctx;w=0.3|0.7)",native_model,tier,165,hard,429,0.8764568764568764,0.8419365534065953,0.9042951058250212,0.9603729603729604,0.9374604103142197,0.975113909798748,0.919927199181585,0.8982519977180065,0.940452382291198,0.4801864801864802,0.43329544096122935,0.5274292085528963,0.7832167832167832,0.7418035606756359,0.8196029197989239,0.8624708624708625,0.8266494463203172,0.8918584360977407,0.6082537832537833,0.5701954526954527,0.6468162161912162,0.6419415985045552,0.6076112564119687,0.6765944448371224,0.5477855477855478,0.5004715923927906,0.594251311720201,0.8228438228438228,0.7838962987677557,0.8560608826785533,0.8881118881118881,0.8547715223678662,0.9145632842083824,0.7925407925407926,0.7516565931315414,0.8282324052187241,0.006993006993006993,0.0023810456854944425,0.020355821636568114,0.04195804195804196,0.026702759227958207,0.06534355012800064,0.07459207459207459,0.05333004505420605,0.10340507686672262
"wsum(bm25_stem+ctx,dense:bge-m3+ctx;w=0.3|0.7)",native_model,tier,165,random,429,0.8764568764568764,0.8419365534065953,0.9042951058250212,0.9603729603729604,0.9374604103142197,0.975113909798748,0.919927199181585,0.8982519977180065,0.940452382291198,0.4801864801864802,0.43329544096122935,0.5274292085528963,0.7832167832167832,0.7418035606756359,0.8196029197989239,0.8624708624708625,0.8266494463203172,0.8918584360977407,0.6082537832537833,0.5701954526954527,0.6468162161912162,0.6419415985045552,0.6076112564119687,0.6765944448371224,0.5477855477855478,0.5004715923927906,0.594251311720201,0.8228438228438228,0.7838962987677557,0.8560608826785533,0.8881118881118881,0.8547715223678662,0.9145632842083824,0.7925407925407926,0.7516565931315414,0.8282324052187241,0.006993006993006993,0.0023810456854944425,0.020355821636568114,0.04195804195804196,0.026702759227958207,0.06534355012800064,0.07459207459207459,0.05333004505420605,0.10340507686672262
"wsum(bm25_stem+ctx,dense:bge-m3+ctx;w=0.3|0.7)",native_model,vehicle,0,,429,0.9883449883449883,0.9730101908049245,0.9950116829351601,1.0,0.9911250210847168,1.0,0.9941724941724942,0.9883449883449883,0.9988344988344988,0.5407925407925408,0.49348258400955447,0.5873784316966579,0.8694638694638694,0.8342782978532459,0.8980914729715914,0.9277389277389277,0.8992570436500482,0.9486284638979496,0.6811651311651311,0.6460279997779999,0.7167443204943206,0.7197934387246073,0.6893876156965717,0.7501418800023396,0.6223776223776224,0.5756077173648608,0.6669753297537762,0.8927738927738927,0.8599326049727732,0.9186434605413282,0.9883449883449883,0.9730101908049245,0.9950116829351601,0.8694638694638694,0.8342782978532459,0.8980914729715914,0.011655011655011656,0.004988317064839966,0.02698980919507543,0.0,0.0,0.008874978915283301,0.0,0.0,0.008874978915283301
"wsum(bm25_stem+ctx,dense:bge-m3+ctx;w=0.3|0.7)",native_plain,global,0,,429,0.1585081585081585,0.12699964540480516,0.19607813739747457,0.2913752913752914,0.25037947476977646,0.3360741877613092,0.2668368138299848,0.23453161406607917,0.30021742537201196,0.11421911421911422,0.08748281215570161,0.14780301073697621,0.25874125874125875,0.21956954261721856,0.30219530734889727,0.34265734265734266,0.29932144716645886,0.38878606368100804,0.17830595330595328,0.1482366244866245,0.20903550153550152,0.19864723131713247,0.16854705181356208,0.22925612577883567,0.1258741258741259,0.09776938035252583,0.16061958988478406,0.26573426573426573,0.22614797943492934,0.3094787589379657,0.22843822843822845,0.19122433878112116,0.27047232808895116,0.32867132867132864,0.28591382560565143,0.37446990842825684,0.002331002331002331,0.0004115977258030276,0.01308401065840669,0.11888111888111888,0.09158650379444534,0.15294057803608527,0.7202797202797203,0.675993610974945,0.7606558738386017
"wsum(bm25_stem+ctx,dense:bge-m3+ctx;w=0.3|0.7)",native_plain,manual,0,,429,1.0,0.9911250210847168,1.0,1.0,0.9911250210847168,1.0,1.0,0.9911250210847168,1.0,0.5734265734265734,0.5261774863109362,0.619372341960246,0.8648018648018648,0.8291892487480138,0.8939392631389708,0.9347319347319347,0.9072870070115661,0.954460388943211,0.698046398046398,0.662624851999852,0.7333137926887928,0.7334715336495897,0.7025203467676966,0.7636024315416314,0.6386946386946387,0.5921918924227842,0.6827355609783377,0.8997668997668997,0.8677059907241503,0.9247319631967305,1.0,0.9911250210847168,1.0,0.8648018648018648,0.8291892487480138,0.8939392631389708,0.0,0.0,0.008874978915283301,0.0,0.0,0.008874978915283301,0.0,0.0,0.008874978915283301
"wsum(bm25_stem+ctx,dense:bge-m3+ctx;w=0.3|0.7)",native_plain,tier,1,hard,429,1.0,0.9911250210847168,1.0,1.0,0.9911250210847168,1.0,1.0,0.9911250210847168,1.0,0.5734265734265734,0.5261774863109362,0.619372341960246,0.8648018648018648,0.8291892487480138,0.8939392631389708,0.9347319347319347,0.9072870070115661,0.954460388943211,0.698046398046398,0.662624851999852,0.7333137926887928,0.7334715336495897,0.7025203467676966,0.7636024315416314,0.6386946386946387,0.5921918924227842,0.6827355609783377,0.8997668997668997,0.8677059907241503,0.9247319631967305,1.0,0.9911250210847168,1.0,0.8648018648018648,0.8291892487480138,0.8939392631389708,0.0,0.0,0.008874978915283301,0.0,0.0,0.008874978915283301,0.0,0.0,0.008874978915283301
"wsum(bm25_stem+ctx,dense:bge-m3+ctx;w=0.3|0.7)",native_plain,tier,1,random,429,1.0,0.9911250210847168,1.0,1.0,0.9911250210847168,1.0,1.0,0.9911250210847168,1.0,0.5734265734265734,0.5261774863109362,0.619372341960246,0.8648018648018648,0.8291892487480138,0.8939392631389708,0.9347319347319347,0.9072870070115661,0.954460388943211,0.698046398046398,0.662624851999852,0.7333137926887928,0.7334715336495897,0.7025203467676966,0.7636024315416314,0.6386946386946387,0.5921918924227842,0.6827355609783377,0.8997668997668997,0.8677059907241503,0.9247319631967305,1.0,0.9911250210847168,1.0,0.8648018648018648,0.8291892487480138,0.8939392631389708,0.0,0.0,0.008874978915283301,0.0,0.0,0.008874978915283301,0.0,0.0,0.008874978915283301
"wsum(bm25_stem+ctx,dense:bge-m3+ctx;w=0.3|0.7)",native_plain,tier,2,hard,429,0.8013986013986014,0.772027972027972,0.8298368298368298,1.0,0.9911250210847168,1.0,0.9006993006993006,0.8860139860139861,0.914918414918415,0.4773892773892774,0.4331002331002331,0.5207459207459207,0.7986013986013987,0.7622377622377622,0.8335664335664337,0.8792540792540794,0.8489510489510489,0.9081585081585081,0.6149071299071299,0.5785551254301254,0.6505722749472749,0.653100661864548,0.620298013892818,0.6853942006924338,0.5272727272727272,0.48437062937062947,0.5706293706293707,0.8442890442890443,0.8111888111888111,0.8764568764568764,0.8442890442890443,0.8163170163170165,0.8708624708624709,0.8107226107226108,0.7752913752913754,0.8447552447552447,0.004195804195804196,0.0009324009324009324,0.008857808857808857,0.17575757575757578,0.14918414918414918,0.20372960372960372,0.018648018648018648,0.009478861617590886,0.03636115304910376
"wsum(bm25_stem+ctx,dense:bge-m3+ctx;w=0.3|0.7)",native_plain,tier,2,random,429,0.8713286713286713,0.8503496503496503,0.8913752913752914,1.0,0.9911250210847168,1.0,0.9356643356643357,0.9251748251748251,0.9456876456876456,0.5053613053613054,0.46153846153846156,0.5487179487179488,0.8125874125874126,0.7785431235431236,0.8456993006993005,0.8876456876456875,0.8596736596736597,0.9137529137529138,0.6363168313168315,0.6011266048766049,0.6713316914566916,0.6739366062929762,0.6425169564459741,0.7053300735130311,0.5650349650349651,0.5221445221445221,0.6074592074592076,0.8475524475524476,0.8163170163170163,0.8778554778554779,0.8736596736596736,0.8526806526806527,0.8937062937062936,0.8130536130536131,0.7785547785547785,0.8466200466200466,0.0009324009324009324,0.0,0.002331002331002331,0.007925407925407926,0.004662004662004662,0.011655011655011656,0.11981351981351981,0.10023310023310024,0.14032634032634034
"wsum(bm25_stem+ctx,dense:bge-m3+ctx;w=0.3|0.7)",native_plain,tier,5,hard,429,0.4923076923076923,0.44755244755244755,0.5361305361305362,0.8895104895104896,0.8615384615384616,0.9151515151515152,0.6945609945609945,0.6657340714840715,0.7223242035742036,0.3067599067599067,0.26573426573426573,0.34871794871794876,0.6806526806526807,0.6368298368298368,0.7230769230769232,0.77995337995338,0.7417249417249417,0.8172494172494174,0.4595833795833796,0.4234550958300958,0.4966031561031561,0.5066098601033172,0.4730465381020694,0.5401810021088959,0.331002331002331,0.28951048951048947,0.3734265734265734,0.7337995337995338,0.6932400932400932,0.7738927738927739,0.6442890442890442,0.601864801864802,0.6853263403263402,0.7193473193473192,0.676923076923077,0.7603729603729603,0.007925407925407925,0.0009324009324009324,0.016783216783216783,0.3925407925407926,0.3501165501165501,0.43636363636363634,0.10722610722610723,0.08135653945867186,0.1400673950272267
"wsum(bm25_stem+ctx,dense:bge-m3+ctx;w=0.3|0.7)",native_plain,tier,5,random,429,0.6727272727272727,0.6382284382284382,0.7058275058275059,0.9431235431235432,0.9268065268065269,0.958041958041958,0.8070473970473971,0.7852132867132867,0.8281431623931624,0.4074592074592075,0.36596736596736595,0.4503496503496503,0.7142191142191142,0.675990675990676,0.7524475524475525,0.8083916083916083,0.7734149184149184,0.8414918414918415,0.5378057128057128,0.5014314713064713,0.5748907435157437,0.5754759943455054,0.5418002901967229,0.6096314443579507,0.4494172494172494,0.4083916083916084,0.49044289044289047,0.7566433566433567,0.7202797202797203,0.7925407925407926,0.6853146853146853,0.6512703962703963,0.7188811188811188,0.7198135198135197,0.6815850815850816,0.7575757575757576,0.0009324009324009324,0.0,0.002331002331002331,0.026573426573426578,0.019580419580419582,0.034032634032634033,0.29976689976689974,0.26713286713286716,0.33379953379953375
"wsum(bm25_stem+ctx,dense:bge-m3+ctx;w=0.3|0.7)",native_plain,tier,10,hard,429,0.33053613053613057,0.28717948717948716,0.37435897435897436,0.6386946386946387,0.5925407925407925,0.682983682983683,0.5321343471343472,0.4995828754578755,0.5645048793798794,0.22797202797202795,0.1892773892773893,0.26853146853146853,0.4965034965034965,0.4494172494172494,0.5431235431235432,0.6466200466200466,0.6013986013986014,0.6909090909090908,0.3453903503903504,0.30904371091871097,0.38297086709586703,0.3881848272847386,0.35390788878685453,0.4236548039865561,0.24428904428904427,0.20511655011655022,0.28484848484848485,0.5361305361305362,0.4890442890442891,0.5836829836829837,0.4927738927738927,0.4461538461538462,0.5403263403263403,0.5673659673659673,0.5198135198135199,0.6153846153846154,0.004662004662004662,0.0012794222258141726,0.016836815627321967,0.3431235431235431,0.29928904428904435,0.3888111888111888,0.32167832167832167,0.2792264219690699,0.36729542365805923
"wsum(bm25_stem+ctx,dense:bge-m3+ctx;w=0.3|0.7)",native_plain,tier,10,random,429,0.5393939393939393,0.5016317016317016,0.5776223776223776,0.8125874125874126,0.7808857808857809,0.8419580419580419,0.6975809375809376,0.6695386789136789,0.724966205091205,0.337995337995338,0.29836829836829837,0.3785547785547785,0.6242424242424244,0.5832167832167833,0.6666666666666666,0.737995337995338,0.6993006993006993,0.7757692307692305,0.4621587671587672,0.4257309218559219,0.4996738909238909,0.4989293177283163,0.4644350696696085,0.5343335993776102,0.3678321678321679,0.32773892773892777,0.4083916083916084,0.6629370629370629,0.6228438228438228,0.7030419580419579,0.5594405594405595,0.5212121212121212,0.5972027972027972,0.6354312354312355,0.5948717948717949,0.6769230769230768,0.0009324009324009324,0.0,0.002331002331002331,0.03962703962703964,0.030303030303030304,0.049883449883449886,0.42004662004662,0.38181818181818183,0.4582750582750583
"wsum(bm25_stem+ctx,dense:bge-m3+ctx;w=0.3|0.7)",native_plain,tier,20,hard,429,0.2634032634032634,0.22395368452166273,0.307052424382306,0.4857808857808858,0.43869463869463865,0.5324009324009324,0.4250376068098902,0.39051741226675735,0.4594945985472774,0.17715617715617715,0.1439391173214467,0.21610370123224437,0.4125874125874126,0.36697857491734737,0.4597478199979121,0.5244755244755245,0.47721071874186416,0.5713058906818633,0.27748732748732746,0.24241173641173644,0.3131536750286751,0.3104436491665977,0.2763765354225447,0.34476049904697337,0.19114219114219114,0.15673970828169287,0.23102688708555674,0.43356643356643354,0.3874663807382864,0.48084567939731077,0.38461538461538464,0.33979582375967643,0.43148301752846596,0.5006993006993007,0.4536130536130536,0.5491841491841492,0.004662004662004662,0.0012794222258141726,0.016836815627321967,0.21212121212121213,0.17607864865266656,0.2532736119349208,0.5198135198135199,0.4725707914471039,0.5667045590387708
"wsum(bm25_stem+ctx,dense:bge-m3+ctx;w=0.3|0.7)",native_plain,tier,20,random,429,0.4181818181818182,0.3790209790209791,0.45735431235431223,0.6498834498834498,0.6088461538461539,0.6899766899766899,0.5733457056297452,0.5405196834489306,0.6062277628084395,0.2717948717948718,0.23496503496503496,0.31002331002331,0.5128205128205128,0.4694638694638694,0.5571095571095571,0.6386946386946387,0.5962703962703964,0.6801981351981351,0.3795095645095645,0.34345750083250093,0.4169228919228919,0.4133606851986942,0.37922054040704556,0.4480638514828831,0.2885780885780886,0.25081585081585084,0.3268065268065268,0.5501165501165501,0.5072261072261072,0.5939393939393939,0.44941724941724936,0.4097902097902098,0.48905594405594394,0.5310023310023311,0.48764568764568766,0.5748251748251749,0.0004662004662004662,0.0,0.0013986013986013988,0.04848484848484849,0.03682983682983683,0.06107226107226107,0.5328671328671329,0.4927738927738928,0.5724941724941724
"wsum(bm25_stem+ctx,dense:bge-m3+ctx;w=0.3|0.7)",native_plain,tier,50,hard,429,0.1864801864801865,0.15246424733964914,0.22606108908974765,0.3752913752913753,0.3307698383385157,0.42202648507392104,0.3256900709163778,0.2931916602412314,0.35966057707970694,0.1351981351981352,0.10606073686102929,0.17081075125198625,0.32167832167832167,0.2792264219690699,0.36729542365805923,0.4149184149184149,0.36925078039205517,0.4620962439921307,0.21607096607096607,0.18391957579457582,0.24881343193843192,0.24138697343745605,0.20980818668000564,0.2734342718392285,0.14219114219114218,0.11231233438820752,0.17842104213158727,0.337995337995338,0.29484743754889503,0.384018814360719,0.2727272727272727,0.2327396130641085,0.31674901371556574,0.38927738927738925,0.34431543586970187,0.4362046643562933,0.002331002331002331,0.0004115977258030276,0.01308401065840669,0.13752913752913754,0.10814156390225921,0.17335055367968277,0.6736596736596736,0.6279203559931653,0.7163165394418528
"wsum(bm25_stem+ctx,dense:bge-m3+ctx;w=0.3|0.7)",native_plain,tier,50,random,429,0.2806526806526807,0.24475524475524477,0.3184149184149184,0.49696969696969695,0.45314685314685316,0.5403263403263403,0.4270372258526542,0.3934077329510819,0.46125414534891157,0.19533799533799534,0.1627039627039627,0.22937062937062938,0.4018648018648019,0.35850815850815854,0.44568764568764574,0.4904428904428904,0.4461538461538462,0.5356643356643357,0.28366707366707367,0.24943477355977361,0.31883424908424907,0.30885296035523807,0.2754682140616045,0.343092564505796,0.20606060606060603,0.17249417249417248,0.24102564102564103,0.42657342657342656,0.3822843822843823,0.47086247086247085,0.3272727272727272,0.289044289044289,0.3668997668997669,0.43123543123543123,0.3874125874125874,0.4750582750582751,0.0009324009324009324,0.0,0.0027972027972027976,0.07645687645687645,0.06013986013986014,0.09417249417249418,0.641958041958042,0.601864801864802,0.6806526806526807
"wsum(bm25_stem+ctx,dense:bge-m3+ctx;w=0.3|0.7)",native_plain,tier,100,hard,429,0.16083916083916083,0.1291085151111866,0.19858989716001957,0.30536130536130535,0.26366629433211053,0.35051114501253355,0.2754699077769251,0.24337560491371343,0.3088382049586641,0.11655011655011654,0.08953277429846251,0.1503736780631417,0.2703962703962704,0.2305409555924775,0.31432704171827036,0.358974358974359,0.3150175124980972,0.40543440463185465,0.18505661005661003,0.15484975672475676,0.21627400377400374,0.20743386342972342,0.17758946975038248,0.2386038644923397,0.1282051282051282,0.09983728393418664,0.16317231577204963,0.2773892773892774,0.23714120942519823,0.3215886762923289,0.2331002331002331,0.19556730658195032,0.2753706192259748,0.34032634032634035,0.297083847081787,0.38640303429675354,0.002331002331002331,0.0004115977258030276,0.01308401065840669,0.11655011655011654,0.08953277429846251,0.1503736780631417,0.7202797202797203,0.675993610974945,0.7606558738386017
"wsum(bm25_stem+ctx,dense:bge-m3+ctx;w=0.3|0.7)",native_plain,tier,100,random,429,0.2013986013986014,0.16689976689976688,0.23682983682983683,0.3664335664335664,0.32447552447552447,0.40932400932400936,0.32849748065648404,0.29564517804227985,0.36242477715518073,0.14079254079254078,0.11095571095571095,0.17202797202797204,0.31421911421911425,0.2727272727272727,0.35617715617715623,0.4083916083916084,0.3641025641025641,0.4536130536130536,0.2171193621193621,0.18569983719983718,0.24954919154919156,0.2413216394802397,0.21011904206532128,0.27312701023238867,0.15104895104895105,0.11981351981351981,0.18368298368298372,0.32960372960372963,0.28811188811188815,0.37202797202797205,0.2634032634032634,0.2261072261072261,0.30303030303030304,0.3617715617715617,0.3188811188811189,0.40512820512820513,0.0018648018648018648,0.0,0.005128205128205128,0.1006993006993007,0.07785547785547788,0.12494172494172494,0.6960372960372961,0.6554778554778555,0.7351981351981351
"wsum(bm25_stem+ctx,dense:bge-m3+ctx;w=0.3|0.7)",native_plain,tier,165,hard,429,0.1585081585081585,0.12699964540480516,0.19607813739747457,0.2913752913752914,0.25037947476977646,0.3360741877613092,0.2668368138299848,0.23453161406607917,0.30021742537201196,0.11421911421911422,0.08748281215570161,0.14780301073697621,0.25874125874125875,0.21956954261721856,0.30219530734889727,0.34265734265734266,0.29932144716645886,0.38878606368100804,0.17830595330595328,0.1482366244866245,0.20903550153550152,0.19864723131713247,0.16854705181356208,0.22925612577883567,0.1258741258741259,0.09776938035252583,0.16061958988478406,0.26573426573426573,0.22614797943492934,0.3094787589379657,0.22843822843822845,0.19122433878112116,0.27047232808895116,0.32867132867132864,0.28591382560565143,0.37446990842825684,0.002331002331002331,0.0004115977258030276,0.01308401065840669,0.11888111888111888,0.09158650379444534,0.15294057803608527,0.7202797202797203,0.675993610974945,0.7606558738386017
"wsum(bm25_stem+ctx,dense:bge-m3+ctx;w=0.3|0.7)",native_plain,tier,165,random,429,0.1585081585081585,0.12699964540480516,0.19607813739747457,0.2913752913752914,0.25037947476977646,0.3360741877613092,0.2668368138299848,0.23453161406607917,0.30021742537201196,0.11421911421911422,0.08748281215570161,0.14780301073697621,0.25874125874125875,0.21956954261721856,0.30219530734889727,0.34265734265734266,0.29932144716645886,0.38878606368100804,0.17830595330595328,0.1482366244866245,0.20903550153550152,0.19864723131713247,0.16854705181356208,0.22925612577883567,0.1258741258741259,0.09776938035252583,0.16061958988478406,0.26573426573426573,0.22614797943492934,0.3094787589379657,0.22843822843822845,0.19122433878112116,0.27047232808895116,0.32867132867132864,0.28591382560565143,0.37446990842825684,0.002331002331002331,0.0004115977258030276,0.01308401065840669,0.11888111888111888,0.09158650379444534,0.15294057803608527,0.7202797202797203,0.675993610974945,0.7606558738386017
"wsum(bm25_stem+ctx,dense:bge-m3+ctx;w=0.3|0.7)",native_plain,vehicle,0,,429,0.9883449883449883,0.9730101908049245,0.9950116829351601,1.0,0.9911250210847168,1.0,0.9941724941724942,0.9883449883449883,0.9988344988344988,0.5664335664335665,0.5191543206026893,0.6125336192617138,0.8601398601398601,0.8241127036536859,0.8897745492954456,0.9347319347319347,0.9072870070115661,0.954460388943211,0.694028194028194,0.6586291948791948,0.7295077145077143,0.7298316452524334,0.6990805310944294,0.7601978554028285,0.6317016317016317,0.5850776222857828,0.67598794270856,0.8951048951048951,0.8625193778051505,0.9206773171778775,0.9883449883449883,0.9730101908049245,0.9950116829351601,0.8601398601398601,0.8241127036536859,0.8897745492954456,0.011655011655011656,0.004988317064839966,0.02698980919507543,0.0,0.0,0.008874978915283301,0.0,0.0,0.008874978915283301
"wsum(bm25_stem,dense:bge-m3;w=0.3|0.7)",native_brand,global,0,,429,0.2680652680652681,0.22834374046753936,0.3119036273742821,0.46853146853146854,0.4217997511405959,0.5158217510288975,0.4104347929305452,0.37356365695752797,0.4472629124193837,0.16783216783216784,0.13545012951928953,0.2061101711586959,0.34965034965034963,0.3060413334177546,0.3959280658364915,0.42424242424242425,0.3783501771889351,0.4714793650709564,0.24309209309209312,0.2090906084656085,0.27844347781847784,0.2599699792687469,0.22671764073787137,0.2936172933614411,0.17249417249417248,0.13968996546024467,0.21111159415559358,0.37995337995337997,0.33528061441043666,0.42675696793985296,0.35664335664335667,0.31277173368782485,0.4030595539732006,0.4195804195804196,0.3737983687588389,0.46678991456319985,0.006993006993006993,0.0023810456854944425,0.020355821636568114,0.2937062937062937,0.2525906275893598,0.33848366441065225,0.43123543123543123,0.3851857619183915,0.47850566874827927
"wsum(bm25_stem,dense:bge-m3;w=0.3|0.7)",native_brand,manual,0,,429,1.0,0.9911250210847168,1.0,1.0,0.9911250210847168,1.0,1.0,0.9911250210847168,1.0,0.48484848484848486,0.4379008408916916,0.5320650675602867,0.7925407925407926,0.7516565931315414,0.8282324052187241,0.8881118881118881,0.8547715223678662,0.9145632842083824,0.61483238983239,0.5777683427683429,0.6523339160839161,0.652588436349708,0.619976668026791,0.6852242928608169,0.5524475524475524,0.5051360722887867,0.5988280907620577,0.8414918414918415,0.8039218626025254,0.8730003545951949,1.0,0.9911250210847168,1.0,0.7925407925407926,0.7516565931315414,0.8282324052187241,0.0,0.0,0.008874978915283301,0.0,0.0,0.008874978915283301,0.0,0.0,0.008874978915283301
"wsum(bm25_stem,dense:bge-m3;w=0.3|0.7)",native_brand,tier,1,hard,429,1.0,0.9911250210847168,1.0,1.0,0.9911250210847168,1.0,1.0,0.9911250210847168,1.0,0.48484848484848486,0.4379008408916916,0.5320650675602867,0.7925407925407926,0.7516565931315414,0.8282324052187241,0.8881118881118881,0.8547715223678662,0.9145632842083824,0.61483238983239,0.5777683427683429,0.6523339160839161,0.652588436349708,0.619976668026791,0.6852242928608169,0.5524475524475524,0.5051360722887867,0.5988280907620577,0.8414918414918415,0.8039218626025254,0.8730003545951949,1.0,0.9911250210847168,1.0,0.7925407925407926,0.7516565931315414,0.8282324052187241,0.0,0.0,0.008874978915283301,0.0,0.0,0.008874978915283301,0.0,0.0,0.008874978915283301
"wsum(bm25_stem,dense:bge-m3;w=0.3|0.7)",native_brand,tier,1,random,429,1.0,0.9911250210847168,1.0,1.0,0.9911250210847168,1.0,1.0,0.9911250210847168,1.0,0.48484848484848486,0.4379008408916916,0.5320650675602867,0.7925407925407926,0.7516565931315414,0.8282324052187241,0.8881118881118881,0.8547715223678662,0.9145632842083824,0.61483238983239,0.5777683427683429,0.6523339160839161,0.652588436349708,0.619976668026791,0.6852242928608169,0.5524475524475524,0.5051360722887867,0.5988280907620577,0.8414918414918415,0.8039218626025254,0.8730003545951949,1.0,0.9911250210847168,1.0,0.7925407925407926,0.7516565931315414,0.8282324052187241,0.0,0.0,0.008874978915283301,0.0,0.0,0.008874978915283301,0.0,0.0,0.008874978915283301
"wsum(bm25_stem,dense:bge-m3;w=0.3|0.7)",native_brand,tier,2,hard,429,0.7738927738927739,0.7426573426573427,0.8046620046620047,1.0,0.9911250210847168,1.0,0.8869463869463869,0.8713286713286713,0.9023310023310024,0.40512820512820513,0.3617715617715617,0.4484848484848485,0.7151515151515151,0.6745920745920745,0.7557109557109557,0.8237762237762237,0.7892773892773893,0.8578088578088578,0.5336017686017687,0.4963771136271136,0.5708701021201021,0.5713367169201679,0.5381727128930557,0.6044763696518936,0.45081585081585074,0.406981351981352,0.49465034965034943,0.7636363636363636,0.7254079254079255,0.8018648018648019,0.8275058275058275,0.7986013986013986,0.8554778554778555,0.7235431235431237,0.6834498834498834,0.7636363636363636,0.005128205128205127,0.0009324009324009324,0.009801864801864634,0.21864801864801864,0.18834498834498836,0.2489627039627038,0.002331002331002331,0.0004115977258030276,0.01308401065840669
"wsum(bm25_stem,dense:bge-m3;w=0.3|0.7)",native_brand,tier,2,random,429,0.9314685314685315,0.916083916083916,0.9459207459207459,1.0,0.9911250210847168,1.0,0.9657342657342659,0.958041958041958,0.9729603729603731,0.4662004662004662,0.4205128205128205,0.5118881118881119,0.7682983682983684,0.7291375291375292,0.806060606060606,0.8615384615384616,0.8303030303030304,0.8918414918414919,0.5930380730380731,0.5566146446146446,0.6303195461945462,0.6283511078867104,0.5953193940554181,0.6616188119328597,0.524009324009324,0.47878787878787876,0.5687645687645687,0.8111888111888111,0.7757459207459207,0.8461538461538461,0.9347319347319348,0.9193473193473193,0.9491841491841492,0.7687645687645689,0.7296037296037297,0.8065268065268065,0.0013986013986013988,0.0,0.003263403263403264,0.007459207459207459,0.004195804195804196,0.01118881118881119,0.059673659673659674,0.04568764568764569,0.07459207459207459
"wsum(bm25_stem,dense:bge-m3;w=0.3|0.7)",native_brand,tier,5,hard,429,0.5137529137529139,0.46853146853146854,0.5580419580419581,0.8806526806526807,0.8512820512820513,0.9086247086247086,0.7046853146853148,0.675889083139083,0.7327125097125098,0.27972027972027974,0.23916083916083913,0.3212121212121212,0.5808857808857809,0.5347319347319347,0.6275058275058276,0.7170163170163171,0.6755244755244754,0.7580419580419582,0.4109187109187109,0.3735897435897436,0.44845324120324115,0.4524018981944254,0.41839926819322176,0.4864850528267658,0.30163170163170167,0.2606060606060606,0.343135198135198,0.6433566433566433,0.5990675990675991,0.6881118881118881,0.6442890442890443,0.6013986013986014,0.6857808857808858,0.627039627039627,0.5818181818181818,0.6722610722610722,0.011655011655011656,0.004988317064839966,0.02698980919507543,0.4233100233100233,0.3794871794871795,0.4666666666666666,0.05128205128205128,0.034106755874188835,0.07642207135747567
"wsum(bm25_stem,dense:bge-m3;w=0.3|0.7)",native_brand,tier,5,random,429,0.7976689976689977,0.7682983682983684,0.8251748251748252,0.974825174825175,0.9641025641025641,0.9841491841491843,0.8849650349650349,0.867256993006993,0.9016482128982128,0.41911421911421914,0.37575757575757573,0.46247086247086244,0.7002331002331001,0.6601398601398601,0.7407925407925409,0.800932400932401,0.7645687645687645,0.8358974358974359,0.5387536537536538,0.5011879786879787,0.5769353193103193,0.5710773388561802,0.5371109620035556,0.6055290381813179,0.462004662004662,0.4186363636363637,0.5053613053613054,0.7491841491841491,0.710955710955711,0.7874125874125875,0.8111888111888111,0.7822843822843824,0.8386946386946386,0.7034965034965034,0.6634032634032635,0.7435897435897436,0.0013986013986013988,0.0,0.003263403263403264,0.0344988344988345,0.026573426573426574,0.04289044289044289,0.16643356643356644,0.14032634032634034,0.19393939393939394
"wsum(bm25_stem,dense:bge-m3;w=0.3|0.7)",native_brand,tier,10,hard,429,0.38088578088578084,0.3356643356643357,0.42657342657342656,0.7156177156177156,0.6722610722610722,0.7580419580419581,0.5782304732304732,0.5458401875901876,0.6108655927405928,0.2153846153846154,0.17715617715617715,0.2540792540792541,0.4876456876456876,0.4405594405594406,0.5356643356643357,0.6256410256410256,0.5804195804195804,0.6722610722610722,0.3310587560587561,0.29514914252414254,0.3676577635327636,0.37205737493996854,0.33833009376564926,0.40622344357827994,0.22937062937062938,0.19113053613053624,0.26946386946386947,0.5529137529137529,0.5058275058275058,0.6004662004662005,0.53006993006993,0.4825174825174825,0.5762354312354311,0.5445221445221445,0.49743589743589745,0.593006993006993,0.006993006993006993,0.0023810456854944425,0.020355821636568114,0.455944055944056,0.40885780885780887,0.503030303030303,0.1561771561771562,0.12489334948789621,0.19356380384545713
"wsum(bm25_stem,dense:bge-m3;w=0.3|0.7)",native_brand,tier,10,random,429,0.7034965034965035,0.6685314685314686,0.737062937062937,0.903030303030303,0.8792540792540794,0.9254079254079254,0.8131623931623932,0.7888885096385095,0.8364455590705591,0.37249417249417244,0.33053613053613057,0.4144522144522145,0.6452214452214451,0.6027972027972028,0.6876456876456877,0.751048951048951,0.711876456876457,0.7902097902097902,0.48805675805675813,0.4499529128279129,0.5266253283753284,0.5194855631433384,0.4848156120523123,0.5543392728563554,0.4083916083916084,0.36596736596736595,0.4503496503496503,0.7002331002331001,0.6592074592074593,0.7403263403263404,0.7282051282051282,0.6941724941724942,0.7613053613053613,0.6526806526806527,0.6107226107226107,0.6946386946386947,0.0013986013986013988,0.0,0.003263403263403264,0.05920745920745921,0.04755244755244756,0.07179487179487179,0.2358974358974359,0.20512820512820512,0.2680652680652681
"wsum(bm25_stem,dense:bge-m3;w=0.3|0.7)",native_brand,tier,20,hard,429,0.3501165501165501,0.3058275058275058,0.3953379953379954,0.6139860139860139,0.5668997668997668,0.6596853146853144,0.5214650967389715,0.4864801930175653,0.5570615145933945,0.20093240093240095,0.16363636363636364,0.23917249417249398,0.43123543123543123,0.3851857619183915,0.47850566874827927,0.5575757575757575,0.5104895104895105,0.6046620046620046,0.2984038184038184,0.2622326423576424,0.3345736208236208,0.331865209486329,0.2977200658465443,0.3664449558094358,0.21025641025641026,0.17249417249417248,0.24988344988344988,0.48951048951048953,0.44251030516258205,0.5366968622272492,0.48298368298368294,0.4358974358974359,0.5314685314685315,0.5128205128205128,0.4656185272690394,0.5597949348100557,0.009324009324009324,0.003631730272433362,0.02372576651855561,0.3911421911421912,0.34498834498834496,0.43776223776223777,0.2494172494172494,0.21081941463386683,0.29246291745654324
"wsum(bm25_stem,dense:bge-m3;w=0.3|0.7)",native_brand,tier,20,random,429,0.5990675990675991,0.5608391608391609,0.6363636363636364,0.8186480186480186,0.7850815850815851,0.8503496503496503,0.7260612086619902,0.6962664357529896,0.7549393076205602,0.32494172494172496,0.28438228438228436,0.36596736596736595,0.5706293706293707,0.5263403263403263,0.6144522144522145,0.6913752913752914,0.6498834498834499,0.7324009324009325,0.4326640026640027,0.39466202316202315,0.47120121082621086,0.4621014508664924,0.4263533723376062,0.49780631429319133,0.35104895104895106,0.3095571095571096,0.39207459207459205,0.6303030303030303,0.586013986013986,0.6722610722610722,0.6331002331002331,0.5953379953379953,0.6699300699300699,0.5841491841491842,0.5403263403263403,0.6279720279720279,0.0009324009324009324,0.0,0.002331002331002331,0.08624708624708624,0.07039627039627039,0.10303030303030304,0.31375291375291375,0.27878787878787875,0.34965034965034963
"wsum(bm25_stem,dense:bge-m3;w=0.3|0.7)",native_brand,tier,50,hard,429,0.30303030303030304,0.2614485366470758,0.348108273228642,0.5337995337995338,0.48650279929626333,0.5804963280031696,0.46041873067271194,0.42501814190130227,0.49647860794558757,0.18414918414918416,0.1503296942794218,0.22357501268104854,0.38461538461538464,0.33979582375967643,0.43148301752846596,0.4755244755244755,0.4286941093181368,0.522789281258136,0.26634384134384137,0.23127250064750066,0.3022839891589892,0.28809060588594165,0.25384133413652665,0.32233665697095004,0.1888111888111888,0.15460092862244895,0.22854503727587422,0.43356643356643354,0.3874663807382864,0.48084567939731077,0.41025641025641024,0.3647074320412226,0.4573983334051104,0.46853146853146854,0.4217997511405959,0.5158217510288975,0.009324009324009324,0.003631730272433362,0.02372576651855561,0.3356643356643357,0.292612224498145,0.38163339794254264,0.351981351981352,0.30828363904162037,0.3983063896815522
"wsum(bm25_stem,dense:bge-m3;w=0.3|0.7)",native_brand,tier,50,random,429,0.44009324009324013,0.39906759906759903,0.4811188811188811,0.6885780885780886,0.6480186480186481,0.7272843822843821,0.5868580769221636,0.5526800365110258,0.6212559167081275,0.24428904428904427,0.20744755244755256,0.28205128205128205,0.4801864801864802,0.43543123543123546,0.524941724941725,0.5771561771561772,0.5328671328671329,0.6219114219114218,0.34204536204536207,0.3054217587967588,0.37924167036667034,0.3681440102205867,0.3326927236206719,0.4035922161008129,0.262004662004662,0.22424242424242424,0.3011655011655011,0.5347319347319347,0.48997668997669,0.5794871794871795,0.496037296037296,0.45501165501165497,0.5375291375291376,0.5114219114219114,0.4666666666666666,0.5547785547785548,0.0009324009324009324,0.0,0.002331002331002331,0.15384615384615385,0.13053613053613053,0.17762237762237762,0.40512820512820513,0.365034965034965,0.44522144522144524
"wsum(bm25_stem,dense:bge-m3;w=0.3|0.7)",native_brand,tier,100,hard,429,0.27505827505827507,0.23493970141035928,0.3191695548382415,0.47785547785547783,0.43099426631567495,0.5251097537295242,0.42092890407564076,0.3840939614073675,0.4578420540532195,0.17249417249417248,0.13968996546024467,0.21111159415559358,0.3543123543123543,0.31052710752019247,0.4006835506719065,0.43356643356643354,0.3874663807382864,0.48084567939731077,0.24744699744699744,0.21283785658785656,0.28313170625670625,0.26548307895507844,0.2319514126759152,0.2995168531465543,0.17715617715617715,0.1439391173214467,0.21610370123224437,0.3939393939393939,0.3488394217607179,0.4409219374031301,0.372960372960373,0.328516122749774,0.41965957119373637,0.42657342657342656,0.380627658039754,0.47382251368906386,0.006993006993006993,0.0023810456854944425,0.020355821636568114,0.30536130536130535,0.26366629433211053,0.35051114501253355,0.4125874125874126,0.36697857491734737,0.4597478199979121
"wsum(bm25_stem,dense:bge-m3;w=0.3|0.7)",native_brand,tier,100,random,429,0.34265734265734266,0.30209790209790216,0.3832167832167832,0.5650349650349651,0.5216783216783217,0.6088578088578088,0.48682846826839077,0.4512381362519582,0.5227237121488203,0.20139860139860138,0.16643356643356644,0.23776223776223776,0.39813519813519815,0.35384615384615387,0.4433566433566433,0.49417249417249415,0.4489510489510489,0.5398601398601398,0.2847902097902098,0.24938456913456913,0.32145150220150215,0.3058747024650413,0.2718375487021479,0.34055754571422253,0.21212121212121213,0.17575757575757578,0.24895104895104894,0.4447552447552448,0.39953379953379947,0.48997668997668997,0.42051282051282046,0.37808857808857804,0.46386946386946387,0.45174825174825173,0.406993006993007,0.49696969696969695,0.004195804195804196,0.0,0.00979020979020979,0.22657342657342658,0.1944055944055944,0.25828671328671315,0.42657342657342656,0.38461538461538464,0.4699300699300699
"wsum(bm25_stem,dense:bge-m3;w=0.3|0.7)",native_brand,tier,165,hard,429,0.2680652680652681,0.22834374046753936,0.3119036273742821,0.46853146853146854,0.4217997511405959,0.5158217510288975,0.4104347929305452,0.37356365695752797,0.4472629124193837,0.16783216783216784,0.13545012951928953,0.2061101711586959,0.34965034965034963,0.3060413334177546,0.3959280658364915,0.42424242424242425,0.3783501771889351,0.4714793650709564,0.24309209309209312,0.2090906084656085,0.27844347781847784,0.2599699792687469,0.22671764073787137,0.2936172933614411,0.17249417249417248,0.13968996546024467,0.21111159415559358,0.37995337995337997,0.33528061441043666,0.42675696793985296,0.35664335664335667,0.31277173368782485,0.4030595539732006,0.4195804195804196,0.3737983687588389,0.46678991456319985,0.006993006993006993,0.0023810456854944425,0.020355821636568114,0.2937062937062937,0.2525906275893598,0.33848366441065225,0.43123543123543123,0.3851857619183915,0.47850566874827927
"wsum(bm25_stem,dense:bge-m3;w=0.3|0.7)",native_brand,tier,165,random,429,0.2680652680652681,0.22834374046753936,0.3119036273742821,0.46853146853146854,0.4217997511405959,0.5158217510288975,0.4104347929305452,0.37356365695752797,0.4472629124193837,0.16783216783216784,0.13545012951928953,0.2061101711586959,0.34965034965034963,0.3060413334177546,0.3959280658364915,0.42424242424242425,0.3783501771889351,0.4714793650709564,0.24309209309209312,0.2090906084656085,0.27844347781847784,0.2599699792687469,0.22671764073787137,0.2936172933614411,0.17249417249417248,0.13968996546024467,0.21111159415559358,0.37995337995337997,0.33528061441043666,0.42675696793985296,0.35664335664335667,0.31277173368782485,0.4030595539732006,0.4195804195804196,0.3737983687588389,0.46678991456319985,0.006993006993006993,0.0023810456854944425,0.020355821636568114,0.2937062937062937,0.2525906275893598,0.33848366441065225,0.43123543123543123,0.3851857619183915,0.47850566874827927
"wsum(bm25_stem,dense:bge-m3;w=0.3|0.7)",native_brand,vehicle,0,,429,0.9883449883449883,0.9730101908049245,0.9950116829351601,1.0,0.9911250210847168,1.0,0.9941724941724942,0.9883449883449883,0.9988344988344988,0.4801864801864802,0.43329544096122935,0.5274292085528963,0.7855477855477856,0.7442640630476293,0.8217630468958571,0.8857808857808858,0.8521969892630238,0.9125171878442985,0.6107290857290858,0.5732402551152551,0.6485477947977948,0.6473247901652481,0.614645473894364,0.6801272594285356,0.5501165501165501,0.5028033173265318,0.5965402162553861,0.8321678321678322,0.7938898288413042,0.8645498704807105,0.9883449883449883,0.9730101908049245,0.9950116829351601,0.7855477855477856,0.7442640630476293,0.8217630468958571,0.011655011655011656,0.004988317064839966,0.02698980919507543,0.0,0.0,0.008874978915283301,0.0,0.0,0.008874978915283301
"wsum(bm25_stem,dense:bge-m3;w=0.3|0.7)",native_full,global,0,,429,0.3076923076923077,0.2658853472608117,0.3529127215527589,0.4801864801864802,0.43329544096122935,0.5274292085528963,0.43591222099789745,0.3970561492211029,0.4738470351582953,0.17715617715617715,0.1439391173214467,0.21610370123224437,0.3473193473193473,0.30380019593569085,0.3935485738496288,0.4428904428904429,0.39659925630508724,0.49019532170621555,0.2486309986309986,0.2123559542309542,0.283959743959744,0.26896940914628686,0.23473260680314673,0.30383652458927674,0.1958041958041958,0.16102344783933376,0.23598440646576868,0.372960372960373,0.328516122749774,0.41965957119373637,0.3939393939393939,0.3488394217607179,0.4409219374031301,0.4195804195804196,0.3737983687588389,0.46678991456319985,0.004662004662004662,0.0012794222258141726,0.016836815627321967,0.1864801864801865,0.15246424733964914,0.22606108908974765,0.5011655011655012,0.45405173095145956,0.5482585837830036
"wsum(bm25_stem,dense:bge-m3;w=0.3|0.7)",native_full,manual,0,,429,1.0,0.9911250210847168,1.0,1.0,0.9911250210847168,1.0,1.0,0.9911250210847168,1.0,0.4801864801864802,0.43329544096122935,0.5274292085528963,0.7972027972027972,0.7565943563251325,0.8325359009629858,0.8904428904428905,0.8573500246757002,0.916605411369475,0.6117826617826617,0.5746633227883229,0.6495689264439264,0.6516002637583832,0.619108306948672,0.6844659949218872,0.5454545454545454,0.4981408960772238,0.5919613785668414,0.8391608391608392,0.8014101028399805,0.8708914848888134,1.0,0.9911250210847168,1.0,0.7972027972027972,0.7565943563251325,0.8325359009629858,0.0,0.0,0.008874978915283301,0.0,0.0,0.008874978915283301,0.0,0.0,0.008874978915283301
"wsum(bm25_stem,dense:bge-m3;w=0.3|0.7)",native_full,tier,1,hard,429,1.0,0.9911250210847168,1.0,1.0,0.9911250210847168,1.0,1.0,0.9911250210847168,1.0,0.4801864801864802,0.43329544096122935,0.5274292085528963,0.7972027972027972,0.7565943563251325,0.8325359009629858,0.8904428904428905,0.8573500246757002,0.916605411369475,0.6117826617826617,0.5746633227883229,0.6495689264439264,0.6516002637583832,0.619108306948672,0.6844659949218872,0.5454545454545454,0.4981408960772238,0.5919613785668414,0.8391608391608392,0.8014101028399805,0.8708914848888134,1.0,0.9911250210847168,1.0,0.7972027972027972,0.7565943563251325,0.8325359009629858,0.0,0.0,0.008874978915283301,0.0,0.0,0.008874978915283301,0.0,0.0,0.008874978915283301
"wsum(bm25_stem,dense:bge-m3;w=0.3|0.7)",native_full,tier,1,random,429,1.0,0.9911250210847168,1.0,1.0,0.9911250210847168,1.0,1.0,0.9911250210847168,1.0,0.4801864801864802,0.43329544096122935,0.5274292085528963,0.7972027972027972,0.7565943563251325,0.8325359009629858,0.8904428904428905,0.8573500246757002,0.916605411369475,0.6117826617826617,0.5746633227883229,0.6495689264439264,0.6516002637583832,0.619108306948672,0.6844659949218872,0.5454545454545454,0.4981408960772238,0.5919613785668414,0.8391608391608392,0.8014101028399805,0.8708914848888134,1.0,0.9911250210847168,1.0,0.7972027972027972,0.7565943563251325,0.8325359009629858,0.0,0.0,0.008874978915283301,0.0,0.0,0.008874978915283301,0.0,0.0,0.008874978915283301
"wsum(bm25_stem,dense:bge-m3;w=0.3|0.7)",native_full,tier,2,hard,429,0.814918414918415,0.7860139860139861,0.8428904428904429,1.0,0.9911250210847168,1.0,0.9074592074592075,0.893006993006993,0.9214452214452215,0.40466200466200464,0.36037296037296035,0.4494172494172494,0.7282051282051282,0.6885780885780886,0.7678321678321678,0.8256410256410256,0.7906759906759908,0.8596736596736597,0.5407888407888408,0.5031218411218411,0.5782244838494838,0.5799812401911808,0.5463432834653622,0.6134329638521675,0.4568764568764569,0.4125874125874126,0.5011655011655012,0.7757575757575756,0.737995337995338,0.8135198135198135,0.8601398601398601,0.834020979020979,0.8853146853146852,0.7314685314685314,0.6918414918414919,0.7710955710955711,0.004195804195804196,0.0009324009324009324,0.008857808857808857,0.17855477855477855,0.15104895104895105,0.2065384615384614,0.002331002331002331,0.0004115977258030276,0.01308401065840669
"wsum(bm25_stem,dense:bge-m3;w=0.3|0.7)",native_full,tier,2,random,429,0.9333333333333332,0.9174825174825175,0.9477855477855478,1.0,0.9911250210847168,1.0,0.9666666666666668,0.9587412587412588,0.973892773892774,0.45827505827505827,0.41305361305361304,0.5048951048951049,0.7664335664335664,0.7286713286713288,0.8041958041958042,0.8634032634032635,0.8326340326340328,0.8937062937062936,0.5882014282014282,0.5514115467865468,0.6263056480556479,0.6260463914429562,0.5930142960151935,0.6593445083274962,0.5216783216783216,0.4764568764568764,0.5673659673659673,0.8093240093240093,0.7734265734265735,0.8447552447552447,0.9361305361305361,0.9202797202797203,0.9505827505827504,0.7664335664335664,0.7286713286713288,0.8041958041958042,0.0004662004662004662,0.0,0.0013986013986013988,0.008857808857808857,0.005128205128205128,0.013053613053613055,0.057342657342657345,0.04382284382284382,0.07226107226107226
"wsum(bm25_stem,dense:bge-m3;w=0.3|0.7)",native_full,tier,5,hard,429,0.5748251748251748,0.53006993006993,0.6186480186480185,0.9095571095571097,0.883916083916084,0.9333333333333332,0.7424164724164725,0.7140238927738928,0.7699222999222998,0.2997668997668998,0.2568764568764569,0.3431235431235431,0.6172494172494173,0.5724941724941724,0.662004662004662,0.737995337995338,0.6979020979020979,0.7785547785547785,0.43370832870832876,0.3958749074999075,0.47175334850334855,0.475460417923326,0.4408221003432497,0.5103923894113712,0.3389277389277389,0.2955710955710956,0.3827505827505827,0.6727272727272727,0.6293706293706294,0.7160839160839162,0.6960372960372961,0.655011655011655,0.736142191142191,0.6508158508158508,0.606993006993007,0.694172494172494,0.006993006993006993,0.0023810456854944425,0.020355821636568114,0.3645687645687645,0.32167832167832167,0.40699300699300706,0.053613053613053616,0.035987701991650564,0.07916175470894037
"wsum(bm25_stem,dense:bge-m3;w=0.3|0.7)",native_full,tier,5,random,429,0.8083916083916083,0.7794871794871794,0.8354312354312355,0.9762237762237762,0.9659673659673661,0.9850815850815852,0.8900310800310801,0.8722367909867911,0.9067527195027195,0.4097902097902098,0.3664335664335664,0.45501165501165497,0.703962703962704,0.6638694638694638,0.7435897435897436,0.7962703962703963,0.7603613053613053,0.8307692307692307,0.5327311577311578,0.49520736208236205,0.5716195332445332,0.5664419041303482,0.5320307774977152,0.6012019267937145,0.462937062937063,0.4195804195804196,0.5076923076923077,0.7519813519813521,0.7142191142191142,0.7892890442890441,0.821911421911422,0.7930069930069931,0.848951048951049,0.7072261072261071,0.6671328671328672,0.7468531468531469,0.0009324009324009324,0.0,0.002331002331002331,0.02890442890442891,0.02191142191142191,0.03636363636363637,0.1617715617715618,0.13613053613053613,0.18927738927738924
"wsum(bm25_stem,dense:bge-m3;w=0.3|0.7)",native_full,tier,10,hard,429,0.4517482517482518,0.40559440559440557,0.4979137529137528,0.7272727272727273,0.6839044289044289,0.7692307692307693,0.620989010989011,0.5867884199134199,0.6546866143116142,0.24428904428904433,0.20372960372960375,0.28531468531468535,0.5123543123543124,0.46386946386946387,0.5599067599067599,0.6508158508158508,0.6060606060606061,0.6965034965034965,0.3573458023458024,0.320378404003404,0.3950002312502312,0.3967596476290034,0.36173958029390735,0.4320370388476029,0.27692307692307694,0.23496503496503496,0.3188811188811189,0.5729603729603729,0.5258741258741259,0.62004662004662,0.5920745920745921,0.5454545454545454,0.6382284382284382,0.5715617715617716,0.5249417249417249,0.6181818181818182,0.006993006993006993,0.0023810456854944425,0.020355821636568114,0.3641025641025641,0.3198135198135198,0.40885780885780887,0.17715617715617715,0.1439391173214467,0.21610370123224437
"wsum(bm25_stem,dense:bge-m3;w=0.3|0.7)",native_full,tier,10,random,429,0.7062937062937062,0.6703962703962704,0.7417249417249417,0.9011655011655012,0.8769230769230769,0.9235431235431235,0.8134422984422985,0.7879572603322604,0.8376360537610538,0.3678321678321679,0.3254079254079254,0.4111888111888111,0.6456876456876457,0.6037296037296037,0.688111888111888,0.745920745920746,0.7072261072261071,0.7841491841491841,0.48539479039479044,0.4471933344433345,0.5248174973174973,0.5149903798460227,0.47991790253414773,0.550829440951755,0.40979020979020975,0.3668997668997669,0.4531468531468531,0.6974358974358974,0.6568764568764568,0.737995337995338,0.7296037296037297,0.6937062937062938,0.7641025641025642,0.6545454545454544,0.6135198135198134,0.6960372960372961,0.0013986013986013988,0.0,0.0032634032634032634,0.04988344988344988,0.0386946386946387,0.06200466200466201,0.24242424242424243,0.2097902097902098,0.27645687645687644
"wsum(bm25_stem,dense:bge-m3;w=0.3|0.7)",native_full,tier,20,hard,429,0.41025641025641024,0.3647074320412226,0.4573983334051104,0.6344988344988345,0.5878787878787879,0.6792540792540792,0.5611642664878284,0.5247668306757051,0.598214389291449,0.22377622377622378,0.1868881898797086,0.2655672180525108,0.4522144522144522,0.4057486882797991,0.49952840760720946,0.5664335664335665,0.5191543206026893,0.6125336192617138,0.3193142043142043,0.28152404539904535,0.35739947089947094,0.3480570267448006,0.3118988617666081,0.3837241412376034,0.24708624708624707,0.20863574474100274,0.29002595788048086,0.5058275058275058,0.45867540455584715,0.5528761691164689,0.5333333333333333,0.48671328671328673,0.5804195804195804,0.5337995337995338,0.48650279929626333,0.5804963280031696,0.006993006993006993,0.0023810456854944425,0.020355821636568114,0.31002331002331,0.26810568730040213,0.35531301098209483,0.2727272727272727,0.2327396130641085,0.31674901371556574
"wsum(bm25_stem,dense:bge-m3;w=0.3|0.7)",native_full,tier,20,random,429,0.606993006993007,0.5668997668997668,0.6456876456876457,0.8083916083916083,0.7738927738927739,0.8405594405594407,0.7272607970818583,0.6964757187561589,0.756989791964134,0.3221445221445221,0.2811188811188811,0.3622377622377623,0.5804195804195804,0.5370629370629371,0.6247086247086248,0.675990675990676,0.6335664335664336,0.7179603729603729,0.43107707107707105,0.3925596764346764,0.47016332278832274,0.456689847280627,0.4210062200810938,0.493091120897812,0.35617715617715623,0.3151515151515151,0.3976689976689977,0.6331002331002331,0.5897435897435898,0.675990675990676,0.6438228438228439,0.6051282051282052,0.6815850815850816,0.5953379953379953,0.551981351981352,0.6391608391608391,0.0009324009324009324,0.0,0.002331002331002331,0.0703962703962704,0.05547785547785548,0.08624708624708624,0.32167832167832167,0.2848484848484848,0.3599067599067599
"wsum(bm25_stem,dense:bge-m3;w=0.3|0.7)",native_full,tier,50,hard,429,0.34965034965034963,0.3060413334177546,0.3959280658364915,0.5687645687645687,0.5214943312517207,0.6148142380816085,0.4954225693216795,0.4576755561880013,0.5333427459127371,0.19813519813519814,0.16316835243124767,0.2384601313427812,0.40559440559440557,0.3601683449544227,0.4526961615540574,0.48951048951048953,0.44251030516258205,0.5366968622272492,0.28336848336848336,0.24655973655973656,0.3199221149221149,0.304992219109796,0.2696785225023997,0.3406571249799254,0.21445221445221446,0.178236953104143,0.2557359369523708,0.44988344988344986,0.40345978374461394,0.4971966826734681,0.45454545454545453,0.40803862143315867,0.5018591039227763,0.48951048951048953,0.44251030516258205,0.5366968622272492,0.006993006993006993,0.0023810456854944425,0.020355821636568114,0.2564102564102564,0.21737972116177612,0.2997644993354132,0.38694638694638694,0.3420550813163108,0.433844389440758
"wsum(bm25_stem,dense:bge-m3;w=0.3|0.7)",native_full,tier,50,random,429,0.47785547785547783,0.43496503496503497,0.5202797202797202,0.6857808857808859,0.6442890442890442,0.7263403263403264,0.6080192685982543,0.5717242139982828,0.642806441428756,0.2540792540792541,0.21491841491841493,0.29230769230769227,0.4890442890442891,0.44427738927738936,0.5342773892773891,0.5818181818181819,0.5375291375291376,0.627039627039627,0.3516200466200467,0.31387374199874196,0.3896737382987383,0.3748443823406479,0.3391997911644958,0.4111167044733683,0.2778554778554779,0.2386946386946387,0.31748251748251743,0.537995337995338,0.4932400932400932,0.5818181818181819,0.5365967365967366,0.4946386946386946,0.5776223776223777,0.5179487179487179,0.47412587412587415,0.5627039627039627,0.0009324009324009324,0.0,0.002331002331002331,0.11655011655011657,0.0951048951048951,0.137995337995338,0.4046620046620047,0.36410256410256414,0.4461538461538462
"wsum(bm25_stem,dense:bge-m3;w=0.3|0.7)",native_full,tier,100,hard,429,0.3146853146853147,0.2725501970830512,0.3601097601372986,0.5151515151515151,0.4679349324397133,0.5620991591083084,0.44933592005344386,0.4102521036312042,0.4875820120102481,0.1794871794871795,0.14606709697796386,0.21859635104465366,0.351981351981352,0.30828363904162037,0.3983063896815522,0.4568764568764569,0.4103295818645022,0.5041887729603592,0.2564352314352314,0.220493117993118,0.29222673160173157,0.2778053660971293,0.24353581051724657,0.31290981953173147,0.19813519813519814,0.16316835243124767,0.2384601313427812,0.38694638694638694,0.3420550813163108,0.433844389440758,0.41025641025641024,0.3647074320412226,0.4573983334051104,0.4195804195804196,0.3737983687588389,0.46678991456319985,0.004662004662004662,0.0012794222258141726,0.016836815627321967,0.2097902097902098,0.17392218846745588,0.2508094426512051,0.47086247086247085,0.42409685097105243,0.5181452806673674
"wsum(bm25_stem,dense:bge-m3;w=0.3|0.7)",native_full,tier,100,random,429,0.37435897435897436,0.33146853146853145,0.4172494172494173,0.5776223776223777,0.5324009324009323,0.6219114219114218,0.5099494773983061,0.47246272426232216,0.5467993671618062,0.20792540792540792,0.17062937062937064,0.24475524475524477,0.40372960372960376,0.3594405594405594,0.4494172494172494,0.5076923076923077,0.46153846153846156,0.5547785547785548,0.2932086432086432,0.2565805860805861,0.3299663623413623,0.3164404917581873,0.2816838452660195,0.35207382578468166,0.23170163170163172,0.19347319347319347,0.26946386946386947,0.43869463869463876,0.39300699300699304,0.4834498834498835,0.4517482517482518,0.40792540792540793,0.49557109557109563,0.4540792540792541,0.4093240093240093,0.4997668997668997,0.002797202797202797,0.0,0.006993006993006993,0.15804195804195806,0.1296037296037296,0.1864801864801865,0.4648018648018648,0.42144522144522145,0.509090909090909
"wsum(bm25_stem,dense:bge-m3;w=0.3|0.7)",native_full,tier,165,hard,429,0.3076923076923077,0.2658853472608117,0.3529127215527589,0.4801864801864802,0.43329544096122935,0.5274292085528963,0.43591222099789745,0.3970561492211029,0.4738470351582953,0.17715617715617715,0.1439391173214467,0.21610370123224437,0.3473193473193473,0.30380019593569085,0.3935485738496288,0.4428904428904429,0.39659925630508724,0.49019532170621555,0.2486309986309986,0.2123559542309542,0.283959743959744,0.26896940914628686,0.23473260680314673,0.30383652458927674,0.1958041958041958,0.16102344783933376,0.23598440646576868,0.372960372960373,0.328516122749774,0.41965957119373637,0.3939393939393939,0.3488394217607179,0.4409219374031301,0.4195804195804196,0.3737983687588389,0.46678991456319985,0.004662004662004662,0.0012794222258141726,0.016836815627321967,0.1864801864801865,0.15246424733964914,0.22606108908974765,0.5011655011655012,0.45405173095145956,0.5482585837830036
"wsum(bm25_stem,dense:bge-m3;w=0.3|0.7)",native_full,tier,165,random,429,0.3076923076923077,0.2658853472608117,0.3529127215527589,0.4801864801864802,0.43329544096122935,0.5274292085528963,0.43591222099789745,0.3970561492211029,0.4738470351582953,0.17715617715617715,0.1439391173214467,0.21610370123224437,0.3473193473193473,0.30380019593569085,0.3935485738496288,0.4428904428904429,0.39659925630508724,0.49019532170621555,0.2486309986309986,0.2123559542309542,0.283959743959744,0.26896940914628686,0.23473260680314673,0.30383652458927674,0.1958041958041958,0.16102344783933376,0.23598440646576868,0.372960372960373,0.328516122749774,0.41965957119373637,0.3939393939393939,0.3488394217607179,0.4409219374031301,0.4195804195804196,0.3737983687588389,0.46678991456319985,0.004662004662004662,0.0012794222258141726,0.016836815627321967,0.1864801864801865,0.15246424733964914,0.22606108908974765,0.5011655011655012,0.45405173095145956,0.5482585837830036
"wsum(bm25_stem,dense:bge-m3;w=0.3|0.7)",native_full,vehicle,0,,429,0.986013986013986,0.9698265046906877,0.9935747395804707,1.0,0.9911250210847168,1.0,0.993006993006993,0.9871794871794872,0.9976689976689976,0.47086247086247085,0.42409685097105243,0.5181452806673674,0.7948717948717948,0.7541245182812059,0.830385109537986,0.8904428904428905,0.8573500246757002,0.916605411369475,0.6065934065934065,0.5696043077293077,0.6441603304103304,0.6472212605399371,0.6151473706531844,0.6797876186011046,0.5361305361305362,0.48882837123593204,0.5827913855324276,0.8368298368298368,0.7989008723491697,0.8687800859106978,0.986013986013986,0.9698265046906877,0.9935747395804707,0.7948717948717948,0.7541245182812059,0.830385109537986,0.013986013986013986,0.006425260419529346,0.030173495309312466,0.0,0.0,0.008874978915283301,0.0,0.0,0.008874978915283301
"wsum(bm25_stem,dense:bge-m3;w=0.3|0.7)",native_model,global,0,,429,0.2727272727272727,0.2327396130641085,0.31674901371556574,0.43123543123543123,0.3851857619183915,0.47850566874827927,0.3870983220172133,0.348758096794632,0.42491688894142216,0.1794871794871795,0.14606709697796386,0.21859635104465366,0.34032634032634035,0.297083847081787,0.38640303429675354,0.4125874125874126,0.36697857491734737,0.4597478199979121,0.2503422503422503,0.21416729104229104,0.2865071965071965,0.26556646665452377,0.2306002063162997,0.30061743141521063,0.19347319347319347,0.15888055737748563,0.23350666745869036,0.36596736596736595,0.32176171606421106,0.4125520894725199,0.3356643356643357,0.292612224498145,0.38163339794254264,0.40093240093240096,0.3556335417055815,0.44798970586504594,0.0,0.0,0.008874978915283301,0.10955710955710955,0.08339458863052511,0.14264997532429988,0.6177156177156177,0.5708794550500169,0.6624623331307671
"wsum(bm25_stem,dense:bge-m3;w=0.3|0.7)",native_model,manual,0,,429,1.0,0.9911250210847168,1.0,1.0,0.9911250210847168,1.0,1.0,0.9911250210847168,1.0,0.5337995337995338,0.48650279929626333,0.5804963280031696,0.8554778554778555,0.81904814859485,0.8855978454164288,0.9090909090909091,0.8781353183380667,0.9327851534585196,0.6650997150997151,0.6291459003959003,0.7020424020424019,0.7000609902614652,0.6690212813052698,0.732371929737858,0.5874125874125874,0.540252180002088,0.6330214250826528,0.8904428904428905,0.8573500246757002,0.916605411369475,1.0,0.9911250210847168,1.0,0.8554778554778555,0.81904814859485,0.8855978454164288,0.0,0.0,0.008874978915283301,0.0,0.0,0.008874978915283301,0.0,0.0,0.008874978915283301
"wsum(bm25_stem,dense:bge-m3;w=0.3|0.7)",native_model,tier,1,hard,429,1.0,0.9911250210847168,1.0,1.0,0.9911250210847168,1.0,1.0,0.9911250210847168,1.0,0.5337995337995338,0.48650279929626333,0.5804963280031696,0.8554778554778555,0.81904814859485,0.8855978454164288,0.9090909090909091,0.8781353183380667,0.9327851534585196,0.6650997150997151,0.6291459003959003,0.7020424020424019,0.7000609902614652,0.6690212813052698,0.732371929737858,0.5874125874125874,0.540252180002088,0.6330214250826528,0.8904428904428905,0.8573500246757002,0.916605411369475,1.0,0.9911250210847168,1.0,0.8554778554778555,0.81904814859485,0.8855978454164288,0.0,0.0,0.008874978915283301,0.0,0.0,0.008874978915283301,0.0,0.0,0.008874978915283301
"wsum(bm25_stem,dense:bge-m3;w=0.3|0.7)",native_model,tier,1,random,429,1.0,0.9911250210847168,1.0,1.0,0.9911250210847168,1.0,1.0,0.9911250210847168,1.0,0.5337995337995338,0.48650279929626333,0.5804963280031696,0.8554778554778555,0.81904814859485,0.8855978454164288,0.9090909090909091,0.8781353183380667,0.9327851534585196,0.6650997150997151,0.6291459003959003,0.7020424020424019,0.7000609902614652,0.6690212813052698,0.732371929737858,0.5874125874125874,0.540252180002088,0.6330214250826528,0.8904428904428905,0.8573500246757002,0.916605411369475,1.0,0.9911250210847168,1.0,0.8554778554778555,0.81904814859485,0.8855978454164288,0.0,0.0,0.008874978915283301,0.0,0.0,0.008874978915283301,0.0,0.0,0.008874978915283301
"wsum(bm25_stem,dense:bge-m3;w=0.3|0.7)",native_model,tier,2,hard,429,0.8256410256410256,0.7967365967365966,0.8536130536130536,1.0,0.9911250210847168,1.0,0.9128205128205127,0.8983682983682983,0.9268065268065269,0.45874125874125876,0.413986013986014,0.5044289044289044,0.7878787878787878,0.751048951048951,0.8237762237762237,0.863869463869464,0.8326340326340328,0.8946386946386945,0.5976547526547527,0.5615190827690827,0.6348191854441855,0.6347810016593946,0.6024688443862042,0.6682353825376166,0.5025641025641024,0.4578088578088578,0.5477855477855478,0.821911421911422,0.7878787878787878,0.8554778554778555,0.8662004662004662,0.84009324009324,0.890909090909091,0.793939393939394,0.7575641025641027,0.8298368298368298,0.002331002331002331,0.0,0.006060606060606061,0.16037296037296037,0.13333333333333333,0.18787878787878787,0.011655011655011656,0.004988317064839966,0.02698980919507543
"wsum(bm25_stem,dense:bge-m3;w=0.3|0.7)",native_model,tier,2,random,429,0.9076923076923077,0.8904428904428905,0.9235431235431236,1.0,0.9911250210847168,1.0,0.9538461538461539,0.9452214452214452,0.9617715617715619,0.4965034965034965,0.4503496503496503,0.5426573426573427,0.8116550116550116,0.7766899766899766,0.8456876456876458,0.8876456876456876,0.8596736596736596,0.9146853146853147,0.6294309394309394,0.5934849826099826,0.666002479002479,0.66606586649427,0.634440113045769,0.6985639535996686,0.5487179487179487,0.5039627039627039,0.5944055944055944,0.8391608391608392,0.8069930069930069,0.8708624708624709,0.9100233100233099,0.8927738927738927,0.9258741258741259,0.812121212121212,0.7771561771561771,0.8461538461538461,0.0004662004662004662,0.0,0.0013986013986013988,0.006993006993006993,0.0037296037296037296,0.010722610722610723,0.08484848484848487,0.06993006993006994,0.10116550116550117
"wsum(bm25_stem,dense:bge-m3;w=0.3|0.7)",native_model,tier,5,hard,429,0.5981351981351982,0.5538461538461539,0.6414918414918415,0.9062937062937062,0.8801864801864803,0.9300699300699301,0.7572649572649572,0.7296728826728828,0.7847255244755245,0.34265734265734266,0.2997668997668998,0.3864801864801865,0.675990675990676,0.6321678321678321,0.7188811188811188,0.7832167832167832,0.7454545454545455,0.8209906759906759,0.48394327894327893,0.4465182733932733,0.5220185370185371,0.5232772771111354,0.48912787107883965,0.5577099177770823,0.3678321678321679,0.3235431235431236,0.4116550116550116,0.7132867132867133,0.6703962703962705,0.7547785547785548,0.71002331002331,0.6694638694638695,0.7496503496503497,0.7128205128205128,0.6713286713286714,0.7547785547785548,0.002331002331002331,0.0004115977258030276,0.01308401065840669,0.3226107226107226,0.2811188811188811,0.3636480186480185,0.07692307692307693,0.05529531216264534,0.10606043922720977
"wsum(bm25_stem,dense:bge-m3;w=0.3|0.7)",native_model,tier,5,random,429,0.7585081585081584,0.7272727272727273,0.7878787878787878,0.9659673659673661,0.9538461538461539,0.9762237762237764,0.8600699300699302,0.8406901709401708,0.8780270007770008,0.43216783216783217,0.3888111888111888,0.4769230769230769,0.736130536130536,0.697902097902098,0.7743589743589744,0.827039627039627,0.7944055944055944,0.8606060606060606,0.558961038961039,0.5216956006956007,0.5974249222999224,0.5949319397130153,0.5617289087714861,0.629025704462008,0.47365967365967365,0.42983682983682986,0.5174825174825175,0.7696969696969698,0.7333333333333334,0.805128205128205,0.7692307692307693,0.737995337995338,0.7986013986013987,0.7393939393939395,0.7020979020979021,0.7766899766899767,0.0004662004662004662,0.0,0.0013986013986013988,0.02237762237762238,0.01585081585081585,0.029370629370629373,0.21864801864801867,0.1902097902097902,0.24895104895104897
"wsum(bm25_stem,dense:bge-m3;w=0.3|0.7)",native_model,tier,10,hard,429,0.4540792540792541,0.4074592074592075,0.5006993006993007,0.7170163170163171,0.6745920745920747,0.758974358974359,0.6221661671661671,0.588207426832427,0.6556349345099344,0.2671328671328671,0.22657342657342658,0.3086247086247086,0.5393939393939394,0.4923076923076923,0.5864801864801865,0.6783216783216783,0.6344988344988345,0.7226107226107226,0.3880874680874681,0.3512078060828061,0.42626728826728827,0.42555141946192115,0.3912872710465416,0.46083007078082383,0.29044289044289046,0.24801864801864804,0.3328671328671329,0.5743589743589743,0.5268065268065268,0.6209790209790209,0.5836829836829837,0.5375174825174827,0.6293706293706294,0.5972027972027972,0.551048951048951,0.6442890442890442,0.0,0.0,0.008874978915283301,0.3058275058275058,0.2629370629370629,0.3491841491841492,0.2400932400932401,0.2020942363932561,0.2827055778214483
"wsum(bm25_stem,dense:bge-m3;w=0.3|0.7)",native_model,tier,10,random,429,0.6331002331002331,0.5944055944055944,0.6704079254079253,0.8741258741258742,0.8484848484848485,0.8979020979020979,0.7654867354867355,0.7381982785732786,0.7911584757834758,0.372960372960373,0.33053613053613057,0.4163170163170163,0.6573426573426573,0.6158508158508158,0.6993006993006993,0.7603729603729603,0.7235431235431234,0.7981351981351981,0.4943099493099493,0.45649646187146187,0.5333453490953491,0.5279222130320987,0.49261006376215455,0.5638919901441956,0.4083916083916084,0.365034965034965,0.4512820512820513,0.6918414918414917,0.6517365967365968,0.7324009324009324,0.6512820512820512,0.6130536130536131,0.6881118881118881,0.6648018648018648,0.6242424242424242,0.7058275058275059,0.0004662004662004662,0.0,0.0013986013986013988,0.0331002331002331,0.023776223776223775,0.042890442890442894,0.3333333333333333,0.296969696969697,0.3706293706293706
"wsum(bm25_stem,dense:bge-m3;w=0.3|0.7)",native_model,tier,20,hard,429,0.3752913752913753,0.3307698383385157,0.42202648507392104,0.5972027972027972,0.5505827505827505,0.6438228438228438,0.5293806182791656,0.49284884196194517,0.5657094663542276,0.23076923076923078,0.19339497932913913,0.27292231700985964,0.45454545454545453,0.40803862143315867,0.5018591039227763,0.5710955710955711,0.5238353857991547,0.617093813003101,0.3300974950974951,0.29260132460132465,0.36825247900247904,0.35815868492558894,0.32205492817777776,0.3939549964557773,0.2494172494172494,0.21081941463386683,0.29246291745654324,0.48484848484848486,0.4379008408916916,0.5320650675602867,0.48484848484848486,0.4379008408916916,0.5320650675602867,0.5361305361305362,0.48882837123593204,0.5827913855324276,0.0,0.0,0.008874978915283301,0.2191142191142191,0.182559008912548,0.2606551400818186,0.40559440559440557,0.3601683449544227,0.4526961615540574
"wsum(bm25_stem,dense:bge-m3;w=0.3|0.7)",native_model,tier,20,random,429,0.5361305361305362,0.4955710955710956,0.5762237762237762,0.7403263403263404,0.7020979020979022,0.7766899766899766,0.6674913742046611,0.6351041673943771,0.6991210482731463,0.3282051282051282,0.28717948717948716,0.36969696969696975,0.5631701631701631,0.5193473193473194,0.606993006993007,0.6703962703962705,0.6293706293706294,0.7123543123543122,0.43008787508787505,0.39157953157953157,0.46963301975801974,0.45659655623154005,0.4203941940824343,0.49352486309357985,0.3543123543123543,0.3123543123543124,0.39580419580419585,0.5995337995337995,0.5561771561771561,0.6429020979020978,0.5627039627039626,0.5226107226107226,0.6023310023310022,0.5762237762237763,0.5328671328671328,0.6195804195804197,0.0,0.0,0.008874978915283301,0.04428904428904429,0.03263403263403263,0.05687645687645687,0.4195804195804196,0.38087412587412595,0.4592074592074592
"wsum(bm25_stem,dense:bge-m3;w=0.3|0.7)",native_model,tier,50,hard,429,0.32867132867132864,0.28591382560565143,0.37446990842825684,0.5058275058275058,0.45867540455584715,0.5528761691164689,0.45942052137847295,0.42159217984719843,0.4969991916149135,0.21212121212121213,0.17607864865266656,0.2532736119349208,0.38927738927738925,0.34431543586970187,0.4362046643562933,0.47785547785547783,0.43099426631567495,0.5251097537295242,0.29073704073704076,0.25333435083435085,0.32771309708809704,0.3077148327001591,0.27154335561755266,0.34380097997748776,0.2261072261072261,0.1890554028386151,0.2680206345625308,0.4172494172494173,0.3715240458505137,0.46444360800259865,0.41025641025641024,0.3647074320412226,0.4573983334051104,0.4592074592074592,0.4126215683033422,0.5065174159904456,0.0,0.0,0.008874978915283301,0.1585081585081585,0.12699964540480516,0.19607813739747457,0.5128205128205128,0.4656185272690394,0.5597949348100557
"wsum(bm25_stem,dense:bge-m3;w=0.3|0.7)",native_model,tier,50,random,429,0.40466200466200464,0.36270396270396277,0.44568764568764574,0.5972027972027972,0.5533799533799534,0.64009324009324,0.5360077095196336,0.4996539836559498,0.5717985797222619,0.25594405594405595,0.2172494172494173,0.2941724941724942,0.45641025641025645,0.4116550116550116,0.5016317016317016,0.5445221445221445,0.49930069930069926,0.5902097902097901,0.34406278906278914,0.3061081372331372,0.3825734635734635,0.3625218345695624,0.3258285113173079,0.39950390501587696,0.27505827505827507,0.23589743589743586,0.31375291375291375,0.48997668997668997,0.4447552447552447,0.5347319347319347,0.4461538461538461,0.4041958041958042,0.48717948717948717,0.4853146853146853,0.441025641025641,0.5305361305361305,0.0004662004662004662,0.0,0.0013986013986013988,0.07459207459207459,0.05827505827505827,0.09184149184149186,0.5202797202797202,0.4797202797202797,0.5622377622377622
"wsum(bm25_stem,dense:bge-m3;w=0.3|0.7)",native_model,tier,100,hard,429,0.29603729603729606,0.25480311919230547,0.34089180227663307,0.45454545454545453,0.40803862143315867,0.5018591039227763,0.410025931677887,0.37116182167482903,0.448516194379338,0.1888111888111888,0.15460092862244895,0.22854503727587422,0.3543123543123543,0.31052710752019247,0.4006835506719065,0.43123543123543123,0.3851857619183915,0.47850566874827927,0.2637649387649388,0.22720656658156657,0.3004680273430273,0.2785239437014472,0.2432300973813512,0.31407965369136004,0.20745920745920746,0.17176759478127596,0.24834340686845857,0.3752913752913753,0.3307698383385157,0.42202648507392104,0.3613053613053613,0.3172644390216624,0.4078081075772158,0.4219114219114219,0.3760737466631962,0.4691351661277688,0.0,0.0,0.008874978915283301,0.11888111888111888,0.09158650379444534,0.15294057803608527,0.585081585081585,0.5379037560078693,0.6307492196079448
"wsum(bm25_stem,dense:bge-m3;w=0.3|0.7)",native_model,tier,100,random,429,0.32494172494172496,0.282983682983683,0.36596736596736595,0.4993006993006993,0.4540792540792541,0.5449999999999998,0.44804430327051087,0.41013726802247347,0.48500235623655175,0.20792540792540792,0.17156177156177155,0.24475524475524477,0.3883449883449884,0.3431235431235431,0.4331002331002331,0.46713286713286706,0.42144522144522145,0.5132867132867133,0.28644263144263143,0.249766761016761,0.3230411625411625,0.304788663043845,0.2692497584200029,0.3407869632531632,0.2251748251748252,0.18741258741258743,0.26247086247086243,0.4163170163170164,0.3701631701631702,0.46153846153846156,0.37995337995337997,0.337995337995338,0.4219114219114219,0.43496503496503497,0.39020979020979024,0.47972027972027975,0.0,0.0,0.008874978915283301,0.0979020979020979,0.07644522144522153,0.12167832167832168,0.5771561771561772,0.5342657342657342,0.6209790209790209
"wsum(bm25_stem,dense:bge-m3;w=0.3|0.7)",native_model,tier,165,hard,429,0.2727272727272727,0.2327396130641085,0.31674901371556574,0.43123543123543123,0.3851857619183915,0.47850566874827927,0.3870983220172133,0.348758096794632,0.42491688894142216,0.1794871794871795,0.14606709697796386,0.21859635104465366,0.34032634032634035,0.297083847081787,0.38640303429675354,0.4125874125874126,0.36697857491734737,0.4597478199979121,0.2503422503422503,0.21416729104229104,0.2865071965071965,0.26556646665452377,0.2306002063162997,0.30061743141521063,0.19347319347319347,0.15888055737748563,0.23350666745869036,0.36596736596736595,0.32176171606421106,0.4125520894725199,0.3356643356643357,0.292612224498145,0.38163339794254264,0.40093240093240096,0.3556335417055815,0.44798970586504594,0.0,0.0,0.008874978915283301,0.10955710955710955,0.08339458863052511,0.14264997532429988,0.6177156177156177,0.5708794550500169,0.6624623331307671
"wsum(bm25_stem,dense:bge-m3;w=0.3|0.7)",native_model,tier,165,random,429,0.2727272727272727,0.2327396130641085,0.31674901371556574,0.43123543123543123,0.3851857619183915,0.47850566874827927,0.3870983220172133,0.348758096794632,0.42491688894142216,0.1794871794871795,0.14606709697796386,0.21859635104465366,0.34032634032634035,0.297083847081787,0.38640303429675354,0.4125874125874126,0.36697857491734737,0.4597478199979121,0.2503422503422503,0.21416729104229104,0.2865071965071965,0.26556646665452377,0.2306002063162997,0.30061743141521063,0.19347319347319347,0.15888055737748563,0.23350666745869036,0.36596736596736595,0.32176171606421106,0.4125520894725199,0.3356643356643357,0.292612224498145,0.38163339794254264,0.40093240093240096,0.3556335417055815,0.44798970586504594,0.0,0.0,0.008874978915283301,0.10955710955710955,0.08339458863052511,0.14264997532429988,0.6177156177156177,0.5708794550500169,0.6624623331307671
"wsum(bm25_stem,dense:bge-m3;w=0.3|0.7)",native_model,vehicle,0,,429,0.993006993006993,0.979644178363432,0.9976189543145055,1.0,0.9911250210847168,1.0,0.9965034965034965,0.9918414918414918,1.0,0.5268065268065268,0.4795322095205663,0.5736050293720876,0.8554778554778555,0.81904814859485,0.8855978454164288,0.9090909090909091,0.8781353183380667,0.9327851534585196,0.6615477115477115,0.6255176305176305,0.6984763384763386,0.6964657366086621,0.6652213162149183,0.7287752529189234,0.5804195804195804,0.5332100854368002,0.6262016312411612,0.8881118881118881,0.8547715223678662,0.9145632842083824,0.993006993006993,0.979644178363432,0.9976189543145055,0.8554778554778555,0.81904814859485,0.8855978454164288,0.006993006993006993,0.0023810456854944425,0.020355821636568114,0.0,0.0,0.008874978915283301,0.0,0.0,0.008874978915283301
"wsum(bm25_stem,dense:bge-m3;w=0.3|0.7)",native_plain,global,0,,429,0.18414918414918416,0.1503296942794218,0.22357501268104854,0.32167832167832167,0.2792264219690699,0.36729542365805923,0.2964647140191075,0.2634391320108908,0.331391314320808,0.14685314685314685,0.11649485329383594,0.1834797821638117,0.289044289044289,0.24816967005047474,0.3336633630116844,0.372960372960373,0.328516122749774,0.41965957119373637,0.21178451178451177,0.17835851648351647,0.24567663817663815,0.2308003745836136,0.19850960956669642,0.26334484526197754,0.1445221445221445,0.11440215458357111,0.18095185140515008,0.3076923076923077,0.2658853472608117,0.3529127215527589,0.26107226107226106,0.2217608680442633,0.3046246113907789,0.351981351981352,0.30828363904162037,0.3983063896815522,0.002331002331002331,0.0004115977258030276,0.01308401065840669,0.10955710955710955,0.08339458863052511,0.14264997532429988,0.703962703962704,0.659108197723367,0.7451968808076948
"wsum(bm25_stem,dense:bge-m3;w=0.3|0.7)",native_plain,manual,0,,429,1.0,0.9911250210847168,1.0,1.0,0.9911250210847168,1.0,1.0,0.9911250210847168,1.0,0.5920745920745921,0.5449522184829876,0.637562645539606,0.8857808857808858,0.8521969892630238,0.9125171878442985,0.9393939393939394,0.9126801685446924,0.9583084863479376,0.7145530395530394,0.679180611055611,0.7488215719465718,0.7465753616129115,0.7158944049883289,0.7762193389444544,0.6666666666666666,0.6207532210245654,0.7096217860036733,0.9114219114219114,0.8807552340647755,0.9347858672007374,1.0,0.9911250210847168,1.0,0.8857808857808858,0.8521969892630238,0.9125171878442985,0.0,0.0,0.008874978915283301,0.0,0.0,0.008874978915283301,0.0,0.0,0.008874978915283301
"wsum(bm25_stem,dense:bge-m3;w=0.3|0.7)",native_plain,tier,1,hard,429,1.0,0.9911250210847168,1.0,1.0,0.9911250210847168,1.0,1.0,0.9911250210847168,1.0,0.5920745920745921,0.5449522184829876,0.637562645539606,0.8857808857808858,0.8521969892630238,0.9125171878442985,0.9393939393939394,0.9126801685446924,0.9583084863479376,0.7145530395530394,0.679180611055611,0.7488215719465718,0.7465753616129115,0.7158944049883289,0.7762193389444544,0.6666666666666666,0.6207532210245654,0.7096217860036733,0.9114219114219114,0.8807552340647755,0.9347858672007374,1.0,0.9911250210847168,1.0,0.8857808857808858,0.8521969892630238,0.9125171878442985,0.0,0.0,0.008874978915283301,0.0,0.0,0.008874978915283301,0.0,0.0,0.008874978915283301
"wsum(bm25_stem,dense:bge-m3;w=0.3|0.7)",native_plain,tier,1,random,429,1.0,0.9911250210847168,1.0,1.0,0.9911250210847168,1.0,1.0,0.9911250210847168,1.0,0.5920745920745921,0.5449522184829876,0.637562645539606,0.8857808857808858,0.8521969892630238,0.9125171878442985,0.9393939393939394,0.9126801685446924,0.9583084863479376,0.7145530395530394,0.679180611055611,0.7488215719465718,0.7465753616129115,0.7158944049883289,0.7762193389444544,0.6666666666666666,0.6207532210245654,0.7096217860036733,0.9114219114219114,0.8807552340647755,0.9347858672007374,1.0,0.9911250210847168,1.0,0.8857808857808858,0.8521969892630238,0.9125171878442985,0.0,0.0,0.008874978915283301,0.0,0.0,0.008874978915283301,0.0,0.0,0.008874978915283301
"wsum(bm25_stem,dense:bge-m3;w=0.3|0.7)",native_plain,tier,2,hard,429,0.8088578088578089,0.7794871794871794,0.8377622377622377,1.0,0.9911250210847168,1.0,0.9044289044289044,0.8897435897435898,0.9188811188811189,0.4797202797202797,0.43543123543123546,0.5235431235431235,0.8251748251748252,0.7902097902097902,0.8587412587412587,0.8979020979020979,0.8694638694638694,0.924941724941725,0.622995522995523,0.5874837384837385,0.6578412235912235,0.6646116954888442,0.632893282526286,0.6958955022182465,0.5337995337995338,0.48997668997669,0.5766899766899767,0.8615384615384616,0.8303030303030304,0.8918414918414919,0.8536130536130536,0.8265734265734266,0.8801864801864803,0.8317016317016317,0.7976689976689977,0.8648018648018648,0.0032634032634032634,0.0,0.007459207459207459,0.17389277389277388,0.1463869463869464,0.20186480186480188,0.013986013986013986,0.006425260419529346,0.030173495309312466
"wsum(bm25_stem,dense:bge-m3;w=0.3|0.7)",native_plain,tier,2,random,429,0.8815850815850815,0.8620046620046621,0.9002447552447551,1.0,0.9911250210847168,1.0,0.9407925407925408,0.9310023310023311,0.9501223776223776,0.5282051282051282,0.48390442890442903,0.5715617715617716,0.8377622377622377,0.8055944055944056,0.8689976689976691,0.9053613053613053,0.8792540792540793,0.9300699300699301,0.657057942057942,0.6221394531394532,0.6915351454101453,0.6931646869303478,0.662447383005129,0.7236250170947185,0.5911421911421912,0.5482517482517483,0.634032634032634,0.8596736596736598,0.8298368298368298,0.8885780885780887,0.8843822843822845,0.8648018648018648,0.9034965034965035,0.8386946386946387,0.8065268065268065,0.86993006993007,0.0004662004662004662,0.0,0.0013986013986013988,0.006993006993006993,0.0037296037296037296,0.010722610722610722,0.11095571095571094,0.09230769230769233,0.13006993006993006
"wsum(bm25_stem,dense:bge-m3;w=0.3|0.7)",native_plain,tier,5,hard,429,0.5445221445221445,0.49976689976689975,0.5883449883449884,0.9020979020979021,0.8750466200466201,0.9272727272727271,0.7244677544677545,0.6959438616938617,0.7519271561771561,0.3421911421911422,0.29883449883449886,0.3864801864801865,0.6913752913752914,0.6484848484848484,0.7337995337995338,0.7999999999999999,0.7622377622377622,0.8363636363636364,0.4834015984015984,0.44657391219891224,0.5216651959151959,0.5297934411378582,0.49549803894864314,0.5640217173093757,0.3668997668997669,0.3235431235431236,0.4111888111888111,0.7282051282051283,0.6862470862470862,0.7692307692307693,0.6783216783216783,0.6368298368298368,0.7193473193473194,0.7272727272727273,0.6857808857808859,0.7682983682983684,0.004662004662004662,0.0012794222258141726,0.016836815627321967,0.3552447552447552,0.3137529137529138,0.39813519813519815,0.09557109557109557,0.07123169987886814,0.12708908726239831
"wsum(bm25_stem,dense:bge-m3;w=0.3|0.7)",native_plain,tier,5,random,429,0.7067599067599066,0.6741258741258741,0.7380069930069928,0.9501165501165502,0.9342657342657343,0.9641025641025641,0.8265034965034965,0.8055163170163171,0.8467226107226107,0.43869463869463865,0.3967365967365967,0.4806526806526807,0.7407925407925406,0.7034965034965035,0.778088578088578,0.8214452214452214,0.786946386946387,0.8545454545454546,0.5646127946127947,0.5284215691715692,0.6012311901061901,0.5996468909759233,0.5658077699735844,0.633677057965796,0.48671328671328673,0.4456876456876457,0.528216783216783,0.7673659673659673,0.7305361305361305,0.8037296037296038,0.7198135198135198,0.6871794871794872,0.7515268065268064,0.7454545454545456,0.7081585081585082,0.7822843822843824,0.0004662004662004662,0.0,0.0013986013986013988,0.02703962703962704,0.020046620046620046,0.03449883449883451,0.26573426573426573,0.2344988344988345,0.29743589743589743
"wsum(bm25_stem,dense:bge-m3;w=0.3|0.7)",native_plain,tier,10,hard,429,0.36596736596736595,0.3212121212121212,0.4111888111888112,0.6643356643356644,0.6191142191142192,0.7090909090909091,0.5580053280053281,0.5246173918673919,0.5907106042106042,0.2536130536130536,0.21305361305361306,0.29603729603729606,0.5296037296037296,0.48298368298368294,0.5776223776223776,0.6652680652680653,0.6209790209790209,0.7095571095571095,0.3718059718059718,0.33468103193103194,0.41009160746660744,0.4131264941793707,0.37778704289971304,0.44845237957963896,0.2629370629370629,0.22191142191142188,0.303962703962704,0.5715617715617716,0.5249417249417249,0.6181818181818183,0.5137529137529138,0.4675990675990676,0.5608391608391609,0.5981351981351982,0.5505827505827505,0.6438228438228438,0.002331002331002331,0.0004115977258030276,0.01308401065840669,0.32167832167832167,0.27878787878787875,0.3655011655011655,0.31002331002331,0.26810568730040213,0.35531301098209483
"wsum(bm25_stem,dense:bge-m3;w=0.3|0.7)",native_plain,tier,10,random,429,0.5682983682983683,0.5310023310023311,0.6055944055944056,0.84009324009324,0.8116550116550116,0.8671328671328671,0.7164935064935065,0.6893643116143117,0.7436846301846302,0.3673659673659673,0.3268065268065268,0.4084032634032633,0.6638694638694638,0.6242307692307693,0.703962703962704,0.7575757575757576,0.7198135198135199,0.7948717948717948,0.4886119436119436,0.4520587606837607,0.5260396409146408,0.5237743418782336,0.4890568439133464,0.5584297667851966,0.4018648018648019,0.3617715617715617,0.4428904428904429,0.696969696969697,0.6578088578088578,0.7365967365967366,0.5888111888111889,0.5515151515151515,0.6261072261072261,0.6741258741258741,0.6344988344988346,0.7132867132867133,0.0004662004662004662,0.0,0.0013986013986013988,0.037296037296037296,0.027972027972027975,0.04708624708624709,0.3939393939393939,0.35664335664335667,0.43123543123543123
"wsum(bm25_stem,dense:bge-m3;w=0.3|0.7)",native_plain,tier,20,hard,429,0.2867132867132867,0.24596122296347245,0.33125118062976033,0.5272727272727272,0.48065268065268063,0.5743589743589743,0.45202427355028624,0.41707685958166457,0.4869954596244784,0.1958041958041958,0.16102344783933376,0.23598440646576868,0.43636363636363634,0.3897435897435897,0.4834498834498835,0.5505827505827505,0.5034965034965035,0.5972027972027972,0.29992858992858995,0.26427540052540055,0.33671434121434124,0.33497974285253923,0.30039522556988607,0.37006748782538035,0.20279720279720279,0.16746409903701423,0.24340564367486742,0.4643356643356643,0.4177156177156177,0.5114219114219114,0.40093240093240096,0.3556335417055815,0.44798970586504594,0.5268065268065268,0.47972027972027975,0.5739044289044286,0.002331002331002331,0.0004115977258030276,0.01308401065840669,0.20046620046620048,0.16531524471865544,0.24093386852429988,0.5104895104895105,0.4633031377727509,0.5574896948374181
"wsum(bm25_stem,dense:bge-m3;w=0.3|0.7)",native_plain,tier,20,random,429,0.4494172494172494,0.40932400932400936,0.48997668997669,0.6806526806526807,0.6414918414918416,0.7188811188811188,0.600295222891891,0.5677442653928411,0.6336294258079018,0.29743589743589743,0.25874125874125875,0.3370629370629371,0.5459207459207459,0.503030303030303,0.5897435897435898,0.6731934731934731,0.6321678321678321,0.7146853146853147,0.4068252118252118,0.3700800495800496,0.44427355514855515,0.44087992320269165,0.40561898817306025,0.47651172372426054,0.3184149184149184,0.2792540792540793,0.35804195804195804,0.5897435897435898,0.5473193473193474,0.6321678321678322,0.4750582750582751,0.4344988344988346,0.516083916083916,0.5636363636363637,0.5212004662004663,0.6065384615384615,0.0004662004662004662,0.0,0.0013986013986013988,0.047086247086247084,0.035897435897435895,0.059207459207459213,0.503030303030303,0.46293706293706294,0.5435897435897435
"wsum(bm25_stem,dense:bge-m3;w=0.3|0.7)",native_plain,tier,50,hard,429,0.23076923076923078,0.19339497932913913,0.27292231700985964,0.4125874125874126,0.36697857491734737,0.4597478199979121,0.36574888142049033,0.3310737276378254,0.40132142393341574,0.17016317016317017,0.13756886444642238,0.20861206570048949,0.3473193473193473,0.30380019593569085,0.3935485738496288,0.43123543123543123,0.3851857619183915,0.47850566874827927,0.24500222000222,0.21041453916453917,0.28040015540015534,0.26658552754204456,0.23302704012445355,0.30065936512362956,0.17249417249417248,0.13968996546024467,0.21111159415559358,0.3752913752913753,0.3307698383385157,0.42202648507392104,0.32167832167832167,0.2792264219690699,0.36729542365805923,0.4149184149184149,0.36925078039205517,0.4620962439921307,0.002331002331002331,0.0004115977258030276,0.01308401065840669,0.13286713286713286,0.10398303511830914,0.16826782352578,0.634032634032634,0.58744791052748,0.6782382839357889
"wsum(bm25_stem,dense:bge-m3;w=0.3|0.7)",native_plain,tier,50,random,429,0.31934731934731936,0.28157342657342666,0.35850815850815854,0.524009324009324,0.4792540792540793,0.5678438228438226,0.45967275825737375,0.424683481751821,0.49541755180473673,0.22144522144522144,0.18554778554778553,0.2578088578088578,0.42377622377622376,0.37995337995337997,0.46853146853146854,0.5272727272727272,0.48298368298368294,0.5724941724941724,0.31114015614015617,0.27562164687164686,0.34819152606652604,0.3364979995289047,0.30200212632171025,0.3721094876008333,0.23030303030303034,0.1943939393939395,0.26666666666666666,0.4536130536130536,0.4097902097902098,0.4983682983682984,0.36223776223776233,0.32307692307692304,0.40326340326340326,0.45547785547785546,0.4116550116550117,0.49976689976689975,0.0,0.0,0.008874978915283301,0.07272727272727274,0.05687645687645688,0.08951048951048952,0.607925407925408,0.5673543123543124,0.6484848484848483
"wsum(bm25_stem,dense:bge-m3;w=0.3|0.7)",native_plain,tier,100,hard,429,0.1864801864801865,0.15246424733964914,0.22606108908974765,0.337995337995338,0.29484743754889503,0.384018814360719,0.3060376451924746,0.27294203068563316,0.3409485789729189,0.14918414918414918,0.11859037476737491,0.18600489015919916,0.29836829836829837,0.25701694047141865,0.3432986104664463,0.38694638694638694,0.3420550813163108,0.433844389440758,0.21710049210049212,0.18359161671661675,0.2513681226181226,0.23778968380937843,0.20521877154433385,0.27049083216612657,0.14685314685314685,0.11649485329383594,0.1834797821638117,0.31934731934731936,0.27699976216776945,0.3649014539904333,0.2680652680652681,0.22834374046753936,0.3119036273742821,0.36596736596736595,0.32176171606421106,0.4125520894725199,0.002331002331002331,0.0004115977258030276,0.01308401065840669,0.11188811188811189,0.0854367157916176,0.1452284776321338,0.6993006993006993,0.654295902117255,0.7407679174759538
"wsum(bm25_stem,dense:bge-m3;w=0.3|0.7)",native_plain,tier,100,random,429,0.22703962703962705,0.19114219114219114,0.26341491841491826,0.41025641025641024,0.36596736596736595,0.45501165501165497,0.35797101912762824,0.32397187818448897,0.3928229422483428,0.17062937062937064,0.13799533799533797,0.20466200466200468,0.34265734265734266,0.29976689976689974,0.386013986013986,0.4321678321678321,0.3874125874125874,0.47785547785547783,0.24602582602582604,0.21180251230251232,0.28101057276057273,0.2678867534197267,0.23425440949624,0.30176340046396627,0.17202797202797201,0.13939393939393938,0.2055944055944056,0.37482517482517486,0.331002331002331,0.4195804195804196,0.29090909090909095,0.2526806526806527,0.331002331002331,0.3911421911421912,0.34825174825174826,0.43543123543123546,0.0013986013986013986,0.0,0.004195804195804196,0.0965034965034965,0.07412587412587414,0.1202797202797203,0.675058275058275,0.634032634032634,0.7142191142191142
"wsum(bm25_stem,dense:bge-m3;w=0.3|0.7)",native_plain,tier,165,hard,429,0.18414918414918416,0.1503296942794218,0.22357501268104854,0.32167832167832167,0.2792264219690699,0.36729542365805923,0.2964647140191075,0.2634391320108908,0.331391314320808,0.14685314685314685,0.11649485329383594,0.1834797821638117,0.289044289044289,0.24816967005047474,0.3336633630116844,0.372960372960373,0.328516122749774,0.41965957119373637,0.21178451178451177,0.17835851648351647,0.24567663817663815,0.2308003745836136,0.19850960956669644,0.26334484526197754,0.1445221445221445,0.11440215458357111,0.18095185140515008,0.3076923076923077,0.2658853472608117,0.3529127215527589,0.26107226107226106,0.2217608680442633,0.3046246113907789,0.351981351981352,0.30828363904162037,0.3983063896815522,0.002331002331002331,0.0004115977258030276,0.01308401065840669,0.10955710955710955,0.08339458863052511,0.14264997532429988,0.703962703962704,0.659108197723367,0.7451968808076948
"wsum(bm25_stem,dense:bge-m3;w=0.3|0.7)",native_plain,tier,165,random,429,0.18414918414918416,0.1503296942794218,0.22357501268104854,0.32167832167832167,0.2792264219690699,0.36729542365805923,0.2964647140191075,0.2634391320108908,0.331391314320808,0.14685314685314685,0.11649485329383594,0.1834797821638117,0.289044289044289,0.24816967005047474,0.3336633630116844,0.372960372960373,0.328516122749774,0.41965957119373637,0.21178451178451177,0.17835851648351647,0.24567663817663815,0.2308003745836136,0.19850960956669644,0.26334484526197754,0.1445221445221445,0.11440215458357111,0.18095185140515008,0.3076923076923077,0.2658853472608117,0.3529127215527589,0.26107226107226106,0.2217608680442633,0.3046246113907789,0.351981351981352,0.30828363904162037,0.3983063896815522,0.002331002331002331,0.0004115977258030276,0.01308401065840669,0.10955710955710955,0.08339458863052511,0.14264997532429988,0.703962703962704,0.659108197723367,0.7451968808076948
"wsum(bm25_stem,dense:bge-m3;w=0.3|0.7)",native_plain,vehicle,0,,429,0.993006993006993,0.979644178363432,0.9976189543145055,1.0,0.9911250210847168,1.0,0.9965034965034965,0.9918414918414918,1.0,0.5874125874125874,0.540252180002088,0.6330214250826528,0.8857808857808858,0.8521969892630238,0.9125171878442985,0.9393939393939394,0.9126801685446924,0.9583084863479376,0.7116392866392866,0.6764057470307471,0.7457609520109519,0.7433089601403301,0.7127709324745296,0.7729764423541694,0.662004662004662,0.6159811856392811,0.7051525624511051,0.9114219114219114,0.8807552340647755,0.9347858672007374,0.993006993006993,0.979644178363432,0.9976189543145055,0.8857808857808858,0.8521969892630238,0.9125171878442985,0.006993006993006993,0.0023810456854944425,0.020355821636568114,0.0,0.0,0.008874978915283301,0.0,0.0,0.008874978915283301
