retriever,variant,scope,n_manuals,strategy,n_questions,doc_hit@1,doc_hit@1_lo,doc_hit@1_hi,doc_hit@3,doc_hit@3_lo,doc_hit@3_hi,doc_rr,doc_rr_lo,doc_rr_hi,chunk_hit@1,chunk_hit@1_lo,chunk_hit@1_hi,chunk_hit@5,chunk_hit@5_lo,chunk_hit@5_hi,chunk_hit@10,chunk_hit@10_lo,chunk_hit@10_hi,chunk_rr@10,chunk_rr@10_lo,chunk_rr@10_hi,ndcg@10,ndcg@10_lo,ndcg@10_hi,page_hit@1,page_hit@1_lo,page_hit@1_hi,page_hit@5,page_hit@5_lo,page_hit@5_hi,doc_hit@1_lenient,doc_hit@1_lenient_lo,doc_hit@1_lenient_hi,chunk_hit@5_lenient,chunk_hit@5_lenient_lo,chunk_hit@5_lenient_hi,confusion_same_vehicle,confusion_same_vehicle_lo,confusion_same_vehicle_hi,confusion_same_brand,confusion_same_brand_lo,confusion_same_brand_hi,confusion_other_brand,confusion_other_brand_lo,confusion_other_brand_hi
bm25,cross_plain,global,0,,429,0.002331002331002331,0.0004115977258030276,0.01308401065840669,0.02097902097902098,0.011075609774604337,0.03938503436101673,0.017618003092953447,0.010506730342698146,0.02611840902436794,0.002331002331002331,0.0004115977258030276,0.01308401065840669,0.011655011655011656,0.004988317064839966,0.02698980919507543,0.02097902097902098,0.011075609774604337,0.03938503436101673,0.007226107226107226,0.0021367521367521365,0.014005439005439005,0.0098476943726731,0.0037093897878890825,0.017673888417782824,0.002331002331002331,0.0004115977258030276,0.01308401065840669,0.016317016317016316,0.007925949993377536,0.033293435204390695,0.009324009324009324,0.003631730272433362,0.02372576651855561,0.013986013986013986,0.006425260419529346,0.030173495309312466,0.0,0.0,0.008874978915283301,0.08391608391608392,0.061229036364260206,0.11398860343237417,0.9137529137529138,0.8833805292430232,0.9367812014914161
bm25,cross_plain,vehicle,0,,429,0.958041958041958,0.9346564498719995,0.9732972407720418,0.9953379953379954,0.9831631843726782,0.9987205777741859,0.9766899766899767,0.965034965034965,0.9871794871794872,0.10023310023310024,0.07526803680326964,0.13229400927584967,0.23543123543123542,0.19774130310029622,0.2778172521765553,0.3006993006993007,0.25923208252404617,0.34570409788274514,0.15633625633625634,0.12784595034595034,0.18625111000111,0.183304866483819,0.15384676822868001,0.21453196356403517,0.17016317016317017,0.13756886444642238,0.20861206570048949,0.3006993006993007,0.25923208252404617,0.34570409788274514,0.958041958041958,0.9346564498719995,0.9732972407720418,0.23543123543123542,0.19774130310029622,0.2778172521765553,0.04195804195804196,0.026702759227958207,0.06534355012800064,0.0,0.0,0.008874978915283301,0.0,0.0,0.008874978915283301
bm25,native_full,global,0,,429,0.3916083916083916,0.3465768838450283,0.43856384584989333,0.5757575757575758,0.5285206349290437,0.621649822811065,0.519669958899331,0.48111978912155823,0.5578659552046947,0.13752913752913754,0.10814156390225921,0.17335055367968277,0.3006993006993007,0.25923208252404617,0.34570409788274514,0.38694638694638694,0.3420550813163108,0.433844389440758,0.20593110593110595,0.1743232461982462,0.2390473646723647,0.23080863910070806,0.1993224159488213,0.26367590209060915,0.15151515151515152,0.12068866537884795,0.18852722901665256,0.358974358974359,0.3150175124980972,0.40543440463185465,0.48484848484848486,0.4379008408916916,0.5320650675602867,0.337995337995338,0.29484743754889503,0.384018814360719,0.006993006993006993,0.0023810456854944425,0.020355821636568114,0.19813519813519814,0.16316835243124767,0.2384601313427812,0.40326340326340326,0.35790040638671894,0.45034347065283475
bm25,native_full,vehicle,0,,429,0.9790209790209791,0.9606149656389833,0.9889243902253957,1.0,0.9911250210847168,1.0,0.9895104895104895,0.9825174825174825,0.9953379953379954,0.32400932400932403,0.28145432374835505,0.36968815134770056,0.6153846153846154,0.5685169824715341,0.6602041762403237,0.7645687645687645,0.7221827478234447,0.8022586968997037,0.45575258075258074,0.41868920431420426,0.49533510471010467,0.5067466081031794,0.4720797919969314,0.5423631902009896,0.3962703962703963,0.3511030462271284,0.44327894240564614,0.6783216783216783,0.6327045763419409,0.7207735780309302,0.9790209790209791,0.9606149656389833,0.9889243902253957,0.6153846153846154,0.5685169824715341,0.6602041762403237,0.02097902097902098,0.011075609774604337,0.03938503436101673,0.0,0.0,0.008874978915283301,0.0,0.0,0.008874978915283301
bm25,native_model,global,0,,429,0.2634032634032634,0.22395368452166273,0.307052424382306,0.4172494172494173,0.3715240458505137,0.46444360800259865,0.38656917157350607,0.34985305233023833,0.42395049944725577,0.1282051282051282,0.09983728393418664,0.16317231577204963,0.2913752913752914,0.25037947476977646,0.3360741877613092,0.351981351981352,0.30828363904162037,0.3983063896815522,0.194003219003219,0.16257617382617387,0.2266526529026529,0.21640028266664663,0.18482859835298512,0.24938609044039517,0.14219114219114218,0.11231233438820752,0.17842104213158727,0.32400932400932403,0.28145432374835505,0.36968815134770056,0.32867132867132864,0.28591382560565143,0.37446990842825684,0.331002331002331,0.2881454122494534,0.37685895125338137,0.004662004662004662,0.0012794222258141726,0.016836815627321967,0.10722610722610723,0.08135653945867186,0.1400673950272267,0.6247086247086248,0.5779735149260791,0.6692301616614845
bm25,native_model,vehicle,0,,429,0.9883449883449883,0.9730101908049245,0.9950116829351601,1.0,0.9911250210847168,1.0,0.9941724941724942,0.9883449883449883,0.9988344988344988,0.40093240093240096,0.3556335417055815,0.44798970586504594,0.7319347319347319,0.6880963726257179,0.7716562595324608,0.8391608391608392,0.8014101028399805,0.8708914848888134,0.5368483368483369,0.49945256132756133,0.5758967652717653,0.5887444054807072,0.5547738634408351,0.6240667711995556,0.46853146853146854,0.4217997511405959,0.5158217510288975,0.7902097902097902,0.7491905573487949,0.8260778115325442,0.9883449883449883,0.9730101908049245,0.9950116829351601,0.7319347319347319,0.6880963726257179,0.7716562595324608,0.011655011655011656,0.004988317064839966,0.02698980919507543,0.0,0.0,0.008874978915283301,0.0,0.0,0.008874978915283301
bm25,native_plain,global,0,,429,0.17715617715617715,0.1439391173214467,0.21610370123224437,0.3006993006993007,0.25923208252404617,0.34570409788274514,0.2857105659180964,0.2522523279775072,0.32036395977105814,0.11888111888111888,0.09158650379444534,0.15294057803608527,0.26573426573426573,0.22614797943492934,0.3094787589379657,0.32867132867132864,0.28591382560565143,0.37446990842825684,0.17770192770192772,0.14706346893846897,0.20939167314167312,0.20008337297219084,0.16901653290762322,0.2315889842953343,0.13053613053613053,0.10190852702840861,0.1657217021467541,0.2913752913752914,0.25037947476977646,0.3360741877613092,0.2400932400932401,0.2020942363932561,0.2827055778214483,0.30536130536130535,0.26366629433211053,0.35051114501253355,0.004662004662004662,0.0012794222258141726,0.016836815627321967,0.09090909090909091,0.0672148465414803,0.12186468166193332,0.7272727272727273,0.6832509862844343,0.7672603869358916
bm25,native_plain,vehicle,0,,429,0.9883449883449883,0.9730101908049245,0.9950116829351601,1.0,0.9911250210847168,1.0,0.9941724941724942,0.9883449883449883,0.9988344988344988,0.46853146853146854,0.4217997511405959,0.5158217510288975,0.8135198135198135,0.7739389109102524,0.8475357526603509,0.8811188811188811,0.8470594219639148,0.9084134962055547,0.6063011063011063,0.568991933991934,0.6440423696673696,0.6528213716678009,0.6198891929940834,0.6862180589226391,0.5594405594405595,0.5121405325123088,0.6056855189453149,0.8741258741258742,0.839380410115216,0.9022306196474743,0.9883449883449883,0.9730101908049245,0.9950116829351601,0.8135198135198135,0.7739389109102524,0.8475357526603509,0.011655011655011656,0.004988317064839966,0.02698980919507543,0.0,0.0,0.008874978915283301,0.0,0.0,0.008874978915283301
bm25_stem,cross_plain,global,0,,429,0.004662004662004662,0.0012794222258141726,0.016836815627321967,0.009324009324009324,0.003631730272433362,0.02372576651855561,0.012492121134954116,0.006205834834693988,0.020612496172058334,0.004662004662004662,0.0012794222258141726,0.016836815627321967,0.011655011655011656,0.004988317064839966,0.02698980919507543,0.018648018648018648,0.009478861617590886,0.03636115304910376,0.007248307248307249,0.0016705516705516706,0.014907314907314907,0.008950952127986082,0.003107977189810999,0.016376209663171062,0.004662004662004662,0.0012794222258141726,0.016836815627321967,0.011655011655011656,0.004988317064839966,0.02698980919507543,0.009324009324009324,0.003631730272433362,0.02372576651855561,0.013986013986013986,0.006425260419529346,0.030173495309312466,0.0,0.0,0.008874978915283301,0.07459207459207459,0.05333004505420605,0.10340507686672262,0.9207459207459208,0.8912906845861468,0.9427329345550717
bm25_stem,cross_plain,vehicle,0,,429,0.958041958041958,0.9346564498719995,0.9732972407720418,0.9976689976689976,0.9869159893415934,0.9995884022741971,0.9778554778554779,0.9673659673659674,0.9871794871794872,0.14685314685314685,0.11649485329383594,0.1834797821638117,0.2773892773892774,0.23714120942519823,0.3215886762923289,0.3752913752913753,0.3307698383385157,0.42202648507392104,0.20475820475820475,0.17207972582972583,0.23892871017871017,0.2341056013642812,0.20104870359614851,0.2686689569887491,0.19813519813519814,0.16316835243124767,0.2384601313427812,0.3473193473193473,0.30380019593569085,0.3935485738496288,0.958041958041958,0.9346564498719995,0.9732972407720418,0.2773892773892774,0.23714120942519823,0.3215886762923289,0.04195804195804196,0.026702759227958207,0.06534355012800064,0.0,0.0,0.008874978915283301,0.0,0.0,0.008874978915283301
bm25_stem,native_full,global,0,,429,0.3613053613053613,0.3172644390216624,0.4078081075772158,0.6013986013986014,0.5543651358435709,0.6466322460547281,0.5126933728447916,0.4758512650193512,0.5499811020436154,0.1351981351981352,0.10606073686102929,0.17081075125198625,0.3123543123543124,0.2703273064993251,0.35771202125209833,0.3986013986013986,0.35336775394527187,0.44563486415642906,0.2116069116069116,0.18051832426832423,0.24439276001776,0.24041146201960364,0.20888991659673403,0.27349135931550517,0.15384615384615385,0.12278967351834266,0.19104685034608423,0.351981351981352,0.30828363904162037,0.3983063896815522,0.4522144522144522,0.4057486882797991,0.49952840760720946,0.3473193473193473,0.30380019593569085,0.3935485738496288,0.009324009324009324,0.003631730272433362,0.02372576651855561,0.24242424242424243,0.20427314046303083,0.28514730322059995,0.38694638694638694,0.3420550813163108,0.433844389440758
bm25_stem,native_full,vehicle,0,,429,0.9813519813519813,0.9636388469508962,0.9905211383824092,1.0,0.9911250210847168,1.0,0.9906759906759907,0.9836829836829837,0.9965034965034965,0.31934731934731936,0.27699976216776945,0.3649014539904333,0.6363636363636364,0.589819332376358,0.6804874915558375,0.7692307692307693,0.7270776829901405,0.8066050206708609,0.4556166056166056,0.41831853331853336,0.49389705202205203,0.5090588495771075,0.4745520390393083,0.5445380529911561,0.3682983682983683,0.3240120572914401,0.41492237771421736,0.7016317016317016,0.6567013895335538,0.7429830595285813,0.9813519813519813,0.9636388469508962,0.9905211383824092,0.6363636363636364,0.589819332376358,0.6804874915558375,0.018648018648018648,0.009478861617590886,0.03636115304910376,0.0,0.0,0.008874978915283301,0.0,0.0,0.008874978915283301
bm25_stem,native_model,global,0,,429,0.26107226107226106,0.2217608680442633,0.3046246113907789,0.4382284382284382,0.3920307421854272,0.4855225768880228,0.39081898146576277,0.35425047676672855,0.4278966084429501,0.13286713286713286,0.10398303511830914,0.16826782352578,0.30536130536130535,0.26366629433211053,0.35051114501253355,0.3916083916083916,0.3465768838450283,0.43856384584989333,0.20483867983867982,0.173472360972361,0.2370679551929552,0.23297169799195136,0.201070321444967,0.2657915747904547,0.14219114219114218,0.11231233438820752,0.17842104213158727,0.32167832167832167,0.2792264219690699,0.36729542365805923,0.32167832167832167,0.2792264219690699,0.36729542365805923,0.34032634032634035,0.297083847081787,0.38640303429675354,0.004662004662004662,0.0012794222258141726,0.016836815627321967,0.11421911421911422,0.08748281215570161,0.14780301073697621,0.62004662004662,0.5732430320601472,0.6647193855895634
bm25_stem,native_model,vehicle,0,,429,0.993006993006993,0.979644178363432,0.9976189543145055,1.0,0.9911250210847168,1.0,0.9965034965034965,0.9918414918414918,1.0,0.43123543123543123,0.3851857619183915,0.47850566874827927,0.7272727272727273,0.6832509862844343,0.7672603869358916,0.8251748251748252,0.7863912060616471,0.8581866048535882,0.5548100048100049,0.515805143930144,0.594467291967292,0.5979765783144175,0.5627563808050295,0.6336467665962263,0.4801864801864802,0.43329544096122935,0.5274292085528963,0.7902097902097902,0.7491905573487949,0.8260778115325442,0.993006993006993,0.979644178363432,0.9976189543145055,0.7272727272727273,0.6832509862844343,0.7672603869358916,0.006993006993006993,0.0023810456854944425,0.020355821636568114,0.0,0.0,0.008874978915283301,0.0,0.0,0.008874978915283301
bm25_stem,native_plain,global,0,,429,0.17249417249417248,0.13968996546024467,0.21111159415559358,0.30303030303030304,0.2614485366470758,0.348108273228642,0.28057106565795403,0.2473163815271281,0.3139811189006071,0.1258741258741259,0.09776938035252583,0.16061958988478406,0.2703962703962704,0.2305409555924775,0.31432704171827036,0.358974358974359,0.3150175124980972,0.40543440463185465,0.18604081104081105,0.1550502506752507,0.21749091186591185,0.21068136759372624,0.1798001899185604,0.24253521670192157,0.12354312354312354,0.09570489417497881,0.1580634465934047,0.27972027972027974,0.23934412616139847,0.32400638902505513,0.2261072261072261,0.1890554028386151,0.2680206345625308,0.30536130536130535,0.26366629433211053,0.35051114501253355,0.004662004662004662,0.0012794222258141726,0.016836815627321967,0.09557109557109557,0.07123169987886814,0.12708908726239831,0.7272727272727273,0.6832509862844343,0.7672603869358916
bm25_stem,native_plain,vehicle,0,,429,0.9906759906759907,0.9762742334814445,0.9963682697275666,1.0,0.9911250210847168,1.0,0.9953379953379954,0.9906759906759907,0.9988344988344988,0.5011655011655012,0.45405173095145956,0.5482585837830036,0.8065268065268065,0.7664933325413097,0.8411194426225144,0.8811188811188811,0.8470594219639148,0.9084134962055547,0.6245106745106744,0.5862188505938506,0.6629515623265623,0.6640739481463827,0.6300479228310639,0.6976860479990061,0.5804195804195804,0.5332100854368002,0.6262016312411612,0.8601398601398601,0.8241127036536859,0.8897745492954456,0.9906759906759907,0.9762742334814445,0.9963682697275666,0.8065268065268065,0.7664933325413097,0.8411194426225144,0.009324009324009324,0.003631730272433362,0.02372576651855561,0.0,0.0,0.008874978915283301,0.0,0.0,0.008874978915283301
bm25_stem+ctx,cross_plain,global,0,,429,0.004662004662004662,0.0012794222258141726,0.016836815627321967,0.009324009324009324,0.003631730272433362,0.02372576651855561,0.012379454214350986,0.0061281903171144046,0.020457182141347164,0.004662004662004662,0.0012794222258141726,0.016836815627321967,0.011655011655011656,0.004988317064839966,0.02698980919507543,0.016317016317016316,0.007925949993377536,0.033293435204390695,0.007015207015207014,0.0014646464646464695,0.014724164724164724,0.0082771413440283,0.002562394362355678,0.01554588987970248,0.004662004662004662,0.0012794222258141726,0.016836815627321967,0.011655011655011656,0.004988317064839966,0.02698980919507543,0.009324009324009324,0.003631730272433362,0.02372576651855561,0.013986013986013986,0.006425260419529346,0.030173495309312466,0.0,0.0,0.008874978915283301,0.07459207459207459,0.05333004505420605,0.10340507686672262,0.9207459207459208,0.8912906845861468,0.9427329345550717
bm25_stem+ctx,cross_plain,vehicle,0,,429,0.958041958041958,0.9346564498719995,0.9732972407720418,0.9976689976689976,0.9869159893415934,0.9995884022741971,0.9778554778554779,0.9673659673659674,0.9871794871794872,0.14918414918414918,0.11859037476737491,0.18600489015919916,0.2773892773892774,0.23714120942519823,0.3215886762923289,0.372960372960373,0.328516122749774,0.41965957119373637,0.20582380582380583,0.1728288147038147,0.24014948014948004,0.2340662517841774,0.20068557290047043,0.2685351817002988,0.20279720279720279,0.16746409903701423,0.24340564367486742,0.34965034965034963,0.3060413334177546,0.3959280658364915,0.958041958041958,0.9346564498719995,0.9732972407720418,0.2773892773892774,0.23714120942519823,0.3215886762923289,0.04195804195804196,0.026702759227958207,0.06534355012800064,0.0,0.0,0.008874978915283301,0.0,0.0,0.008874978915283301
bm25_stem+ctx,native_full,global,0,,429,0.9370629370629371,0.9099793426342154,0.9563886827894882,0.9813519813519813,0.9636388469508962,0.9905211383824092,0.9600837368217047,0.9448679773880309,0.9743815750500243,0.4428904428904429,0.39659925630508724,0.49019532170621555,0.6946386946386947,0.6494888549874664,0.7363337056678896,0.7902097902097902,0.7491905573487949,0.8260778115325442,0.5494338994338994,0.5093680624930625,0.5896368677618676,0.5783826480514115,0.541359594790212,0.6155835477047192,0.5174825174825175,0.4702523536789879,0.5644023673379602,0.752913752913753,0.7099740421195192,0.7913642552589973,0.9487179487179487,0.9235779286425243,0.9658932441258112,0.696969696969697,0.6518917267713581,0.7385514633529243,0.002331002331002331,0.0004115977258030276,0.01308401065840669,0.023310023310023312,0.012709865671395969,0.04237140793315152,0.037296037296037296,0.02308532723413666,0.05971972318396934
bm25_stem+ctx,native_full,vehicle,0,,429,0.9976689976689976,0.9869159893415934,0.9995884022741971,1.0,0.9911250210847168,1.0,0.9988344988344988,0.9965034965034965,1.0,0.4592074592074592,0.4126215683033422,0.5065174159904456,0.7412587412587412,0.6978046926511028,0.7804304573827816,0.8275058275058275,0.7888884058444064,0.8603100345397553,0.5772533022533022,0.5383959096459097,0.6166383847633848,0.6114207136368304,0.5756430954982006,0.6474082884069616,0.5384615384615384,0.4911549657857586,0.5850854204515271,0.7995337995337995,0.7590661314757002,0.8346847552813447,0.9976689976689976,0.9869159893415934,0.9995884022741971,0.7412587412587412,0.6978046926511028,0.7804304573827816,0.002331002331002331,0.0004115977258030276,0.01308401065840669,0.0,0.0,0.008874978915283301,0.0,0.0,0.008874978915283301
bm25_stem+ctx,native_model,global,0,,429,0.5827505827505828,0.5355563919974016,0.6284759541494864,0.7692307692307693,0.7270776829901405,0.8066050206708609,0.6949285251969957,0.6586585208610704,0.7307880834093937,0.31934731934731936,0.27699976216776945,0.3649014539904333,0.5617715617715617,0.5144774231119772,0.6079692578145729,0.6317016317016317,0.5850776222857828,0.67598794270856,0.41842601842601845,0.37752749565249566,0.45949312261812264,0.44035413068486207,0.4024583695364597,0.47895152839231897,0.372960372960373,0.328516122749774,0.41965957119373637,0.6130536130536131,0.566155610559242,0.6579449186836892,0.6130536130536131,0.566155610559242,0.6579449186836892,0.5757575757575758,0.5285206349290437,0.621649822811065,0.004662004662004662,0.0012794222258141726,0.016836815627321967,0.06993006993006994,0.04942007850614146,0.0980737844769344,0.34265734265734266,0.29932144716645886,0.38878606368100804
bm25_stem+ctx,native_model,vehicle,0,,429,0.9953379953379954,0.9831631843726782,0.9987205777741859,1.0,0.9911250210847168,1.0,0.9976689976689976,0.9941724941724942,1.0,0.49184149184149184,0.4448165604812868,0.5390112363774708,0.7738927738927739,0.7319793654374693,0.8109445971613849,0.8717948717948718,0.8368276842279504,0.9001627160658133,0.6144133644133644,0.5760458291708292,0.6532011275761275,0.6522564951196784,0.6183643076936103,0.6866575484906345,0.5734265734265734,0.5261774863109362,0.619372341960246,0.8391608391608392,0.8014101028399805,0.8708914848888134,0.9953379953379954,0.9831631843726782,0.9987205777741859,0.7738927738927739,0.7319793654374693,0.8109445971613849,0.004662004662004662,0.0012794222258141726,0.016836815627321967,0.0,0.0,0.008874978915283301,0.0,0.0,0.008874978915283301
bm25_stem+ctx,native_plain,global,0,,429,0.17249417249417248,0.13968996546024467,0.21111159415559358,0.30303030303030304,0.2614485366470758,0.348108273228642,0.2794110362909814,0.2460521210851727,0.3131156338383729,0.12121212121212122,0.09364390688513495,0.1555038044143221,0.2680652680652681,0.22834374046753936,0.3119036273742821,0.3473193473193473,0.30380019593569085,0.3935485738496288,0.182012432012432,0.15136687386687386,0.21318371443371445,0.20546490060815714,0.17483840621300917,0.23706159062175478,0.1258741258741259,0.09776938035252583,0.16061958988478406,0.27972027972027974,0.23934412616139847,0.32400638902505513,0.2191142191142191,0.182559008912548,0.2606551400818186,0.30303030303030304,0.2614485366470758,0.348108273228642,0.004662004662004662,0.0012794222258141726,0.016836815627321967,0.08624708624708624,0.06321879850858392,0.11661947075697685,0.7365967365967366,0.6929475756176942,0.7760463154783375
bm25_stem+ctx,native_plain,vehicle,0,,429,0.993006993006993,0.979644178363432,0.9976189543145055,1.0,0.9911250210847168,1.0,0.9965034965034965,0.9918414918414918,1.0,0.5011655011655012,0.45405173095145956,0.5482585837830036,0.8111888111888111,0.7714549627241257,0.8453990713775511,0.8857808857808858,0.8521969892630238,0.9125171878442985,0.6272070522070522,0.5894730963480963,0.6651834045584045,0.6666164699559607,0.6333473739354971,0.6999905601373775,0.585081585081585,0.5379037560078693,0.6307492196079448,0.8601398601398601,0.8241127036536859,0.8897745492954456,0.993006993006993,0.979644178363432,0.9976189543145055,0.8111888111888111,0.7714549627241257,0.8453990713775511,0.006993006993006993,0.0023810456854944425,0.020355821636568114,0.0,0.0,0.008874978915283301,0.0,0.0,0.008874978915283301
dense:bge-m3,cross_plain,global,0,,429,0.055944055944055944,0.037879195153199076,0.08189089101631827,0.11188811188811189,0.0854367157916176,0.1452284776321338,0.12362485381499516,0.10133817899207591,0.1477028594296177,0.04195804195804196,0.026702759227958207,0.06534355012800064,0.10256410256410256,0.07729313946362917,0.13488953608441653,0.15384615384615385,0.12278967351834266,0.19104685034608423,0.0692020942020942,0.04953433140933142,0.09056376493876493,0.0782672285939832,0.058073246665512855,0.09896199914268912,0.046620046620046623,0.030379202725981255,0.07090836556783042,0.11888111888111888,0.09158650379444534,0.15294057803608527,0.07925407925407925,0.05726706544492828,0.10870931541385324,0.13286713286713286,0.10398303511830914,0.16826782352578,0.0,0.0,0.008874978915283301,0.12354312354312354,0.09570489417497881,0.1580634465934047,0.8205128205128205,0.7814036489553464,0.8539329030220362
dense:bge-m3,cross_plain,vehicle,0,,429,0.986013986013986,0.9698265046906877,0.9935747395804707,1.0,0.9911250210847168,1.0,0.993006993006993,0.9871794871794872,0.9976689976689976,0.46853146853146854,0.4217997511405959,0.5158217510288975,0.8018648018648019,0.7615398686572189,0.8368316475687524,0.8764568764568764,0.8419365534065953,0.9042951058250212,0.6015762015762015,0.5636417286417287,0.6399952131202131,0.6378625434489166,0.6046179653440725,0.6715400495868271,0.5501165501165501,0.5028033173265318,0.5965402162553861,0.8461538461538461,0.8089531496539157,0.8772103264816573,0.986013986013986,0.9698265046906877,0.9935747395804707,0.8018648018648019,0.7615398686572189,0.8368316475687524,0.013986013986013986,0.006425260419529346,0.030173495309312466,0.0,0.0,0.008874978915283301,0.0,0.0,0.008874978915283301
dense:bge-m3,native_full,global,0,,429,0.2703962703962704,0.2305409555924775,0.31432704171827036,0.4219114219114219,0.3760737466631962,0.4691351661277688,0.38628976446391744,0.3476333428466467,0.4246249052646312,0.15384615384615385,0.12278967351834266,0.19104685034608423,0.2913752913752914,0.25037947476977646,0.3360741877613092,0.3916083916083916,0.3465768838450283,0.43856384584989333,0.2155807155807156,0.18167136104636109,0.24981393606393604,0.23272141120295442,0.19976830588414637,0.26608821535403204,0.17016317016317017,0.13756886444642238,0.20861206570048949,0.32400932400932403,0.28145432374835505,0.36968815134770056,0.32867132867132864,0.28591382560565143,0.37446990842825684,0.351981351981352,0.30828363904162037,0.3983063896815522,0.002331002331002331,0.0004115977258030276,0.01308401065840669,0.17715617715617715,0.1439391173214467,0.21610370123224437,0.5501165501165501,0.5028033173265318,0.5965402162553861
dense:bge-m3,native_full,vehicle,0,,429,0.9883449883449883,0.9730101908049245,0.9950116829351601,1.0,0.9911250210847168,1.0,0.9941724941724942,0.9883449883449883,0.9988344988344988,0.4428904428904429,0.39659925630508724,0.49019532170621555,0.7296037296037297,0.6856729582817297,0.7694590444075226,0.8508158508158508,0.8139951098408008,0.881409625232625,0.5715599215599215,0.533330488955489,0.6100373469123468,0.6063872825097685,0.5724932066097003,0.6404548896578586,0.5058275058275058,0.45867540455584715,0.5528761691164689,0.7878787878787878,0.7467263880650792,0.8239213513473334,0.9883449883449883,0.9730101908049245,0.9950116829351601,0.7296037296037297,0.6856729582817297,0.7694590444075226,0.011655011655011656,0.004988317064839966,0.02698980919507543,0.0,0.0,0.008874978915283301,0.0,0.0,0.008874978915283301
dense:bge-m3,native_model,global,0,,429,0.23776223776223776,0.1999169518911677,0.28026223285461027,0.3822843822843823,0.33753766686923287,0.42912054494998314,0.3428289835841217,0.30565957032693986,0.37995597908704914,0.1445221445221445,0.11440215458357111,0.18095185140515008,0.3006993006993007,0.25923208252404617,0.34570409788274514,0.358974358974359,0.3150175124980972,0.40543440463185465,0.20783105783105785,0.17510457135457141,0.24169388481888482,0.22119855812304803,0.18889712057842137,0.25352450718251096,0.16317016317016317,0.13121991408930228,0.20109912765083032,0.32400932400932403,0.28145432374835505,0.36968815134770056,0.29836829836829837,0.25701694047141865,0.3432986104664463,0.3613053613053613,0.3172644390216624,0.4078081075772158,0.0,0.0,0.008874978915283301,0.1048951048951049,0.07932268282212253,0.13748062219484958,0.6573426573426573,0.611213936318992,0.7006785528335412
dense:bge-m3,native_model,vehicle,0,,429,0.9906759906759907,0.9762742334814445,0.9963682697275666,1.0,0.9911250210847168,1.0,0.9953379953379954,0.9906759906759907,0.9988344988344988,0.48951048951048953,0.44251030516258205,0.5366968622272492,0.7645687645687645,0.7221827478234447,0.8022586968997037,0.8717948717948718,0.8368276842279504,0.9001627160658133,0.6163234913234912,0.5783262802012802,0.6548264698264697,0.6452265500648481,0.6116778675346777,0.6789860091727328,0.5571095571095571,0.5098046782937845,0.6034007436949128,0.8111888111888111,0.7714549627241257,0.8453990713775511,0.9906759906759907,0.9762742334814445,0.9963682697275666,0.7645687645687645,0.7221827478234447,0.8022586968997037,0.009324009324009324,0.003631730272433362,0.02372576651855561,0.0,0.0,0.008874978915283301,0.0,0.0,0.008874978915283301
dense:bge-m3,native_plain,global,0,,429,0.16083916083916083,0.1291085151111866,0.19858989716001957,0.2867132867132867,0.24596122296347245,0.33125118062976033,0.2624328663475267,0.2303216976521963,0.2962141733049239,0.11888111888111888,0.09158650379444534,0.15294057803608527,0.2494172494172494,0.21081941463386683,0.29246291745654324,0.337995337995338,0.29484743754889503,0.384018814360719,0.17681115181115178,0.14609991859991858,0.20791805416805414,0.19288956263901974,0.16298432586469377,0.2231000652108977,0.11888111888111888,0.09158650379444534,0.15294057803608527,0.25874125874125875,0.21956954261721856,0.30219530734889727,0.21678321678321677,0.18039708020107614,0.25819643932436404,0.3076923076923077,0.2658853472608117,0.3529127215527589,0.002331002331002331,0.0004115977258030276,0.01308401065840669,0.09324009324009325,0.06922075889593421,0.12447939877640582,0.7435897435897436,0.7002355006645868,0.7826202788382239
dense:bge-m3,native_plain,vehicle,0,,429,0.9906759906759907,0.9762742334814445,0.9963682697275666,1.0,0.9911250210847168,1.0,0.9953379953379954,0.9906759906759907,0.9988344988344988,0.5221445221445221,0.4748902462704758,0.569005733684325,0.8461538461538461,0.8089531496539157,0.8772103264816573,0.9090909090909091,0.8781353183380667,0.9327851534585196,0.6593526843526843,0.6225872275872276,0.6953810310060309,0.6890633400535348,0.6573441785476913,0.7203019812391451,0.5944055944055944,0.5473038384459425,0.6398316550455774,0.8787878787878788,0.844496195585678,0.9063560931148651,0.9906759906759907,0.9762742334814445,0.9963682697275666,0.8461538461538461,0.8089531496539157,0.8772103264816573,0.009324009324009324,0.003631730272433362,0.02372576651855561,0.0,0.0,0.008874978915283301,0.0,0.0,0.008874978915283301
dense:bge-m3+ctx,cross_plain,global,0,,429,0.06293706293706294,0.043611317210511896,0.09002065736578471,0.11188811188811189,0.0854367157916176,0.1452284776321338,0.12188414301980714,0.09912397972439317,0.14612252115151173,0.04428904428904429,0.028534144547328007,0.06813279427755725,0.09090909090909091,0.0672148465414803,0.12186468166193332,0.14918414918414918,0.11859037476737491,0.18600489015919916,0.06608114108114108,0.046160321160321156,0.08749687812187812,0.07478216554838912,0.054816308694859775,0.09581512954874562,0.04428904428904429,0.028534144547328007,0.06813279427755725,0.10256410256410256,0.07729313946362917,0.13488953608441653,0.07459207459207459,0.05333004505420605,0.10340507686672262,0.1258741258741259,0.09776938035252583,0.16061958988478406,0.0,0.0,0.008874978915283301,0.1048951048951049,0.07932268282212253,0.13748062219484958,0.8321678321678322,0.7938898288413042,0.8645498704807105
dense:bge-m3+ctx,cross_plain,vehicle,0,,429,0.986013986013986,0.9698265046906877,0.9935747395804707,1.0,0.9911250210847168,1.0,0.993006993006993,0.9871794871794872,0.9976689976689976,0.44988344988344986,0.40345978374461394,0.4971966826734681,0.752913752913753,0.7099740421195192,0.7913642552589973,0.8601398601398601,0.8241127036536859,0.8897745492954456,0.5775437525437526,0.5394498556998558,0.6161598586598585,0.6131479802685432,0.5794158882361578,0.6474072687708586,0.5524475524475524,0.5051360722887867,0.5988280907620577,0.8298368298368298,0.7913879342995105,0.8624311355535776,0.986013986013986,0.9698265046906877,0.9935747395804707,0.752913752913753,0.7099740421195192,0.7913642552589973,0.013986013986013986,0.006425260419529346,0.030173495309312466,0.0,0.0,0.008874978915283301,0.0,0.0,0.008874978915283301
dense:bge-m3+ctx,native_full,global,0,,429,0.9417249417249417,0.9153899284942995,0.9602193558672567,0.9836829836829837,0.9667065647956093,0.9920740500066224,0.9641155141155142,0.9496241258741259,0.9774540274540274,0.46386946386946387,0.4172086144675725,0.5111716287640681,0.7622377622377622,0.7197377671453897,0.8000830481088324,0.8671328671328671,0.8317321764742199,0.8960169648816908,0.5955276205276205,0.5577981046731046,0.6339535002035002,0.6273909951973765,0.5938090291408858,0.6610597883271931,0.5407925407925408,0.49348258400955447,0.5873784316966579,0.8158508158508159,0.7764249873189515,0.8496703057205783,0.9557109557109557,0.9318672057224427,0.971465855452672,0.7738927738927739,0.7319793654374693,0.8109445971613849,0.002331002331002331,0.0004115977258030276,0.01308401065840669,0.037296037296037296,0.02308532723413666,0.05971972318396934,0.018648018648018648,0.009478861617590886,0.03636115304910376
dense:bge-m3+ctx,native_full,vehicle,0,,429,0.9953379953379954,0.9831631843726782,0.9987205777741859,1.0,0.9911250210847168,1.0,0.9976689976689976,0.9941724941724942,1.0,0.4825174825174825,0.43559763266203977,0.5297476463210121,0.7925407925407926,0.7516565931315414,0.8282324052187241,0.8927738927738927,0.8599326049727732,0.9186434605413282,0.6172410922410922,0.5799693593443593,0.6550607725607727,0.6536362628367486,0.6215229097646143,0.6862033453628924,0.5617715617715617,0.5144774231119772,0.6079692578145729,0.8484848484848485,0.8114727709833476,0.8793113346211521,0.9953379953379954,0.9831631843726782,0.9987205777741859,0.7925407925407926,0.7516565931315414,0.8282324052187241,0.004662004662004662,0.0012794222258141726,0.016836815627321967,0.0,0.0,0.008874978915283301,0.0,0.0,0.008874978915283301
dense:bge-m3+ctx,native_model,global,0,,429,0.8554778554778555,0.81904814859485,0.8855978454164288,0.9557109557109557,0.9318672057224427,0.971465855452672,0.9088167217604193,0.8864182151201297,0.9300815491241241,0.4522144522144522,0.4057486882797991,0.49952840760720946,0.7365967365967366,0.6929475756176942,0.7760463154783375,0.8251748251748252,0.7863912060616471,0.8581866048535882,0.5741628741628741,0.5352459577459577,0.614514837014837,0.6008818043476696,0.5654623162075405,0.6369806627755488,0.5151515151515151,0.4679349324397133,0.5620991591083084,0.7878787878787878,0.7467263880650792,0.8239213513473334,0.8741258741258742,0.839380410115216,0.9022306196474743,0.752913752913753,0.7099740421195192,0.7913642552589973,0.011655011655011656,0.004988317064839966,0.02698980919507543,0.055944055944055944,0.037879195153199076,0.08189089101631827,0.07692307692307693,0.05529531216264534,0.10606043922720977
dense:bge-m3+ctx,native_model,vehicle,0,,429,0.986013986013986,0.9698265046906877,0.9935747395804707,1.0,0.9911250210847168,1.0,0.993006993006993,0.9871794871794872,0.9976689976689976,0.5104895104895105,0.4633031377727509,0.5574896948374181,0.8111888111888111,0.7714549627241257,0.8453990713775511,0.8904428904428905,0.8573500246757002,0.916605411369475,0.6371027121027121,0.60006068006068,0.6746499796499795,0.6702701315947204,0.6374801500685822,0.7036112790576148,0.5874125874125874,0.540252180002088,0.6330214250826528,0.8531468531468531,0.8165202178361883,0.8835051467061641,0.986013986013986,0.9698265046906877,0.9935747395804707,0.8111888111888111,0.7714549627241257,0.8453990713775511,0.013986013986013986,0.006425260419529346,0.030173495309312466,0.0,0.0,0.008874978915283301,0.0,0.0,0.008874978915283301
dense:bge-m3+ctx,native_plain,global,0,,429,0.1258741258741259,0.09776938035252583,0.16061958988478406,0.26107226107226106,0.2217608680442633,0.3046246113907789,0.2303154860369822,0.2002430728806479,0.2612118384518957,0.09557109557109557,0.07123169987886814,0.12708908726239831,0.22843822843822845,0.19122433878112116,0.27047232808895116,0.29603729603729606,0.25480311919230547,0.34089180227663307,0.153980278980279,0.1257614838864839,0.1830022986272986,0.16844878275715325,0.1406148326536774,0.19737117241005964,0.10023310023310024,0.07526803680326964,0.13229400927584967,0.23076923076923078,0.19339497932913913,0.27292231700985964,0.19347319347319347,0.15888055737748563,0.23350666745869036,0.28438228438228436,0.24375414326145808,0.32883763086284834,0.0,0.0,0.008874978915283301,0.11188811188811189,0.0854367157916176,0.1452284776321338,0.7622377622377622,0.7197377671453897,0.8000830481088324
dense:bge-m3+ctx,native_plain,vehicle,0,,429,0.986013986013986,0.9698265046906877,0.9935747395804707,1.0,0.9911250210847168,1.0,0.993006993006993,0.9871794871794872,0.9976689976689976,0.5174825174825175,0.4702523536789879,0.5644023673379602,0.8041958041958042,0.7640155935342312,0.8389765521606662,0.8997668997668997,0.8677059907241503,0.9247319631967305,0.6452787952787953,0.6082112794612795,0.6827834202834202,0.6765213403356548,0.6436160650417149,0.709272132996996,0.5944055944055944,0.5473038384459425,0.6398316550455774,0.8671328671328671,0.8317321764742199,0.8960169648816908,0.986013986013986,0.9698265046906877,0.9935747395804707,0.8041958041958042,0.7640155935342312,0.8389765521606662,0.013986013986013986,0.006425260419529346,0.030173495309312466,0.0,0.0,0.008874978915283301,0.0,0.0,0.008874978915283301
dense:multilingual-e5-large-instruct,cross_plain,global,0,,429,0.004662004662004662,0.0012794222258141726,0.016836815627321967,0.013986013986013986,0.006425260419529346,0.030173495309312466,0.019712254939400934,0.012762284051635953,0.028373960016252676,0.002331002331002331,0.0004115977258030276,0.01308401065840669,0.009324009324009324,0.003631730272433362,0.02372576651855561,0.013986013986013986,0.006425260419529346,0.030173495309312466,0.006021756021756021,0.0011655011655011655,0.012723387723387722,0.007908599675324878,0.0022060480894106906,0.01551200178987713,0.002331002331002331,0.0004115977258030276,0.01308401065840669,0.009324009324009324,0.003631730272433362,0.02372576651855561,0.009324009324009324,0.003631730272433362,0.02372576651855561,0.013986013986013986,0.006425260419529346,0.030173495309312466,0.0,0.0,0.008874978915283301,0.07692307692307693,0.05529531216264534,0.10606043922720977,0.9184149184149184,0.8886480417110011,0.940754947961291
dense:multilingual-e5-large-instruct,cross_plain,vehicle,0,,429,0.9743589743589743,0.9546748093914605,0.9856232875350657,1.0,0.9911250210847168,1.0,0.9871794871794872,0.9790209790209791,0.9941724941724942,0.3822843822843823,0.33753766686923287,0.42912054494998314,0.7389277389277389,0.6953753886092211,0.7782391319557367,0.8368298368298368,0.7989008723491697,0.8687800859106978,0.5349548599548599,0.4975251369001369,0.5727386039886041,0.5712913546443624,0.5376570614596756,0.604970648226415,0.48717948717948717,0.44020506518994423,0.5343814727309606,0.7972027972027972,0.7565943563251325,0.8325359009629858,0.9743589743589743,0.9546748093914605,0.9856232875350657,0.7389277389277389,0.6953753886092211,0.7782391319557367,0.02564102564102564,0.014376712464934334,0.04532519060853957,0.0,0.0,0.008874978915283301,0.0,0.0,0.008874978915283301
dense:multilingual-e5-large-instruct,native_full,global,0,,429,0.32634032634032634,0.2836834605581472,0.3720796440068347,0.5011655011655012,0.45405173095145956,0.5482585837830036,0.4452481292181413,0.4062812526632837,0.4852124526352832,0.1585081585081585,0.12699964540480516,0.19607813739747457,0.32400932400932403,0.28145432374835505,0.36968815134770056,0.40792540792540793,0.3624373544603941,0.4550477815170125,0.2285945535945536,0.19534007659007657,0.2639786602286602,0.2444896731502208,0.21263081151097665,0.27765284922133987,0.18181818181818182,0.14819730023302682,0.22108677725851714,0.3682983682983683,0.3240120572914401,0.41492237771421736,0.3986013986013986,0.35336775394527187,0.44563486415642906,0.3822843822843823,0.33753766686923287,0.42912054494998314,0.009324009324009324,0.003631730272433362,0.02372576651855561,0.19813519813519814,0.16316835243124767,0.2384601313427812,0.4662004662004662,0.4195036719968303,0.5134972007037366
dense:multilingual-e5-large-instruct,native_full,vehicle,0,,429,0.9883449883449883,0.9730101908049245,0.9950116829351601,1.0,0.9911250210847168,1.0,0.9941724941724942,0.9883449883449883,0.9988344988344988,0.40792540792540793,0.3624373544603941,0.4550477815170125,0.710955710955711,0.6663366369883157,0.7518303299495253,0.8275058275058275,0.7888884058444064,0.8603100345397553,0.5389305139305139,0.5005298867798867,0.5788443500943501,0.5696196208127089,0.5345577384547345,0.6053792554047884,0.48484848484848486,0.4379008408916916,0.5320650675602867,0.7785547785547785,0.7368879403132116,0.8152772812234954,0.9883449883449883,0.9730101908049245,0.9950116829351601,0.710955710955711,0.6663366369883157,0.7518303299495253,0.011655011655011656,0.004988317064839966,0.02698980919507543,0.0,0.0,0.008874978915283301,0.0,0.0,0.008874978915283301
dense:multilingual-e5-large-instruct,native_model,global,0,,429,0.23076923076923078,0.19339497932913913,0.27292231700985964,0.36596736596736595,0.32176171606421106,0.4125520894725199,0.33926998473532527,0.3029189955699533,0.3757243231711636,0.13986013986013987,0.11022545070455433,0.1758872963463141,0.2937062937062937,0.2525906275893598,0.33848366441065225,0.3776223776223776,0.3330246702462239,0.42439228263513923,0.20620398120398117,0.17342800717800716,0.23989933677433678,0.221832139352195,0.18977524190825515,0.2547189844571322,0.1585081585081585,0.12699964540480516,0.19607813739747457,0.3333333333333333,0.2903782139963267,0.37924677897543446,0.2773892773892774,0.23714120942519823,0.3215886762923289,0.351981351981352,0.30828363904162037,0.3983063896815522,0.009324009324009324,0.003631730272433362,0.02372576651855561,0.10256410256410256,0.07729313946362917,0.13488953608441653,0.6573426573426573,0.611213936318992,0.7006785528335412
dense:multilingual-e5-large-instruct,native_model,vehicle,0,,429,0.9883449883449883,0.9730101908049245,0.9950116829351601,1.0,0.9911250210847168,1.0,0.9941724941724942,0.9883449883449883,0.9988344988344988,0.4568764568764569,0.4103295818645022,0.5041887729603592,0.7482517482517482,0.7051016818804644,0.7869953565601991,0.8484848484848485,0.8114727709833476,0.8793113346211521,0.5836108336108337,0.5450900257150257,0.6227254458504459,0.6099985578923331,0.5751966387105278,0.6442634964735984,0.5431235431235432,0.49581122703964087,0.5896704181354979,0.8135198135198135,0.7739389109102524,0.8475357526603509,0.9883449883449883,0.9730101908049245,0.9950116829351601,0.7482517482517482,0.7051016818804644,0.7869953565601991,0.011655011655011656,0.004988317064839966,0.02698980919507543,0.0,0.0,0.008874978915283301,0.0,0.0,0.008874978915283301
dense:multilingual-e5-large-instruct,native_plain,global,0,,429,0.13053613053613053,0.10190852702840861,0.1657217021467541,0.26573426573426573,0.22614797943492934,0.3094787589379657,0.23564077362099264,0.2056253115315241,0.26703979144227796,0.10256410256410256,0.07729313946362917,0.13488953608441653,0.22843822843822845,0.19122433878112116,0.27047232808895116,0.28438228438228436,0.24375414326145808,0.32883763086284834,0.15536778036778034,0.1266472878972879,0.1856388056388056,0.16485821008914642,0.1367912499104909,0.1938457347454729,0.10023310023310024,0.07526803680326964,0.13229400927584967,0.2517482517482518,0.21300464343980097,0.2948983181195356,0.1888111888111888,0.15460092862244895,0.22854503727587422,0.2773892773892774,0.23714120942519823,0.3215886762923289,0.009324009324009324,0.003631730272433362,0.02372576651855561,0.1048951048951049,0.07932268282212253,0.13748062219484958,0.7552447552447552,0.712412575208854,0.7935463516385887
dense:multilingual-e5-large-instruct,native_plain,vehicle,0,,429,0.986013986013986,0.9698265046906877,0.9935747395804707,1.0,0.9911250210847168,1.0,0.993006993006993,0.9871794871794872,0.9976689976689976,0.46853146853146854,0.4217997511405959,0.5158217510288975,0.7925407925407926,0.7516565931315414,0.8282324052187241,0.8764568764568764,0.8419365534065953,0.9042951058250212,0.6086376586376585,0.5713120213120213,0.647068278943279,0.6358297514758604,0.6024435448921283,0.6689470251292277,0.5757575757575758,0.5285206349290437,0.621649822811065,0.8391608391608392,0.8014101028399805,0.8708914848888134,0.986013986013986,0.9698265046906877,0.9935747395804707,0.7925407925407926,0.7516565931315414,0.8282324052187241,0.013986013986013986,0.006425260419529346,0.030173495309312466,0.0,0.0,0.008874978915283301,0.0,0.0,0.008874978915283301
doc_router(dense:bge-m3+ctx),cross_plain,global,0,,429,0.053613053613053616,0.035987701991650564,0.07916175470894037,0.0979020979020979,0.0732475094683459,0.12969390714184698,0.07187257187257187,0.05011655011655012,0.09557109557109557,0.030303030303030304,0.017793274415175142,0.051149887596151605,0.06060606060606061,0.04169151365206244,0.08731983145530772,0.07925407925407925,0.05726706544492828,0.10870931541385324,0.041925666925666925,0.02584757834757835,0.059674792799792785,0.04538745355250949,0.029242610796270073,0.06296041761395182,0.03263403263403263,0.01953720252492213,0.05402658895533103,0.07226107226107226,0.051371536102050475,0.10074295634995178,0.06526806526806526,0.04553961105678906,0.09271299298843397,0.07459207459207459,0.05333004505420605,0.10340507686672262,0.0,0.0,0.008874978915283301,0.10023310023310024,0.07526803680326964,0.13229400927584967,0.8461538461538461,0.8089531496539157,0.8772103264816573
doc_router(dense:bge-m3+ctx),cross_plain,vehicle,0,,429,0.986013986013986,0.9698265046906877,0.9935747395804707,1.0,0.9911250210847168,1.0,0.993006993006993,0.9871794871794872,0.9976689976689976,0.44988344988344986,0.40345978374461394,0.4971966826734681,0.752913752913753,0.7099740421195192,0.7913642552589973,0.8601398601398601,0.8241127036536859,0.8897745492954456,0.5775437525437526,0.5394498556998558,0.6161598586598585,0.6131479802685432,0.5794158882361578,0.6474072687708586,0.5524475524475524,0.5051360722887867,0.5988280907620577,0.8298368298368298,0.7913879342995105,0.8624311355535776,0.986013986013986,0.9698265046906877,0.9935747395804707,0.752913752913753,0.7099740421195192,0.7913642552589973,0.013986013986013986,0.006425260419529346,0.030173495309312466,0.0,0.0,0.008874978915283301,0.0,0.0,0.008874978915283301
doc_router(dense:bge-m3+ctx),native_full,global,0,,429,0.9417249417249417,0.9153899284942995,0.9602193558672567,0.993006993006993,0.979644178363432,0.9976189543145055,0.965034965034965,0.951048951048951,0.9782439782439781,0.46386946386946387,0.4172086144675725,0.5111716287640681,0.7645687645687645,0.7221827478234447,0.8022586968997037,0.8717948717948718,0.8368276842279504,0.9001627160658133,0.597104747104747,0.5597124634624634,0.635312604062604,0.6309025724063835,0.5976438327964206,0.6643386189207389,0.5407925407925408,0.49348258400955447,0.5873784316966579,0.8205128205128205,0.7814036489553464,0.8539329030220362,0.9557109557109557,0.9318672057224427,0.971465855452672,0.7762237762237763,0.7344327819474892,0.8131118101202914,0.002331002331002331,0.0004115977258030276,0.01308401065840669,0.039627039627039624,0.024886090201252015,0.0625395896857804,0.016317016317016316,0.007925949993377536,0.033293435204390695
doc_router(dense:bge-m3+ctx),native_full,vehicle,0,,429,0.9953379953379954,0.9831631843726782,0.9987205777741859,1.0,0.9911250210847168,1.0,0.9976689976689976,0.9941724941724942,1.0,0.4825174825174825,0.43559763266203977,0.5297476463210121,0.7925407925407926,0.7516565931315414,0.8282324052187241,0.8927738927738927,0.8599326049727732,0.9186434605413282,0.6172410922410922,0.5799693593443593,0.6550607725607727,0.6536362628367486,0.6215229097646143,0.6862033453628924,0.5617715617715617,0.5144774231119772,0.6079692578145729,0.8484848484848485,0.8114727709833476,0.8793113346211521,0.9953379953379954,0.9831631843726782,0.9987205777741859,0.7925407925407926,0.7516565931315414,0.8282324052187241,0.004662004662004662,0.0012794222258141726,0.016836815627321967,0.0,0.0,0.008874978915283301,0.0,0.0,0.008874978915283301
doc_router(dense:bge-m3+ctx),native_model,global,0,,429,0.8601398601398601,0.8241127036536859,0.8897745492954456,0.9696969696969697,0.9488501124038485,0.9822067255848249,0.9102564102564102,0.8877233877233877,0.9316239316239315,0.45454545454545453,0.40803862143315867,0.5018591039227763,0.745920745920746,0.7026678258868368,0.7848085830849003,0.8414918414918415,0.8039218626025254,0.8730003545951949,0.581048581048581,0.542740638990639,0.6207879157879157,0.6116902896219292,0.5768680096342003,0.6472352393531091,0.5198135198135199,0.4725707914471039,0.5667045590387708,0.7972027972027972,0.7565943563251325,0.8325359009629858,0.8787878787878788,0.844496195585678,0.9063560931148651,0.7575757575757576,0.7148526967794001,0.7957268595369692,0.011655011655011656,0.004988317064839966,0.02698980919507543,0.055944055944055944,0.037879195153199076,0.08189089101631827,0.07226107226107226,0.051371536102050475,0.10074295634995178
doc_router(dense:bge-m3+ctx),native_model,vehicle,0,,429,0.986013986013986,0.9698265046906877,0.9935747395804707,1.0,0.9911250210847168,1.0,0.993006993006993,0.9871794871794872,0.9976689976689976,0.5104895104895105,0.4633031377727509,0.5574896948374181,0.8111888111888111,0.7714549627241257,0.8453990713775511,0.8904428904428905,0.8573500246757002,0.916605411369475,0.6371027121027121,0.60006068006068,0.6746499796499795,0.6702701315947204,0.6374801500685822,0.7036112790576148,0.5874125874125874,0.540252180002088,0.6330214250826528,0.8531468531468531,0.8165202178361883,0.8835051467061641,0.986013986013986,0.9698265046906877,0.9935747395804707,0.8111888111888111,0.7714549627241257,0.8453990713775511,0.013986013986013986,0.006425260419529346,0.030173495309312466,0.0,0.0,0.008874978915283301,0.0,0.0,0.008874978915283301
doc_router(dense:bge-m3+ctx),native_plain,global,0,,429,0.12121212121212122,0.09364390688513495,0.1555038044143221,0.2097902097902098,0.17392218846745588,0.2508094426512051,0.16006216006216004,0.12898212898212896,0.19230769230769232,0.07692307692307693,0.05529531216264534,0.10606043922720977,0.1561771561771562,0.12489334948789621,0.19356380384545713,0.1794871794871795,0.14606709697796386,0.21859635104465366,0.11187146187146187,0.08623388185888185,0.13890845265845264,0.11764193133529587,0.09217490810523253,0.1444191909182636,0.08158508158508158,0.059245052038709,0.11135195828899896,0.15384615384615385,0.12278967351834266,0.19104685034608423,0.1794871794871795,0.14606709697796386,0.21859635104465366,0.21212121212121213,0.17607864865266656,0.2532736119349208,0.002331002331002331,0.0004115977258030276,0.01308401065840669,0.10256410256410256,0.07729313946362917,0.13488953608441653,0.7738927738927739,0.7319793654374693,0.8109445971613849
doc_router(dense:bge-m3+ctx),native_plain,vehicle,0,,429,0.986013986013986,0.9698265046906877,0.9935747395804707,1.0,0.9911250210847168,1.0,0.993006993006993,0.9871794871794872,0.9976689976689976,0.5174825174825175,0.4702523536789879,0.5644023673379602,0.8041958041958042,0.7640155935342312,0.8389765521606662,0.8997668997668997,0.8677059907241503,0.9247319631967305,0.6452787952787953,0.6082112794612795,0.6827834202834202,0.6765213403356548,0.6436160650417149,0.709272132996996,0.5944055944055944,0.5473038384459425,0.6398316550455774,0.8671328671328671,0.8317321764742199,0.8960169648816908,0.986013986013986,0.9698265046906877,0.9935747395804707,0.8041958041958042,0.7640155935342312,0.8389765521606662,0.013986013986013986,0.006425260419529346,0.030173495309312466,0.0,0.0,0.008874978915283301,0.0,0.0,0.008874978915283301
hnsw(dense:bge-m3),cross_plain,global,0,,429,0.053613053613053616,0.035987701991650564,0.07916175470894037,0.10955710955710955,0.08339458863052511,0.14264997532429988,0.12020975335477718,0.09812362969031958,0.14392703603461382,0.039627039627039624,0.024886090201252015,0.0625395896857804,0.0979020979020979,0.0732475094683459,0.12969390714184698,0.14685314685314685,0.11649485329383594,0.1834797821638117,0.0658998408998409,0.04682817182817183,0.08634976134976134,0.07507224020270835,0.05533502237443202,0.0952142716800282,0.04428904428904429,0.028534144547328007,0.06813279427755725,0.11421911421911422,0.08748281215570161,0.14780301073697621,0.07692307692307693,0.05529531216264534,0.10606043922720977,0.1282051282051282,0.09983728393418664,0.16317231577204963,0.0,0.0,0.008874978915283301,0.12354312354312354,0.09570489417497881,0.1580634465934047,0.8228438228438228,0.7838962987677557,0.8560608826785533
hnsw(dense:bge-m3),cross_plain,vehicle,0,,429,0.951048951048951,0.9263288148008592,0.9677629874364028,0.9696969696969697,0.9488501124038485,0.9822067255848249,0.9603729603729604,0.9428904428904429,0.9766899766899767,0.4172494172494173,0.3715240458505137,0.46444360800259865,0.682983682983683,0.6374937647607524,0.7252256485499715,0.7132867132867133,0.6687488193702398,0.7540387770365276,0.5276048026048026,0.48703139453139455,0.5693623506123506,0.5455862083280888,0.5072187789763439,0.5840841233927699,0.5128205128205128,0.4656185272690394,0.5597949348100557,0.7482517482517482,0.7051016818804644,0.7869953565601991,0.951048951048951,0.9263288148008592,0.9677629874364028,0.682983682983683,0.6374937647607524,0.7252256485499715,0.018648018648018648,0.009478861617590886,0.03636115304910376,0.0,0.0,0.008874978915283301,0.0,0.0,0.008874978915283301
hnsw(dense:bge-m3),native_full,global,0,,429,0.2564102564102564,0.21737972116177612,0.2997644993354132,0.41025641025641024,0.3647074320412226,0.4573983334051104,0.37327717503587604,0.33508315967738095,0.41112276285230936,0.14918414918414918,0.11859037476737491,0.18600489015919916,0.28438228438228436,0.24375414326145808,0.32883763086284834,0.38694638694638694,0.3420550813163108,0.433844389440758,0.21119806119806117,0.17775916213416215,0.24483118733118736,0.22792631926454615,0.19533643090616679,0.26061564452532526,0.1655011655011655,0.13333379938220297,0.20360587182685602,0.317016317016317,0.27477435145002854,0.3625062352392477,0.317016317016317,0.27477435145002854,0.3625062352392477,0.34498834498834496,0.30156023200627147,0.3911679083101217,0.002331002331002331,0.0004115977258030276,0.01308401065840669,0.17715617715617715,0.1439391173214467,0.21610370123224437,0.5641025641025641,0.5168153518614366,0.6102519585340399
hnsw(dense:bge-m3),native_full,vehicle,0,,429,0.9766899766899767,0.9576285920668486,0.987290134328604,0.9906759906759907,0.9762742334814445,0.9963682697275666,0.9836829836829837,0.972027972027972,0.993006993006993,0.4662004662004662,0.4195036719968303,0.5134972007037366,0.7389277389277389,0.6953753886092211,0.7782391319557367,0.8438228438228438,0.8064361961545429,0.8751066505121038,0.5869972619972621,0.5485120203870204,0.6264841408591407,0.6121738366278211,0.5775607051524826,0.6470843023924036,0.5244755244755245,0.47721071874186416,0.5713058906818633,0.8041958041958042,0.7640155935342312,0.8389765521606662,0.9766899766899767,0.9576285920668486,0.987290134328604,0.7389277389277389,0.6953753886092211,0.7782391319557367,0.013986013986013986,0.006425260419529346,0.030173495309312466,0.0,0.0,0.008874978915283301,0.0,0.0,0.008874978915283301
hnsw(dense:bge-m3),native_model,global,0,,429,0.2331002331002331,0.19556730658195032,0.2753706192259748,0.372960372960373,0.328516122749774,0.41965957119373637,0.33632739289766567,0.29942096352691433,0.37364160181758815,0.13986013986013987,0.11022545070455433,0.1758872963463141,0.2937062937062937,0.2525906275893598,0.33848366441065225,0.3473193473193473,0.30380019593569085,0.3935485738496288,0.2021006771006771,0.16930964868464873,0.2355054205054205,0.2146387236225242,0.18281720247489053,0.24670498929786797,0.1585081585081585,0.12699964540480516,0.19607813739747457,0.317016317016317,0.27477435145002854,0.3625062352392477,0.2937062937062937,0.2525906275893598,0.33848366441065225,0.3543123543123543,0.31052710752019247,0.4006835506719065,0.0,0.0,0.008874978915283301,0.10256410256410256,0.07729313946362917,0.13488953608441653,0.6643356643356644,0.6183666020574575,0.707387775501855
hnsw(dense:bge-m3),native_model,vehicle,0,,429,0.9836829836829837,0.9667065647956093,0.9920740500066224,0.993006993006993,0.979644178363432,0.9976189543145055,0.9883449883449883,0.9790209790209791,0.9965034965034965,0.4801864801864802,0.43329544096122935,0.5274292085528963,0.745920745920746,0.7026678258868368,0.7848085830849003,0.8181818181818182,0.778913222741483,0.8518026997669732,0.5976921226921227,0.5591515197765198,0.6377367077367079,0.619069972511395,0.5835371956028101,0.6548482141798102,0.5477855477855478,0.5004715923927906,0.594251311720201,0.7972027972027972,0.7565943563251325,0.8325359009629858,0.9836829836829837,0.9667065647956093,0.9920740500066224,0.745920745920746,0.7026678258868368,0.7848085830849003,0.009324009324009324,0.003631730272433362,0.02372576651855561,0.0,0.0,0.008874978915283301,0.0,0.0,0.008874978915283301
hnsw(dense:bge-m3),native_plain,global,0,,429,0.1561771561771562,0.12489334948789621,0.19356380384545713,0.28205128205128205,0.24154844092357106,0.3264227037318089,0.2577712009955902,0.2261224403582277,0.2912466209764817,0.11421911421911422,0.08748281215570161,0.14780301073697621,0.24708624708624707,0.20863574474100274,0.29002595788048086,0.331002331002331,0.2881454122494534,0.37685895125338137,0.17211029711029713,0.14204526954526958,0.20294511044511043,0.18772733547036585,0.15833174315223034,0.21797222550520443,0.11421911421911422,0.08748281215570161,0.14780301073697621,0.2564102564102564,0.21737972116177612,0.2997644993354132,0.21212121212121213,0.17607864865266656,0.2532736119349208,0.30303030303030304,0.2614485366470758,0.348108273228642,0.002331002331002331,0.0004115977258030276,0.01308401065840669,0.09324009324009325,0.06922075889593421,0.12447939877640582,0.7482517482517482,0.7051016818804644,0.7869953565601991
hnsw(dense:bge-m3),native_plain,vehicle,0,,429,0.9790209790209791,0.9606149656389833,0.9889243902253957,0.9883449883449883,0.9730101908049245,0.9950116829351601,0.9836829836829837,0.972027972027972,0.9941724941724942,0.5081585081585082,0.4609887636225293,0.5551834395187133,0.8088578088578089,0.7689731129144433,0.8432602917183072,0.8484848484848485,0.8114727709833476,0.8793113346211521,0.63494375994376,0.5969084387834388,0.6729956848706848,0.6524495732988042,0.6181536456890316,0.686940645467933,0.5920745920745921,0.5449522184829876,0.637562645539606,0.8578088578088578,0.8215789578684128,0.8876876656117926,0.9790209790209791,0.9606149656389833,0.9889243902253957,0.8088578088578089,0.7689731129144433,0.8432602917183072,0.009324009324009324,0.003631730272433362,0.02372576651855561,0.0,0.0,0.008874978915283301,0.0,0.0,0.008874978915283301
"m3rerank(wsum(bm25_stem,dense:bge-m3;w=0.3|0.7))",cross_plain,global,0,,429,0.05128205128205128,0.034106755874188835,0.07642207135747567,0.07692307692307693,0.05529531216264534,0.10606043922720977,0.0937241742001157,0.07327221900001439,0.11650054522372429,0.04195804195804196,0.026702759227958207,0.06534355012800064,0.07459207459207459,0.05333004505420605,0.10340507686672262,0.13053613053613053,0.10190852702840861,0.1657217021467541,0.061257261257261254,0.04218540718540719,0.08217106967106966,0.06931754204826665,0.049759255049202145,0.0903549433331592,0.04428904428904429,0.028534144547328007,0.06813279427755725,0.08391608391608392,0.061229036364260206,0.11398860343237417,0.0675990675990676,0.04747598908782832,0.09539724442632114,0.10023310023310024,0.07526803680326964,0.13229400927584967,0.0,0.0,0.008874978915283301,0.10722610722610723,0.08135653945867186,0.1400673950272267,0.8414918414918415,0.8039218626025254,0.8730003545951949
"m3rerank(wsum(bm25_stem,dense:bge-m3;w=0.3|0.7))",cross_plain,vehicle,0,,429,0.9883449883449883,0.9730101908049245,0.9950116829351601,1.0,0.9911250210847168,1.0,0.9941724941724942,0.9883449883449883,0.9988344988344988,0.5174825174825175,0.4702523536789879,0.5644023673379602,0.8205128205128205,0.7814036489553464,0.8539329030220362,0.9044289044289044,0.8729109127376017,0.9287683001211319,0.6413762163762163,0.6036204536204536,0.6785785742035743,0.6766061371770826,0.6438204451077467,0.7089403893189085,0.6083916083916084,0.5614361541501067,0.6534231161549717,0.8648018648018648,0.8291892487480138,0.8939392631389708,0.9883449883449883,0.9730101908049245,0.9950116829351601,0.8205128205128205,0.7814036489553464,0.8539329030220362,0.011655011655011656,0.004988317064839966,0.02698980919507543,0.0,0.0,0.008874978915283301,0.0,0.0,0.008874978915283301
"m3rerank(wsum(bm25_stem,dense:bge-m3;w=0.3|0.7))",native_full,global,0,,429,0.30536130536130535,0.26366629433211053,0.35051114501253355,0.4662004662004662,0.4195036719968303,0.5134972007037366,0.42831691079339757,0.3893330577191177,0.4669311370630795,0.17482517482517482,0.14181339514641184,0.2136087939383528,0.372960372960373,0.328516122749774,0.41965957119373637,0.43356643356643354,0.3874663807382864,0.48084567939731077,0.2541921041921042,0.21833213083213082,0.2897806822806823,0.27318087686129966,0.23871307862116228,0.3074111155087415,0.19347319347319347,0.15888055737748563,0.23350666745869036,0.3939393939393939,0.3488394217607179,0.4409219374031301,0.3752913752913753,0.3307698383385157,0.42202648507392104,0.42424242424242425,0.3783501771889351,0.4714793650709564,0.009324009324009324,0.003631730272433362,0.02372576651855561,0.1655011655011655,0.13333379938220297,0.20360587182685602,0.5198135198135199,0.4725707914471039,0.5667045590387708
"m3rerank(wsum(bm25_stem,dense:bge-m3;w=0.3|0.7))",native_full,vehicle,0,,429,0.986013986013986,0.9698265046906877,0.9935747395804707,1.0,0.9911250210847168,1.0,0.993006993006993,0.9871794871794872,0.9976689976689976,0.4731934731934732,0.42639497062791254,0.5204677904794338,0.8181818181818182,0.778913222741483,0.8518026997669732,0.8927738927738927,0.8599326049727732,0.9186434605413282,0.6182502682502682,0.5819362350612349,0.6546403827653828,0.6538571872907029,0.6219608124607879,0.6855812753596752,0.5431235431235432,0.49581122703964087,0.5896704181354979,0.8717948717948718,0.8368276842279504,0.9001627160658133,0.986013986013986,0.9698265046906877,0.9935747395804707,0.8181818181818182,0.778913222741483,0.8518026997669732,0.013986013986013986,0.006425260419529346,0.030173495309312466,0.0,0.0,0.008874978915283301,0.0,0.0,0.008874978915283301
"m3rerank(wsum(bm25_stem,dense:bge-m3;w=0.3|0.7))",native_model,global,0,,429,0.2540792540792541,0.21519141691509971,0.29733217411316326,0.40559440559440557,0.3601683449544227,0.4526961615540574,0.36573388064540047,0.32805387191340984,0.4036872041874301,0.16783216783216784,0.13545012951928953,0.2061101711586959,0.34965034965034963,0.3060413334177546,0.3959280658364915,0.4219114219114219,0.3760737466631962,0.4691351661277688,0.24667462167462167,0.21146649646649648,0.2821318727568728,0.26673672859539327,0.23226198138635015,0.3010245140734035,0.18414918414918416,0.1503296942794218,0.22357501268104854,0.36596736596736595,0.32176171606421106,0.4125520894725199,0.32867132867132864,0.28591382560565143,0.37446990842825684,0.40792540792540793,0.3624373544603941,0.4550477815170125,0.004662004662004662,0.0012794222258141726,0.016836815627321967,0.11421911421911422,0.08748281215570161,0.14780301073697621,0.627039627039627,0.5803404288062637,0.6714838772502261
"m3rerank(wsum(bm25_stem,dense:bge-m3;w=0.3|0.7))",native_model,vehicle,0,,429,0.9906759906759907,0.9762742334814445,0.9963682697275666,1.0,0.9911250210847168,1.0,0.9953379953379954,0.9906759906759907,0.9988344988344988,0.5431235431235432,0.49581122703964087,0.5896704181354979,0.8554778554778555,0.81904814859485,0.8855978454164288,0.9067599067599068,0.8755206012235943,0.9307792411040658,0.6712222962222962,0.6352063214563214,0.7074330299330298,0.7006785122586723,0.6692480436044046,0.7324691021845302,0.6107226107226107,0.5637953356437067,0.6556845641302982,0.8951048951048951,0.8625193778051505,0.9206773171778775,0.9906759906759907,0.9762742334814445,0.9963682697275666,0.8554778554778555,0.81904814859485,0.8855978454164288,0.009324009324009324,0.003631730272433362,0.02372576651855561,0.0,0.0,0.008874978915283301,0.0,0.0,0.008874978915283301
"m3rerank(wsum(bm25_stem,dense:bge-m3;w=0.3|0.7))",native_plain,global,0,,429,0.19813519813519814,0.16316835243124767,0.2384601313427812,0.3146853146853147,0.2725501970830512,0.3601097601372986,0.2969875682378636,0.26189380748738794,0.33314811406303907,0.1445221445221445,0.11440215458357111,0.18095185140515008,0.29836829836829837,0.25701694047141865,0.3432986104664463,0.38461538461538464,0.33979582375967643,0.43148301752846596,0.21527639027639028,0.1825740231990232,0.24904664779664776,0.23534238209439823,0.20314801552692802,0.26801410640386614,0.14918414918414918,0.11859037476737491,0.18600489015919916,0.30536130536130535,0.26366629433211053,0.35051114501253355,0.26573426573426573,0.22614797943492934,0.3094787589379657,0.351981351981352,0.30828363904162037,0.3983063896815522,0.002331002331002331,0.0004115977258030276,0.01308401065840669,0.08857808857808858,0.06521413279926261,0.11924476593522457,0.710955710955711,0.6663366369883157,0.7518303299495253
"m3rerank(wsum(bm25_stem,dense:bge-m3;w=0.3|0.7))",native_plain,vehicle,0,,429,0.9906759906759907,0.9762742334814445,0.9963682697275666,1.0,0.9911250210847168,1.0,0.9953379953379954,0.9906759906759907,0.9988344988344988,0.5547785547785548,0.5074698587605132,0.6011149337592575,0.8741258741258742,0.839380410115216,0.9022306196474743,0.9370629370629371,0.9099793426342154,0.9563886827894882,0.6883098383098383,0.6536367105117105,0.7232212925962925,0.7249936923962426,0.6947900107207332,0.7547134464702286,0.6456876456876457,0.5993164493280936,0.6894728924798077,0.9067599067599068,0.8755206012235943,0.9307792411040658,0.9906759906759907,0.9762742334814445,0.9963682697275666,0.8741258741258742,0.839380410115216,0.9022306196474743,0.009324009324009324,0.003631730272433362,0.02372576651855561,0.0,0.0,0.008874978915283301,0.0,0.0,0.008874978915283301
name_boost(dense:bge-m3;lam=0.5),cross_plain,global,0,,429,0.05827505827505827,0.03978064413274325,0.08461007150570049,0.11888111888111888,0.09158650379444534,0.15294057803608527,0.11948850569034025,0.09702768189757517,0.14365591958252988,0.039627039627039624,0.024886090201252015,0.0625395896857804,0.07925407925407925,0.05726706544492828,0.10870931541385324,0.1445221445221445,0.11440215458357111,0.18095185140515008,0.06423853923853924,0.0451295695045695,0.08491748991748992,0.0733848962033311,0.05392671234437821,0.09377434049135505,0.04428904428904429,0.028534144547328007,0.06813279427755725,0.10256410256410256,0.07729313946362917,0.13488953608441653,0.07459207459207459,0.05333004505420605,0.10340507686672262,0.11188811188811189,0.0854367157916176,0.1452284776321338,0.002331002331002331,0.0004115977258030276,0.01308401065840669,0.10722610722610723,0.08135653945867186,0.1400673950272267,0.8321678321678322,0.7938898288413042,0.8645498704807105
name_boost(dense:bge-m3;lam=0.5),cross_plain,vehicle,0,,429,0.9836829836829837,0.9667065647956093,0.9920740500066224,1.0,0.9911250210847168,1.0,0.9918414918414918,0.9848484848484849,0.9976689976689976,0.46853146853146854,0.4217997511405959,0.5158217510288975,0.7972027972027972,0.7565943563251325,0.8325359009629858,0.8811188811188811,0.8470594219639148,0.9084134962055547,0.601876826876827,0.5642283411033412,0.6402128427128426,0.6390652101017804,0.606246558971325,0.6725228774191601,0.5501165501165501,0.5028033173265318,0.5965402162553861,0.8438228438228438,0.8064361961545429,0.8751066505121038,0.9836829836829837,0.9667065647956093,0.9920740500066224,0.7972027972027972,0.7565943563251325,0.8325359009629858,0.016317016317016316,0.007925949993377536,0.033293435204390695,0.0,0.0,0.008874978915283301,0.0,0.0,0.008874978915283301
name_boost(dense:bge-m3;lam=0.5),native_full,global,0,,429,0.9557109557109557,0.9318672057224427,0.971465855452672,0.9906759906759907,0.9762742334814445,0.9963682697275666,0.9724941724941726,0.9592832167832167,0.9842268842268843,0.4382284382284382,0.3920307421854272,0.4855225768880228,0.7132867132867133,0.6687488193702398,0.7540387770365276,0.8251748251748252,0.7863912060616471,0.8581866048535882,0.5588753838753839,0.5195566470566471,0.5981393837643837,0.5907329282525045,0.5548965252063274,0.6260975591704001,0.4965034965034965,0.449432116172494,0.5436369396241165,0.7668997668997669,0.7246293807740252,0.8044326934180497,0.958041958041958,0.9346564498719995,0.9732972407720418,0.7249417249417249,0.6808304451617585,0.7650602985896408,0.002331002331002331,0.0004115977258030276,0.01308401065840669,0.02564102564102564,0.014376712464934334,0.04532519060853957,0.016317016317016316,0.007925949993377536,0.033293435204390695
name_boost(dense:bge-m3;lam=0.5),native_full,vehicle,0,,429,0.9976689976689976,0.9869159893415934,0.9995884022741971,1.0,0.9911250210847168,1.0,0.9988344988344988,0.9965034965034965,1.0,0.44522144522144524,0.3988850662407425,0.4925301412394868,0.7296037296037297,0.6856729582817297,0.7694590444075226,0.8508158508158508,0.8139951098408008,0.881409625232625,0.5734635734635735,0.5352558090058089,0.6118317562067562,0.6084925283988815,0.5743820510529114,0.6426382077259087,0.5081585081585082,0.4609887636225293,0.5551834395187133,0.7878787878787878,0.7467263880650792,0.8239213513473334,0.9976689976689976,0.9869159893415934,0.9995884022741971,0.7296037296037297,0.6856729582817297,0.7694590444075226,0.002331002331002331,0.0004115977258030276,0.01308401065840669,0.0,0.0,0.008874978915283301,0.0,0.0,0.008874978915283301
name_boost(dense:bge-m3;lam=0.5),native_model,global,0,,429,0.7785547785547785,0.7368879403132116,0.8152772812234954,0.9417249417249417,0.9153899284942995,0.9602193558672567,0.858069338221539,0.8315448018090964,0.883492516099468,0.40559440559440557,0.3601683449544227,0.4526961615540574,0.6713286713286714,0.6255300915717432,0.7140861743943485,0.7692307692307693,0.7270776829901405,0.8066050206708609,0.5267649017649018,0.4876771376771377,0.5679179616679616,0.5525950315845068,0.5162028341315439,0.5899862382297544,0.45454545454545453,0.40803862143315867,0.5018591039227763,0.7132867132867133,0.6687488193702398,0.7540387770365276,0.7948717948717948,0.7541245182812059,0.830385109537986,0.682983682983683,0.6374937647607524,0.7252256485499715,0.009324009324009324,0.003631730272433362,0.02372576651855561,0.05128205128205128,0.034106755874188835,0.07642207135747567,0.16083916083916083,0.1291085151111866,0.19858989716001957
name_boost(dense:bge-m3;lam=0.5),native_model,vehicle,0,,429,0.9906759906759907,0.9762742334814445,0.9963682697275666,1.0,0.9911250210847168,1.0,0.9953379953379954,0.9906759906759907,0.9988344988344988,0.48717948717948717,0.44020506518994423,0.5343814727309606,0.7645687645687645,0.7221827478234447,0.8022586968997037,0.8694638694638694,0.8342782978532459,0.8980914729715914,0.6156732156732155,0.5775417175417176,0.6544378538128538,0.6450889459241285,0.6116974298311207,0.678811273910055,0.5547785547785548,0.5074698587605132,0.6011149337592575,0.8111888111888111,0.7714549627241257,0.8453990713775511,0.9906759906759907,0.9762742334814445,0.9963682697275666,0.7645687645687645,0.7221827478234447,0.8022586968997037,0.009324009324009324,0.003631730272433362,0.02372576651855561,0.0,0.0,0.008874978915283301,0.0,0.0,0.008874978915283301
name_boost(dense:bge-m3;lam=0.5),native_plain,global,0,,429,0.1351981351981352,0.10606073686102929,0.17081075125198625,0.2703962703962704,0.2305409555924775,0.31432704171827036,0.2394115221147714,0.20884872907584326,0.2708771489745841,0.0979020979020979,0.0732475094683459,0.12969390714184698,0.2517482517482518,0.21300464343980097,0.2948983181195356,0.31934731934731936,0.27699976216776945,0.3649014539904333,0.15976708476708476,0.1315931290931291,0.1885924260924261,0.17785188974914223,0.1496429546827435,0.2064532062177665,0.10023310023310024,0.07526803680326964,0.13229400927584967,0.25874125874125875,0.21956954261721856,0.30219530734889727,0.19813519813519814,0.16316835243124767,0.2384601313427812,0.30303030303030304,0.2614485366470758,0.348108273228642,0.004662004662004662,0.0012794222258141726,0.016836815627321967,0.10256410256410256,0.07729313946362917,0.13488953608441653,0.7575757575757576,0.7148526967794001,0.7957268595369692
name_boost(dense:bge-m3;lam=0.5),native_plain,vehicle,0,,429,0.9883449883449883,0.9730101908049245,0.9950116829351601,1.0,0.9911250210847168,1.0,0.9941724941724942,0.9883449883449883,0.9988344988344988,0.5244755244755245,0.47721071874186416,0.5713058906818633,0.8438228438228438,0.8064361961545429,0.8751066505121038,0.9090909090909091,0.8781353183380667,0.9327851534585196,0.6603239353239354,0.6233990315240314,0.6964616402116401,0.6899371864085814,0.6580627868992407,0.721273271454132,0.5967365967365967,0.5496565293471652,0.6420995936132811,0.8764568764568764,0.8419365534065953,0.9042951058250212,0.9883449883449883,0.9730101908049245,0.9950116829351601,0.8438228438228438,0.8064361961545429,0.8751066505121038,0.011655011655011656,0.004988317064839966,0.02698980919507543,0.0,0.0,0.008874978915283301,0.0,0.0,0.008874978915283301
"name_router(wsum(bm25_stem,dense:bge-m3;w=0.3|0.7))",cross_plain,global,0,,429,0.04895104895104895,0.03223701256359725,0.07367118519914084,0.10256410256410256,0.07729313946362917,0.13488953608441653,0.10813267292275588,0.08720838022873684,0.1309949231633116,0.04195804195804196,0.026702759227958207,0.06534355012800064,0.08391608391608392,0.061229036364260206,0.11398860343237417,0.1282051282051282,0.09983728393418664,0.16317231577204963,0.0633144633144633,0.044065147815147816,0.08477762977762976,0.06893491850100116,0.04956239523701761,0.08965090155437311,0.04195804195804196,0.026702759227958207,0.06534355012800064,0.09324009324009325,0.06922075889593421,0.12447939877640582,0.06526806526806526,0.04553961105678906,0.09271299298843397,0.1048951048951049,0.07932268282212253,0.13748062219484958,0.0,0.0,0.008874978915283301,0.1048951048951049,0.07932268282212253,0.13748062219484958,0.8461538461538461,0.8089531496539157,0.8772103264816573
"name_router(wsum(bm25_stem,dense:bge-m3;w=0.3|0.7))",cross_plain,vehicle,0,,429,0.986013986013986,0.9698265046906877,0.9935747395804707,1.0,0.9911250210847168,1.0,0.993006993006993,0.9871794871794872,0.9976689976689976,0.4731934731934732,0.42639497062791254,0.5204677904794338,0.8018648018648019,0.7615398686572189,0.8368316475687524,0.8951048951048951,0.8625193778051505,0.9206773171778775,0.6054741554741554,0.5681808469308469,0.6426284595034595,0.6441623643487727,0.6120367407347808,0.677124581693879,0.5641025641025641,0.5168153518614366,0.6102519585340399,0.8391608391608392,0.8014101028399805,0.8708914848888134,0.986013986013986,0.9698265046906877,0.9935747395804707,0.8018648018648019,0.7615398686572189,0.8368316475687524,0.013986013986013986,0.006425260419529346,0.030173495309312466,0.0,0.0,0.008874978915283301,0.0,0.0,0.008874978915283301
"name_router(wsum(bm25_stem,dense:bge-m3;w=0.3|0.7))",native_full,global,0,,429,0.9906759906759907,0.9762742334814445,0.9963682697275666,0.9953379953379954,0.9831631843726782,0.9987205777741859,0.993006993006993,0.9848484848484849,0.9988344988344988,0.47785547785547783,0.43099426631567495,0.5251097537295242,0.7925407925407926,0.7516565931315414,0.8282324052187241,0.8834498834498834,0.8496263219368583,0.9104672257015374,0.6085941835941836,0.5709741647241646,0.6466145891145891,0.6483309023713862,0.61553212538139,0.6816169547702724,0.5384615384615384,0.4911549657857586,0.5850854204515271,0.8344988344988346,0.796394128173144,0.8666662006177971,0.9906759906759907,0.9762742334814445,0.9963682697275666,0.7925407925407926,0.7516565931315414,0.8282324052187241,0.004662004662004662,0.0012794222258141726,0.016836815627321967,0.004662004662004662,0.0012794222258141726,0.016836815627321967,0.0,0.0,0.008874978915283301
"name_router(wsum(bm25_stem,dense:bge-m3;w=0.3|0.7))",native_full,vehicle,0,,429,0.9953379953379954,0.9831631843726782,0.9987205777741859,0.9953379953379954,0.9831631843726782,0.9987205777741859,0.9953379953379954,0.9831631843726782,0.9987205777741859,0.47785547785547783,0.43099426631567495,0.5251097537295242,0.7925407925407926,0.7516565931315414,0.8282324052187241,0.8857808857808858,0.8521969892630238,0.9125171878442985,0.6088272838272838,0.5711722074222074,0.646816031191031,0.6490047131553441,0.6162469280327986,0.6822475680816027,0.5407925407925408,0.49348258400955447,0.5873784316966579,0.8344988344988346,0.796394128173144,0.8666662006177971,0.9953379953379954,0.9831631843726782,0.9987205777741859,0.7925407925407926,0.7516565931315414,0.8282324052187241,0.004662004662004662,0.0012794222258141726,0.016836815627321967,0.0,0.0,0.008874978915283301,0.0,0.0,0.008874978915283301
"name_router(wsum(bm25_stem,dense:bge-m3;w=0.3|0.7))",native_model,global,0,,429,0.9836829836829837,0.9667065647956093,0.9920740500066224,0.9953379953379954,0.9831631843726782,0.9987205777741859,0.9895104895104895,0.9801864801864801,0.9965034965034965,0.5221445221445221,0.4748902462704758,0.569005733684325,0.8461538461538461,0.8089531496539157,0.8772103264816573,0.8974358974358975,0.8651104639155835,0.9227068605363709,0.6551578051578052,0.6191868085618085,0.6925251137751138,0.6905308162754191,0.6588147992468851,0.7234839805683048,0.5757575757575758,0.5285206349290437,0.621649822811065,0.8764568764568764,0.8419365534065953,0.9042951058250212,0.9883449883449883,0.9730101908049245,0.9950116829351601,0.8484848484848485,0.8114727709833476,0.8793113346211521,0.006993006993006993,0.0023810456854944425,0.020355821636568114,0.009324009324009324,0.003631730272433362,0.02372576651855561,0.0,0.0,0.008874978915283301
"name_router(wsum(bm25_stem,dense:bge-m3;w=0.3|0.7))",native_model,vehicle,0,,429,0.993006993006993,0.979644178363432,0.9976189543145055,0.9953379953379954,0.9831631843726782,0.9987205777741859,0.9941724941724942,0.986013986013986,1.0,0.5268065268065268,0.4795322095205663,0.5736050293720876,0.8508158508158508,0.8139951098408008,0.881409625232625,0.9044289044289044,0.8729109127376017,0.9287683001211319,0.6592167092167093,0.6232964489214489,0.6961605755355755,0.6950061832550211,0.6632309861230716,0.727379104676317,0.5804195804195804,0.5332100854368002,0.6262016312411612,0.8834498834498834,0.8496263219368583,0.9104672257015374,0.993006993006993,0.979644178363432,0.9976189543145055,0.8508158508158508,0.8139951098408008,0.881409625232625,0.006993006993006993,0.0023810456854944425,0.020355821636568114,0.0,0.0,0.008874978915283301,0.0,0.0,0.008874978915283301
"name_router(wsum(bm25_stem,dense:bge-m3;w=0.3|0.7))",native_plain,global,0,,429,0.18414918414918416,0.1503296942794218,0.22357501268104854,0.32167832167832167,0.2792264219690699,0.36729542365805923,0.2964647140191075,0.2634391320108908,0.331391314320808,0.14685314685314685,0.11649485329383594,0.1834797821638117,0.289044289044289,0.24816967005047474,0.3336633630116844,0.372960372960373,0.328516122749774,0.41965957119373637,0.21178451178451177,0.17835851648351647,0.24567663817663815,0.2308003745836136,0.19850960956669642,0.26334484526197754,0.1445221445221445,0.11440215458357111,0.18095185140515008,0.3076923076923077,0.2658853472608117,0.3529127215527589,0.26107226107226106,0.2217608680442633,0.3046246113907789,0.351981351981352,0.30828363904162037,0.3983063896815522,0.002331002331002331,0.0004115977258030276,0.01308401065840669,0.10955710955710955,0.08339458863052511,0.14264997532429988,0.703962703962704,0.659108197723367,0.7451968808076948
"name_router(wsum(bm25_stem,dense:bge-m3;w=0.3|0.7))",native_plain,vehicle,0,,429,0.993006993006993,0.979644178363432,0.9976189543145055,1.0,0.9911250210847168,1.0,0.9965034965034965,0.9918414918414918,1.0,0.5874125874125874,0.540252180002088,0.6330214250826528,0.8857808857808858,0.8521969892630238,0.9125171878442985,0.9393939393939394,0.9126801685446924,0.9583084863479376,0.7116392866392866,0.6764057470307471,0.7457609520109519,0.7433089601403301,0.7127709324745296,0.7729764423541694,0.662004662004662,0.6159811856392811,0.7051525624511051,0.9114219114219114,0.8807552340647755,0.9347858672007374,0.993006993006993,0.979644178363432,0.9976189543145055,0.8857808857808858,0.8521969892630238,0.9125171878442985,0.006993006993006993,0.0023810456854944425,0.020355821636568114,0.0,0.0,0.008874978915283301,0.0,0.0,0.008874978915283301
"name_router_strip(wsum(bm25_stem,dense:bge-m3;w=0.3|0.7))",cross_plain,global,0,,429,0.04895104895104895,0.03223701256359725,0.07367118519914084,0.10256410256410256,0.07729313946362917,0.13488953608441653,0.10813267292275588,0.08720838022873684,0.1309949231633116,0.04195804195804196,0.026702759227958207,0.06534355012800064,0.08391608391608392,0.061229036364260206,0.11398860343237417,0.1282051282051282,0.09983728393418664,0.16317231577204963,0.0633144633144633,0.044065147815147816,0.08477762977762976,0.06893491850100116,0.04956239523701761,0.08965090155437311,0.04195804195804196,0.026702759227958207,0.06534355012800064,0.09324009324009325,0.06922075889593421,0.12447939877640582,0.06526806526806526,0.04553961105678906,0.09271299298843397,0.1048951048951049,0.07932268282212253,0.13748062219484958,0.0,0.0,0.008874978915283301,0.1048951048951049,0.07932268282212253,0.13748062219484958,0.8461538461538461,0.8089531496539157,0.8772103264816573
"name_router_strip(wsum(bm25_stem,dense:bge-m3;w=0.3|0.7))",cross_plain,vehicle,0,,429,0.986013986013986,0.9698265046906877,0.9935747395804707,1.0,0.9911250210847168,1.0,0.993006993006993,0.9871794871794872,0.9976689976689976,0.4731934731934732,0.42639497062791254,0.5204677904794338,0.8018648018648019,0.7615398686572189,0.8368316475687524,0.8951048951048951,0.8625193778051505,0.9206773171778775,0.6054741554741554,0.5681808469308469,0.6426284595034595,0.6441623643487727,0.6120367407347808,0.677124581693879,0.5641025641025641,0.5168153518614366,0.6102519585340399,0.8391608391608392,0.8014101028399805,0.8708914848888134,0.986013986013986,0.9698265046906877,0.9935747395804707,0.8018648018648019,0.7615398686572189,0.8368316475687524,0.013986013986013986,0.006425260419529346,0.030173495309312466,0.0,0.0,0.008874978915283301,0.0,0.0,0.008874978915283301
"name_router_strip(wsum(bm25_stem,dense:bge-m3;w=0.3|0.7))",native_full,global,0,,429,0.9953379953379954,0.9831631843726782,0.9987205777741859,0.9953379953379954,0.9831631843726782,0.9987205777741859,0.9953379953379954,0.9831631843726782,0.9987205777741859,0.578088578088578,0.5308648338722313,0.6239262533368037,0.8717948717948718,0.8368276842279504,0.9001627160658133,0.9230769230769231,0.8939395607727904,0.9447046878373547,0.7006937506937507,0.665087481962482,0.7357390063640065,0.7329459251426861,0.7019142696971666,0.763402237398685,0.6503496503496503,0.6040719341635085,0.6939586665822454,0.8904428904428905,0.8573500246757002,0.916605411369475,0.9953379953379954,0.9831631843726782,0.9987205777741859,0.8717948717948718,0.8368276842279504,0.9001627160658133,0.004662004662004662,0.0012794222258141726,0.016836815627321967,0.0,0.0,0.008874978915283301,0.0,0.0,0.008874978915283301
"name_router_strip(wsum(bm25_stem,dense:bge-m3;w=0.3|0.7))",native_full,vehicle,0,,429,0.9953379953379954,0.9831631843726782,0.9987205777741859,0.9953379953379954,0.9831631843726782,0.9987205777741859,0.9953379953379954,0.9831631843726782,0.9987205777741859,0.578088578088578,0.5308648338722313,0.6239262533368037,0.8717948717948718,0.8368276842279504,0.9001627160658133,0.9230769230769231,0.8939395607727904,0.9447046878373547,0.7007677507677508,0.6652255152255152,0.7358631183631184,0.7330212242980926,0.701989568852573,0.7635028983311095,0.6503496503496503,0.6040719341635085,0.6939586665822454,0.8904428904428905,0.8573500246757002,0.916605411369475,0.9953379953379954,0.9831631843726782,0.9987205777741859,0.8717948717948718,0.8368276842279504,0.9001627160658133,0.004662004662004662,0.0012794222258141726,0.016836815627321967,0.0,0.0,0.008874978915283301,0.0,0.0,0.008874978915283301
"name_router_strip(wsum(bm25_stem,dense:bge-m3;w=0.3|0.7))",native_model,global,0,,429,0.9836829836829837,0.9667065647956093,0.9920740500066224,0.9953379953379954,0.9831631843726782,0.9987205777741859,0.9895104895104895,0.9801864801864801,0.9965034965034965,0.5734265734265734,0.5261774863109362,0.619372341960246,0.8671328671328671,0.8317321764742199,0.8960169648816908,0.9184149184149184,0.8886480417110011,0.940754947961291,0.6958763458763458,0.6600361906611907,0.7310203916453917,0.7275590202990251,0.6965562277368772,0.7580585025125374,0.6433566433566433,0.5969404460267994,0.6872282663121753,0.8904428904428905,0.8573500246757002,0.916605411369475,0.986013986013986,0.9698265046906877,0.9935747395804707,0.8694638694638694,0.8342782978532459,0.8980914729715914,0.004662004662004662,0.0012794222258141726,0.016836815627321967,0.011655011655011656,0.004988317064839966,0.02698980919507543,0.0,0.0,0.008874978915283301
"name_router_strip(wsum(bm25_stem,dense:bge-m3;w=0.3|0.7))",native_model,vehicle,0,,429,0.9953379953379954,0.9831631843726782,0.9987205777741859,0.9953379953379954,0.9831631843726782,0.9987205777741859,0.9953379953379954,0.9831631843726782,0.9987205777741859,0.578088578088578,0.5308648338722313,0.6239262533368037,0.8717948717948718,0.8368276842279504,0.9001627160658133,0.9230769230769231,0.8939395607727904,0.9447046878373547,0.7007677507677508,0.6652255152255152,0.7358631183631184,0.7324155631142498,0.7014003394912018,0.7627387137887827,0.6503496503496503,0.6040719341635085,0.6939586665822454,0.8904428904428905,0.8573500246757002,0.916605411369475,0.9953379953379954,0.9831631843726782,0.9987205777741859,0.8717948717948718,0.8368276842279504,0.9001627160658133,0.004662004662004662,0.0012794222258141726,0.016836815627321967,0.0,0.0,0.008874978915283301,0.0,0.0,0.008874978915283301
"name_router_strip(wsum(bm25_stem,dense:bge-m3;w=0.3|0.7))",native_plain,global,0,,429,0.18414918414918416,0.1503296942794218,0.22357501268104854,0.32167832167832167,0.2792264219690699,0.36729542365805923,0.2964647140191075,0.2634391320108908,0.331391314320808,0.14685314685314685,0.11649485329383594,0.1834797821638117,0.289044289044289,0.24816967005047474,0.3336633630116844,0.372960372960373,0.328516122749774,0.41965957119373637,0.21178451178451177,0.17835851648351647,0.24567663817663815,0.2308003745836136,0.19850960956669642,0.26334484526197754,0.1445221445221445,0.11440215458357111,0.18095185140515008,0.3076923076923077,0.2658853472608117,0.3529127215527589,0.26107226107226106,0.2217608680442633,0.3046246113907789,0.351981351981352,0.30828363904162037,0.3983063896815522,0.002331002331002331,0.0004115977258030276,0.01308401065840669,0.10955710955710955,0.08339458863052511,0.14264997532429988,0.703962703962704,0.659108197723367,0.7451968808076948
"name_router_strip(wsum(bm25_stem,dense:bge-m3;w=0.3|0.7))",native_plain,vehicle,0,,429,0.993006993006993,0.979644178363432,0.9976189543145055,1.0,0.9911250210847168,1.0,0.9965034965034965,0.9918414918414918,1.0,0.5874125874125874,0.540252180002088,0.6330214250826528,0.8857808857808858,0.8521969892630238,0.9125171878442985,0.9393939393939394,0.9126801685446924,0.9583084863479376,0.7116392866392866,0.6764057470307471,0.7457609520109519,0.7433089601403301,0.7127709324745296,0.7729764423541694,0.662004662004662,0.6159811856392811,0.7051525624511051,0.9114219114219114,0.8807552340647755,0.9347858672007374,0.993006993006993,0.979644178363432,0.9976189543145055,0.8857808857808858,0.8521969892630238,0.9125171878442985,0.006993006993006993,0.0023810456854944425,0.020355821636568114,0.0,0.0,0.008874978915283301,0.0,0.0,0.008874978915283301
"rerank(name_router_strip(wsum(bm25_stem,dense:bge-m3;w=0.3|0.7)))",cross_plain,global,0,,429,0.06993006993006994,0.04942007850614146,0.0980737844769344,0.14918414918414918,0.11859037476737491,0.18600489015919916,0.12994436750072855,0.10514979789709823,0.15618506072077418,0.06060606060606061,0.04169151365206244,0.08731983145530772,0.1351981351981352,0.10606073686102929,0.17081075125198625,0.18181818181818182,0.14819730023302682,0.22108677725851714,0.09300514300514301,0.06989954489954489,0.11710444647944647,0.09909431639506007,0.07664648683288583,0.12269208398082318,0.06526806526806526,0.04553961105678906,0.09271299298843397,0.1445221445221445,0.11440215458357111,0.18095185140515008,0.1048951048951049,0.07932268282212253,0.13748062219484958,0.16783216783216784,0.13545012951928953,0.2061101711586959,0.0,0.0,0.008874978915283301,0.15151515151515152,0.12068866537884795,0.18852722901665256,0.7785547785547785,0.7368879403132116,0.8152772812234954
"rerank(name_router_strip(wsum(bm25_stem,dense:bge-m3;w=0.3|0.7)))",cross_plain,vehicle,0,,429,0.9906759906759907,0.9762742334814445,0.9963682697275666,1.0,0.9911250210847168,1.0,0.9953379953379954,0.9906759906759907,0.9988344988344988,0.6410256410256411,0.5945655953681456,0.6849824875019029,0.8857808857808858,0.8521969892630238,0.9125171878442985,0.9324009324009324,0.9046027555736789,0.9525240109121718,0.7458106708106709,0.7114205932955932,0.7793862156362156,0.7719794546268428,0.7414967717161475,0.8012597980912235,0.682983682983683,0.6374937647607524,0.7252256485499715,0.9114219114219114,0.8807552340647755,0.9347858672007374,0.9906759906759907,0.9762742334814445,0.9963682697275666,0.8857808857808858,0.8521969892630238,0.9125171878442985,0.009324009324009324,0.003631730272433362,0.02372576651855561,0.0,0.0,0.008874978915283301,0.0,0.0,0.008874978915283301
"rerank(name_router_strip(wsum(bm25_stem,dense:bge-m3;w=0.3|0.7)))",native_full,global,0,,429,0.9906759906759907,0.9762742334814445,0.9963682697275666,0.9953379953379954,0.9831631843726782,0.9987205777741859,0.993006993006993,0.9848484848484849,0.9988344988344988,0.6433566433566433,0.5969404460267994,0.6872282663121753,0.9230769230769231,0.8939395607727904,0.9447046878373547,0.9627039627039627,0.9402802768160307,0.9769146727658634,0.7569874569874571,0.7239591658341658,0.7893828393828393,0.7876038127662491,0.7600186056940406,0.8138704907837964,0.696969696969697,0.6518917267713581,0.7385514633529243,0.9347319347319347,0.9072870070115661,0.954460388943211,0.9906759906759907,0.9762742334814445,0.9963682697275666,0.9230769230769231,0.8939395607727904,0.9447046878373547,0.006993006993006993,0.0023810456854944425,0.020355821636568114,0.002331002331002331,0.0004115977258030276,0.01308401065840669,0.0,0.0,0.008874978915283301
"rerank(name_router_strip(wsum(bm25_stem,dense:bge-m3;w=0.3|0.7)))",native_full,vehicle,0,,429,0.993006993006993,0.979644178363432,0.9976189543145055,0.9953379953379954,0.9831631843726782,0.9987205777741859,0.9941724941724942,0.986013986013986,1.0,0.6433566433566433,0.5969404460267994,0.6872282663121753,0.9254079254079254,0.8965949231332774,0.9466699549457939,0.965034965034965,0.9431174160687201,0.9786981629821003,0.7582695082695082,0.7254574592074593,0.7905516011766012,0.7891766647578816,0.7615794382083543,0.8152597866415096,0.6993006993006993,0.654295902117255,0.7407679174759538,0.9347319347319347,0.9072870070115661,0.954460388943211,0.993006993006993,0.979644178363432,0.9976189543145055,0.9254079254079254,0.8965949231332774,0.9466699549457939,0.006993006993006993,0.0023810456854944425,0.020355821636568114,0.0,0.0,0.008874978915283301,0.0,0.0,0.008874978915283301
"rerank(name_router_strip(wsum(bm25_stem,dense:bge-m3;w=0.3|0.7)))",native_model,global,0,,429,0.9836829836829837,0.9667065647956093,0.9920740500066224,0.9953379953379954,0.9831631843726782,0.9987205777741859,0.9895104895104895,0.9801864801864801,0.9965034965034965,0.6853146853146853,0.6398902398627014,0.7274498029169488,0.9277389277389277,0.8992570436500482,0.9486284638979496,0.9627039627039627,0.9402802768160307,0.9769146727658634,0.7848947348947348,0.753540464165464,0.815964059089059,0.8100592504170123,0.782953015781835,0.8360591649906747,0.7389277389277389,0.6953753886092211,0.7782391319557367,0.9393939393939394,0.9126801685446924,0.9583084863479376,0.993006993006993,0.979644178363432,0.9976189543145055,0.9300699300699301,0.9019262155230656,0.9505799214938586,0.004662004662004662,0.0012794222258141726,0.016836815627321967,0.011655011655011656,0.004988317064839966,0.02698980919507543,0.0,0.0,0.008874978915283301
"rerank(name_router_strip(wsum(bm25_stem,dense:bge-m3;w=0.3|0.7)))",native_model,vehicle,0,,429,0.9953379953379954,0.9831631843726782,0.9987205777741859,0.9953379953379954,0.9831631843726782,0.9987205777741859,0.9953379953379954,0.9831631843726782,0.9987205777741859,0.6899766899766899,0.6446869890179051,0.7318943126995979,0.9347319347319347,0.9072870070115661,0.954460388943211,0.9696969696969697,0.9488501124038485,0.9822067255848249,0.791010841010841,0.7601305176305175,0.8214004976504977,0.8154090217432907,0.7893689702095025,0.840722818969457,0.7412587412587412,0.6978046926511028,0.7804304573827816,0.9440559440559441,0.9181091089836818,0.962120804846801,0.9953379953379954,0.9831631843726782,0.9987205777741859,0.9347319347319347,0.9072870070115661,0.954460388943211,0.004662004662004662,0.0012794222258141726,0.016836815627321967,0.0,0.0,0.008874978915283301,0.0,0.0,0.008874978915283301
"rerank(name_router_strip(wsum(bm25_stem,dense:bge-m3;w=0.3|0.7)))",native_plain,global,0,,429,0.22843822843822845,0.19122433878112116,0.27047232808895116,0.3706293706293706,0.326263527644609,0.4172915368299749,0.3311033839569478,0.29498499224890734,0.3682891775456472,0.1864801864801865,0.15246424733964914,0.22606108908974765,0.372960372960373,0.328516122749774,0.41965957119373637,0.4592074592074592,0.4126215683033422,0.5065174159904456,0.2659266659266659,0.23056462056462057,0.302328366078366,0.2917295115405725,0.25689211479252944,0.32736259113609956,0.1958041958041958,0.16102344783933376,0.23598440646576868,0.372960372960373,0.328516122749774,0.41965957119373637,0.3146853146853147,0.2725501970830512,0.3601097601372986,0.4289044289044289,0.3829061869968991,0.47616461420084527,0.006993006993006993,0.0023810456854944425,0.020355821636568114,0.1258741258741259,0.09776938035252583,0.16061958988478406,0.6386946386946387,0.5921918924227842,0.6827355609783377
"rerank(name_router_strip(wsum(bm25_stem,dense:bge-m3;w=0.3|0.7)))",native_plain,vehicle,0,,429,0.9883449883449883,0.9730101908049245,0.9950116829351601,1.0,0.9911250210847168,1.0,0.9941724941724942,0.9883449883449883,0.9988344988344988,0.7226107226107226,0.6784113237076711,0.7628587905748018,0.9370629370629371,0.9099793426342154,0.9563886827894882,0.9673659673659674,0.9459734110446689,0.9804627974750779,0.813984163984164,0.7832286463536463,0.8428766372516372,0.8375136069843513,0.8115672559724925,0.8622728408264196,0.7692307692307693,0.7270776829901405,0.8066050206708609,0.958041958041958,0.9346564498719995,0.9732972407720418,0.9883449883449883,0.9730101908049245,0.9950116829351601,0.9370629370629371,0.9099793426342154,0.9563886827894882,0.011655011655011656,0.004988317064839966,0.02698980919507543,0.0,0.0,0.008874978915283301,0.0,0.0,0.008874978915283301
"rerank(wsum(bm25_stem,dense:bge-m3;w=0.3|0.7))",cross_plain,global,0,,429,0.06993006993006994,0.04942007850614146,0.0980737844769344,0.14918414918414918,0.11859037476737491,0.18600489015919916,0.12994436750072855,0.10514979789709823,0.15618506072077418,0.06060606060606061,0.04169151365206244,0.08731983145530772,0.1351981351981352,0.10606073686102929,0.17081075125198625,0.18181818181818182,0.14819730023302682,0.22108677725851714,0.09300514300514301,0.06989954489954489,0.11710444647944647,0.09909431639506007,0.07664648683288583,0.12269208398082318,0.06526806526806526,0.04553961105678906,0.09271299298843397,0.1445221445221445,0.11440215458357111,0.18095185140515008,0.1048951048951049,0.07932268282212253,0.13748062219484958,0.16783216783216784,0.13545012951928953,0.2061101711586959,0.0,0.0,0.008874978915283301,0.15151515151515152,0.12068866537884795,0.18852722901665256,0.7785547785547785,0.7368879403132116,0.8152772812234954
"rerank(wsum(bm25_stem,dense:bge-m3;w=0.3|0.7))",cross_plain,vehicle,0,,429,0.9906759906759907,0.9762742334814445,0.9963682697275666,1.0,0.9911250210847168,1.0,0.9953379953379954,0.9906759906759907,0.9988344988344988,0.6410256410256411,0.5945655953681456,0.6849824875019029,0.8857808857808858,0.8521969892630238,0.9125171878442985,0.9324009324009324,0.9046027555736789,0.9525240109121718,0.7458106708106709,0.7114205932955932,0.7793862156362156,0.7719794546268428,0.7414967717161475,0.8012597980912235,0.682983682983683,0.6374937647607524,0.7252256485499715,0.9114219114219114,0.8807552340647755,0.9347858672007374,0.9906759906759907,0.9762742334814445,0.9963682697275666,0.8857808857808858,0.8521969892630238,0.9125171878442985,0.009324009324009324,0.003631730272433362,0.02372576651855561,0.0,0.0,0.008874978915283301,0.0,0.0,0.008874978915283301
"rerank(wsum(bm25_stem,dense:bge-m3;w=0.3|0.7))",native_full,global,0,,429,0.4195804195804196,0.3737983687588389,0.46678991456319985,0.5710955710955711,0.5238353857991547,0.617093813003101,0.5220803915713049,0.4805459672193215,0.5629051307104014,0.3006993006993007,0.25923208252404617,0.34570409788274514,0.4731934731934732,0.42639497062791254,0.5204677904794338,0.5454545454545454,0.4981408960772238,0.5919613785668414,0.3739214489214489,0.3321190383690384,0.415885249010249,0.3847237375737191,0.34566778597219705,0.42441820892757565,0.32634032634032634,0.2836834605581472,0.3720796440068347,0.49417249417249415,0.4471238308835312,0.5413245954441529,0.5128205128205128,0.4656185272690394,0.5597949348100557,0.5547785547785548,0.5074698587605132,0.6011149337592575,0.002331002331002331,0.0004115977258030276,0.01308401065840669,0.19114219114219114,0.15673970828169287,0.23102688708555674,0.38694638694638694,0.3420550813163108,0.433844389440758
"rerank(wsum(bm25_stem,dense:bge-m3;w=0.3|0.7))",native_full,vehicle,0,,429,0.993006993006993,0.979644178363432,0.9976189543145055,1.0,0.9911250210847168,1.0,0.9965034965034965,0.9918414918414918,1.0,0.6293706293706294,0.5827084631700251,0.673736472355391,0.9114219114219114,0.8807552340647755,0.9347858672007374,0.9487179487179487,0.9235779286425243,0.9658932441258112,0.7458217708217709,0.7124800199800201,0.7786309523809524,0.7723451251980696,0.7438493020044226,0.7998422060368411,0.6806526806526807,0.6350985460095668,0.7230002378322307,0.9277389277389277,0.8992570436500482,0.9486284638979496,0.993006993006993,0.979644178363432,0.9976189543145055,0.9114219114219114,0.8807552340647755,0.9347858672007374,0.006993006993006993,0.0023810456854944425,0.020355821636568114,0.0,0.0,0.008874978915283301,0.0,0.0,0.008874978915283301
"rerank(wsum(bm25_stem,dense:bge-m3;w=0.3|0.7))",native_model,global,0,,429,0.3333333333333333,0.2903782139963267,0.37924677897543446,0.4825174825174825,0.43559763266203977,0.5297476463210121,0.43258686449249417,0.3922393240864259,0.4735438902007114,0.24242424242424243,0.20427314046303083,0.28514730322059995,0.43356643356643354,0.3874663807382864,0.48084567939731077,0.5104895104895105,0.4633031377727509,0.5574896948374181,0.32430254930254926,0.2852392746142746,0.3636390461390461,0.33871494828010656,0.3017032799255226,0.3766236729078875,0.26573426573426573,0.22614797943492934,0.3094787589379657,0.4289044289044289,0.3829061869968991,0.47616461420084527,0.4125874125874126,0.36697857491734737,0.4597478199979121,0.49417249417249415,0.4471238308835312,0.5413245954441529,0.009324009324009324,0.003631730272433362,0.02372576651855561,0.12354312354312354,0.09570489417497881,0.1580634465934047,0.5337995337995338,0.48650279929626333,0.5804963280031696
"rerank(wsum(bm25_stem,dense:bge-m3;w=0.3|0.7))",native_model,vehicle,0,,429,0.9883449883449883,0.9730101908049245,0.9950116829351601,1.0,0.9911250210847168,1.0,0.9941724941724942,0.9883449883449883,0.9988344988344988,0.6736596736596736,0.6279203559931653,0.7163165394418528,0.916083916083916,0.8860113965676258,0.9387709636357399,0.9557109557109557,0.9318672057224427,0.971465855452672,0.7759536759536759,0.743547817922818,0.8071442677692677,0.8001500120756022,0.7726239588654816,0.8266975572733419,0.7226107226107226,0.6784113237076711,0.7628587905748018,0.9300699300699301,0.9019262155230656,0.9505799214938586,0.9883449883449883,0.9730101908049245,0.9950116829351601,0.916083916083916,0.8860113965676258,0.9387709636357399,0.011655011655011656,0.004988317064839966,0.02698980919507543,0.0,0.0,0.008874978915283301,0.0,0.0,0.008874978915283301
"rerank(wsum(bm25_stem,dense:bge-m3;w=0.3|0.7))",native_plain,global,0,,429,0.22843822843822845,0.19122433878112116,0.27047232808895116,0.3706293706293706,0.326263527644609,0.4172915368299749,0.3311033839569478,0.29498499224890734,0.3682891775456472,0.1864801864801865,0.15246424733964914,0.22606108908974765,0.372960372960373,0.328516122749774,0.41965957119373637,0.4592074592074592,0.4126215683033422,0.5065174159904456,0.2659266659266659,0.23056462056462057,0.302328366078366,0.2917295115405725,0.25689211479252944,0.32736259113609956,0.1958041958041958,0.16102344783933376,0.23598440646576868,0.372960372960373,0.328516122749774,0.41965957119373637,0.3146853146853147,0.2725501970830512,0.3601097601372986,0.4289044289044289,0.3829061869968991,0.47616461420084527,0.006993006993006993,0.0023810456854944425,0.020355821636568114,0.1258741258741259,0.09776938035252583,0.16061958988478406,0.6386946386946387,0.5921918924227842,0.6827355609783377
"rerank(wsum(bm25_stem,dense:bge-m3;w=0.3|0.7))",native_plain,vehicle,0,,429,0.9883449883449883,0.9730101908049245,0.9950116829351601,1.0,0.9911250210847168,1.0,0.9941724941724942,0.9883449883449883,0.9988344988344988,0.7226107226107226,0.6784113237076711,0.7628587905748018,0.9370629370629371,0.9099793426342154,0.9563886827894882,0.9673659673659674,0.9459734110446689,0.9804627974750779,0.813984163984164,0.7832286463536463,0.8428766372516372,0.8375136069843513,0.8115672559724925,0.8622728408264196,0.7692307692307693,0.7270776829901405,0.8066050206708609,0.958041958041958,0.9346564498719995,0.9732972407720418,0.9883449883449883,0.9730101908049245,0.9950116829351601,0.9370629370629371,0.9099793426342154,0.9563886827894882,0.011655011655011656,0.004988317064839966,0.02698980919507543,0.0,0.0,0.008874978915283301,0.0,0.0,0.008874978915283301
rm3(bm25),cross_plain,global,0,,429,0.004662004662004662,0.0012794222258141726,0.016836815627321967,0.016317016317016316,0.007925949993377536,0.033293435204390695,0.014540638240851072,0.007088522204628929,0.0236000079993315,0.002331002331002331,0.0004115977258030276,0.01308401065840669,0.006993006993006993,0.0023810456854944425,0.020355821636568114,0.013986013986013986,0.006425260419529346,0.030173495309312466,0.005716505716505717,0.000999000999000999,0.012265512265512266,0.007087777190164774,0.0016073205604693601,0.014080784183171765,0.002331002331002331,0.0004115977258030276,0.01308401065840669,0.013986013986013986,0.006425260419529346,0.030173495309312466,0.013986013986013986,0.006425260419529346,0.030173495309312466,0.009324009324009324,0.003631730272433362,0.02372576651855561,0.0,0.0,0.008874978915283301,0.06993006993006994,0.04942007850614146,0.0980737844769344,0.9254079254079254,0.8965949231332774,0.9466699549457939
rm3(bm25),cross_plain,vehicle,0,,429,0.958041958041958,0.9346564498719995,0.9732972407720418,1.0,0.9911250210847168,1.0,0.9790209790209791,0.9696969696969697,0.9883449883449883,0.10722610722610723,0.08135653945867186,0.1400673950272267,0.2703962703962704,0.2305409555924775,0.31432704171827036,0.331002331002331,0.2881454122494534,0.37685895125338137,0.17165242165242164,0.14223817848817852,0.20176238113738112,0.197151961281668,0.16691167303706453,0.2278704859461482,0.19114219114219114,0.15673970828169287,0.23102688708555674,0.3543123543123543,0.31052710752019247,0.4006835506719065,0.958041958041958,0.9346564498719995,0.9732972407720418,0.2703962703962704,0.2305409555924775,0.31432704171827036,0.04195804195804196,0.026702759227958207,0.06534355012800064,0.0,0.0,0.008874978915283301,0.0,0.0,0.008874978915283301
rm3(bm25),native_full,global,0,,429,0.2494172494172494,0.21081941463386683,0.29246291745654324,0.43123543123543123,0.3851857619183915,0.47850566874827927,0.3812570203449188,0.3453655709129478,0.4182983419356363,0.09324009324009325,0.06922075889593421,0.12447939877640582,0.22377622377622378,0.1868881898797086,0.2655672180525108,0.30303030303030304,0.2614485366470758,0.348108273228642,0.15126632626632625,0.12331504144004143,0.18005781255781253,0.17474530172486588,0.14617367548001203,0.20417581283197953,0.10955710955710955,0.08339458863052511,0.14264997532429988,0.2540792540792541,0.21519141691509971,0.29733217411316326,0.34265734265734266,0.29932144716645886,0.38878606368100804,0.25874125874125875,0.21956954261721856,0.30219530734889727,0.006993006993006993,0.0023810456854944425,0.020355821636568114,0.18414918414918416,0.1503296942794218,0.22357501268104854,0.5594405594405595,0.5121405325123088,0.6056855189453149
rm3(bm25),native_full,vehicle,0,,429,0.986013986013986,0.9698265046906877,0.9935747395804707,1.0,0.9911250210847168,1.0,0.993006993006993,0.9871794871794872,0.9976689976689976,0.351981351981352,0.30828363904162037,0.3983063896815522,0.6596736596736597,0.6135969657032465,0.7029161529182131,0.7785547785547785,0.7368879403132116,0.8152772812234954,0.4833583083583083,0.4454736004736005,0.5222223378473377,0.5370087165110623,0.5019324331206566,0.5725713782020313,0.4382284382284382,0.3920307421854272,0.4855225768880228,0.717948717948718,0.6735772962681911,0.758451559076429,0.986013986013986,0.9698265046906877,0.9935747395804707,0.6596736596736597,0.6135969657032465,0.7029161529182131,0.013986013986013986,0.006425260419529346,0.030173495309312466,0.0,0.0,0.008874978915283301,0.0,0.0,0.008874978915283301
rm3(bm25),native_model,global,0,,429,0.17482517482517482,0.14181339514641184,0.2136087939383528,0.3146853146853147,0.2725501970830512,0.3601097601372986,0.28938471476353417,0.25657677966643316,0.32384323398308934,0.09090909090909091,0.0672148465414803,0.12186468166193332,0.22843822843822845,0.19122433878112116,0.27047232808895116,0.2937062937062937,0.2525906275893598,0.33848366441065225,0.14803622303622302,0.12047938172938173,0.17687816812816812,0.1715320122195977,0.14283085798811007,0.2010428071939603,0.09324009324009325,0.06922075889593421,0.12447939877640582,0.2494172494172494,0.21081941463386683,0.29246291745654324,0.2494172494172494,0.21081941463386683,0.29246291745654324,0.25874125874125875,0.21956954261721856,0.30219530734889727,0.006993006993006993,0.0023810456854944425,0.020355821636568114,0.11888111888111888,0.09158650379444534,0.15294057803608527,0.6993006993006993,0.654295902117255,0.7407679174759538
rm3(bm25),native_model,vehicle,0,,429,0.9906759906759907,0.9762742334814445,0.9963682697275666,1.0,0.9911250210847168,1.0,0.9953379953379954,0.9906759906759907,0.9988344988344988,0.40093240093240096,0.3556335417055815,0.44798970586504594,0.7599067599067599,0.7172944221785518,0.7979057636067439,0.8531468531468531,0.8165202178361883,0.8835051467061641,0.5442048692048692,0.5071853609353609,0.5828131821881821,0.6012762904960034,0.5679058772073889,0.6353734940730021,0.4825174825174825,0.43559763266203977,0.5297476463210121,0.8111888111888111,0.7714549627241257,0.8453990713775511,0.9906759906759907,0.9762742334814445,0.9963682697275666,0.7599067599067599,0.7172944221785518,0.7979057636067439,0.009324009324009324,0.003631730272433362,0.02372576651855561,0.0,0.0,0.008874978915283301,0.0,0.0,0.008874978915283301
rm3(bm25),native_plain,global,0,,429,0.1351981351981352,0.10606073686102929,0.17081075125198625,0.2564102564102564,0.21737972116177612,0.2997644993354132,0.24254603473145897,0.21100835515776797,0.2748129313152396,0.08624708624708624,0.06321879850858392,0.11661947075697685,0.20512820512820512,0.16961489046201395,0.24587548171879414,0.2773892773892774,0.23714120942519823,0.3215886762923289,0.137987012987013,0.11097210659710659,0.16648474210974212,0.15955201568761546,0.13135236336215086,0.1884138104211333,0.09324009324009325,0.06922075889593421,0.12447939877640582,0.21445221445221446,0.178236953104143,0.2557359369523708,0.20745920745920746,0.17176759478127596,0.24834340686845857,0.2400932400932401,0.2020942363932561,0.2827055778214483,0.006993006993006993,0.0023810456854944425,0.020355821636568114,0.10023310023310024,0.07526803680326964,0.13229400927584967,0.7575757575757576,0.7148526967794001,0.7957268595369692
rm3(bm25),native_plain,vehicle,0,,429,0.9906759906759907,0.9762742334814445,0.9963682697275666,1.0,0.9911250210847168,1.0,0.9953379953379954,0.9906759906759907,0.9988344988344988,0.4358974358974359,0.38974804146596015,0.4831846481385635,0.8018648018648019,0.7615398686572189,0.8368316475687524,0.8974358974358975,0.8651104639155835,0.9227068605363709,0.5861166611166612,0.5499117086617088,0.6223796573796573,0.6436768719965655,0.612338594369772,0.6752316889093141,0.5268065268065268,0.4795322095205663,0.5736050293720876,0.8601398601398601,0.8241127036536859,0.8897745492954456,0.9906759906759907,0.9762742334814445,0.9963682697275666,0.8018648018648019,0.7615398686572189,0.8368316475687524,0.009324009324009324,0.003631730272433362,0.02372576651855561,0.0,0.0,0.008874978915283301,0.0,0.0,0.008874978915283301
"rrf(bm25_stem,dense:bge-m3)",cross_plain,global,0,,429,0.013986013986013986,0.006425260419529346,0.030173495309312466,0.03496503496503497,0.02130183701789969,0.0568825839312799,0.05609087847973381,0.04423984698548355,0.06945252749381883,0.011655011655011656,0.004988317064839966,0.02698980919507543,0.037296037296037296,0.02308532723413666,0.05971972318396934,0.053613053613053616,0.035987701991650564,0.07916175470894037,0.02148222148222148,0.011303372553372555,0.03357762607762608,0.025273848652521795,0.014567818804278314,0.037829466361664246,0.011655011655011656,0.004988317064839966,0.02698980919507543,0.039627039627039624,0.024886090201252015,0.0625395896857804,0.018648018648018648,0.009478861617590886,0.03636115304910376,0.04428904428904429,0.028534144547328007,0.06813279427755725,0.0,0.0,0.008874978915283301,0.09090909090909091,0.0672148465414803,0.12186468166193332,0.8951048951048951,0.8625193778051505,0.9206773171778775
"rrf(bm25_stem,dense:bge-m3)",cross_plain,vehicle,0,,429,0.9766899766899767,0.9576285920668486,0.987290134328604,1.0,0.9911250210847168,1.0,0.9883449883449883,0.9813519813519813,0.9953379953379954,0.2517482517482518,0.21300464343980097,0.2948983181195356,0.5268065268065268,0.4795322095205663,0.5736050293720876,0.662004662004662,0.6159811856392811,0.7051525624511051,0.3708911458911459,0.33333263958263953,0.40978565416065416,0.4212349845012248,0.38472120898188134,0.45796596910852816,0.32400932400932403,0.28145432374835505,0.36968815134770056,0.5967365967365967,0.5496565293471652,0.6420995936132811,0.9766899766899767,0.9576285920668486,0.987290134328604,0.5268065268065268,0.4795322095205663,0.5736050293720876,0.023310023310023312,0.012709865671395969,0.04237140793315152,0.0,0.0,0.008874978915283301,0.0,0.0,0.008874978915283301
"rrf(bm25_stem,dense:bge-m3)",native_full,global,0,,429,0.34498834498834496,0.30156023200627147,0.3911679083101217,0.5477855477855478,0.5004715923927906,0.594251311720201,0.4799939525542552,0.44099693215100577,0.5179393370614445,0.1864801864801865,0.15246424733964914,0.22606108908974765,0.3613053613053613,0.3172644390216624,0.4078081075772158,0.46386946386946387,0.4172086144675725,0.5111716287640681,0.267019092019092,0.23159044659044659,0.30269862082362087,0.2884902521247509,0.2543275810135741,0.32377705098993653,0.19347319347319347,0.15888055737748563,0.23350666745869036,0.3962703962703963,0.3511030462271284,0.44327894240564614,0.4382284382284382,0.3920307421854272,0.4855225768880228,0.42657342657342656,0.380627658039754,0.47382251368906386,0.004662004662004662,0.0012794222258141726,0.016836815627321967,0.23076923076923078,0.19339497932913913,0.27292231700985964,0.4195804195804196,0.3737983687588389,0.46678991456319985
"rrf(bm25_stem,dense:bge-m3)",native_full,vehicle,0,,429,0.993006993006993,0.979644178363432,0.9976189543145055,1.0,0.9911250210847168,1.0,0.9965034965034965,0.9918414918414918,1.0,0.44522144522144524,0.3988850662407425,0.4925301412394868,0.7785547785547785,0.7368879403132116,0.8152772812234954,0.8741258741258742,0.839380410115216,0.9022306196474743,0.5843434343434344,0.5465214877714878,0.6225342481592481,0.6276328782332308,0.5943465120064569,0.66158117857833,0.48717948717948717,0.44020506518994423,0.5343814727309606,0.8205128205128205,0.7814036489553464,0.8539329030220362,0.993006993006993,0.979644178363432,0.9976189543145055,0.7785547785547785,0.7368879403132116,0.8152772812234954,0.006993006993006993,0.0023810456854944425,0.020355821636568114,0.0,0.0,0.008874978915283301,0.0,0.0,0.008874978915283301
"rrf(bm25_stem,dense:bge-m3)",native_model,global,0,,429,0.2540792540792541,0.21519141691509971,0.29733217411316326,0.4405594405594406,0.39431448105468525,0.48785946748769127,0.3855039893544974,0.34872780651692475,0.42205273431215634,0.1655011655011655,0.13333379938220297,0.20360587182685602,0.3473193473193473,0.30380019593569085,0.3935485738496288,0.43356643356643354,0.3874663807382864,0.48084567939731077,0.24630647130647132,0.2123854155104155,0.2812651006401006,0.2691334191072533,0.23545846830381842,0.303648949114448,0.17482517482517482,0.14181339514641184,0.2136087939383528,0.3706293706293706,0.326263527644609,0.4172915368299749,0.32167832167832167,0.2792264219690699,0.36729542365805923,0.4149184149184149,0.36925078039205517,0.4620962439921307,0.0,0.0,0.008874978915283301,0.1282051282051282,0.09983728393418664,0.16317231577204963,0.6177156177156177,0.5708794550500169,0.6624623331307671
"rrf(bm25_stem,dense:bge-m3)",native_model,vehicle,0,,429,0.9953379953379954,0.9831631843726782,0.9987205777741859,1.0,0.9911250210847168,1.0,0.9976689976689976,0.9941724941724942,1.0,0.4965034965034965,0.449432116172494,0.5436369396241165,0.8298368298368298,0.7913879342995105,0.8624311355535776,0.9044289044289044,0.8729109127376017,0.9287683001211319,0.6368483368483369,0.5999549755799755,0.6742445054945055,0.6802183661554718,0.6483820433100964,0.7128364291212751,0.5734265734265734,0.5261774863109362,0.619372341960246,0.8648018648018648,0.8291892487480138,0.8939392631389708,0.9953379953379954,0.9831631843726782,0.9987205777741859,0.8298368298368298,0.7913879342995105,0.8624311355535776,0.004662004662004662,0.0012794222258141726,0.016836815627321967,0.0,0.0,0.008874978915283301,0.0,0.0,0.008874978915283301
"rrf(bm25_stem,dense:bge-m3)",native_plain,global,0,,429,0.19813519813519814,0.16316835243124767,0.2384601313427812,0.337995337995338,0.29484743754889503,0.384018814360719,0.30907885142247304,0.274385550943766,0.3440388315698739,0.14918414918414918,0.11859037476737491,0.18600489015919916,0.2937062937062937,0.2525906275893598,0.33848366441065225,0.3706293706293706,0.326263527644609,0.4172915368299749,0.21084286084286083,0.17805604118104118,0.24478854478854475,0.22723561189341082,0.19479722391264997,0.2603230192248638,0.14918414918414918,0.11859037476737491,0.18600489015919916,0.31002331002331,0.26810568730040213,0.35531301098209483,0.2564102564102564,0.21737972116177612,0.2997644993354132,0.358974358974359,0.3150175124980972,0.40543440463185465,0.002331002331002331,0.0004115977258030276,0.01308401065840669,0.0979020979020979,0.0732475094683459,0.12969390714184698,0.7016317016317016,0.6567013895335538,0.7429830595285813
"rrf(bm25_stem,dense:bge-m3)",native_plain,vehicle,0,,429,0.993006993006993,0.979644178363432,0.9976189543145055,1.0,0.9911250210847168,1.0,0.9965034965034965,0.9918414918414918,1.0,0.5477855477855478,0.5004715923927906,0.594251311720201,0.8578088578088578,0.8215789578684128,0.8876876656117926,0.9347319347319347,0.9072870070115661,0.954460388943211,0.6832251082251082,0.6481520331520332,0.7188492294742295,0.7242532771833529,0.6946089528712277,0.7546725276291794,0.634032634032634,0.58744791052748,0.6782382839357889,0.9020979020979021,0.8703060928581531,0.9267524905316541,0.993006993006993,0.979644178363432,0.9976189543145055,0.8578088578088578,0.8215789578684128,0.8876876656117926,0.006993006993006993,0.0023810456854944425,0.020355821636568114,0.0,0.0,0.008874978915283301,0.0,0.0,0.008874978915283301
"wsum(bm25_stem+ctx,dense:bge-m3+ctx;w=0.3|0.7)",cross_plain,global,0,,429,0.05128205128205128,0.034106755874188835,0.07642207135747567,0.10256410256410256,0.07729313946362917,0.13488953608441653,0.10690532021458359,0.0856429938089275,0.12945437573035154,0.039627039627039624,0.024886090201252015,0.0625395896857804,0.08624708624708624,0.06321879850858392,0.11661947075697685,0.12121212121212122,0.09364390688513495,0.1555038044143221,0.05918895918895919,0.04055726680726681,0.07969673844673844,0.06558801851067088,0.04671994038696826,0.08568777267699172,0.04195804195804196,0.026702759227958207,0.06534355012800064,0.0979020979020979,0.0732475094683459,0.12969390714184698,0.06293706293706294,0.043611317210511896,0.09002065736578471,0.11421911421911422,0.08748281215570161,0.14780301073697621,0.0,0.0,0.008874978915283301,0.09090909090909091,0.0672148465414803,0.12186468166193332,0.8578088578088578,0.8215789578684128,0.8876876656117926
"wsum(bm25_stem+ctx,dense:bge-m3+ctx;w=0.3|0.7)",cross_plain,vehicle,0,,429,0.9836829836829837,0.9667065647956093,0.9920740500066224,1.0,0.9911250210847168,1.0,0.9918414918414918,0.986013986013986,0.9976689976689976,0.44988344988344986,0.40345978374461394,0.4971966826734681,0.7692307692307693,0.7270776829901405,0.8066050206708609,0.8741258741258742,0.839380410115216,0.9022306196474743,0.5823472823472824,0.5446264383764383,0.6206560106560106,0.6223390379309564,0.5889810792195882,0.6562286136423099,0.5407925407925408,0.49348258400955447,0.5873784316966579,0.8344988344988346,0.796394128173144,0.8666662006177971,0.9836829836829837,0.9667065647956093,0.9920740500066224,0.7692307692307693,0.7270776829901405,0.8066050206708609,0.016317016317016316,0.007925949993377536,0.033293435204390695,0.0,0.0,0.008874978915283301,0.0,0.0,0.008874978915283301
"wsum(bm25_stem+ctx,dense:bge-m3+ctx;w=0.3|0.7)",native_full,global,0,,429,0.9603729603729604,0.9374604103142197,0.975113909798748,0.9883449883449883,0.9730101908049245,0.9950116829351601,0.9750610500610501,0.9626651126651127,0.9862082362082362,0.5291375291375291,0.48185471933263263,0.5759031490289476,0.8275058275058275,0.7888884058444064,0.8603100345397553,0.9137529137529138,0.8833805292430232,0.9367812014914161,0.6586580086580086,0.6225095506345506,0.6955422124172124,0.6913503890264847,0.6596904746456422,0.7237893777014724,0.5897435897435898,0.5426016665948897,0.6352925679587774,0.8554778554778555,0.81904814859485,0.8855978454164288,0.9673659673659674,0.9459734110446689,0.9804627974750779,0.8344988344988346,0.796394128173144,0.8666662006177971,0.002331002331002331,0.0004115977258030276,0.01308401065840669,0.02097902097902098,0.011075609774604337,0.03938503436101673,0.016317016317016316,0.007925949993377536,0.033293435204390695
"wsum(bm25_stem+ctx,dense:bge-m3+ctx;w=0.3|0.7)",native_full,vehicle,0,,429,0.9976689976689976,0.9869159893415934,0.9995884022741971,1.0,0.9911250210847168,1.0,0.9988344988344988,0.9965034965034965,1.0,0.5524475524475524,0.5051360722887867,0.5988280907620577,0.8461538461538461,0.8089531496539157,0.8772103264816573,0.9277389277389277,0.8992570436500482,0.9486284638979496,0.6804584304584304,0.6446978715728715,0.7169646325896324,0.7145258588214832,0.6838453999269942,0.7454742301701454,0.6223776223776224,0.5756077173648608,0.6669753297537762,0.8648018648018648,0.8291892487480138,0.8939392631389708,0.9976689976689976,0.9869159893415934,0.9995884022741971,0.8461538461538461,0.8089531496539157,0.8772103264816573,0.002331002331002331,0.0004115977258030276,0.01308401065840669,0.0,0.0,0.008874978915283301,0.0,0.0,0.008874978915283301
"wsum(bm25_stem+ctx,dense:bge-m3+ctx;w=0.3|0.7)",native_model,global,0,,429,0.8764568764568764,0.8419365534065953,0.9042951058250212,0.9603729603729604,0.9374604103142197,0.975113909798748,0.919927199181585,0.8982519977180065,0.940452382291198,0.4801864801864802,0.43329544096122935,0.5274292085528963,0.7832167832167832,0.7418035606756359,0.8196029197989239,0.8624708624708625,0.8266494463203172,0.8918584360977407,0.6082537832537833,0.5701954526954527,0.6468162161912162,0.6419415985045552,0.6076112564119687,0.6765944448371224,0.5477855477855478,0.5004715923927906,0.594251311720201,0.8228438228438228,0.7838962987677557,0.8560608826785533,0.8881118881118881,0.8547715223678662,0.9145632842083824,0.7925407925407926,0.7516565931315414,0.8282324052187241,0.006993006993006993,0.0023810456854944425,0.020355821636568114,0.04195804195804196,0.026702759227958207,0.06534355012800064,0.07459207459207459,0.05333004505420605,0.10340507686672262
"wsum(bm25_stem+ctx,dense:bge-m3+ctx;w=0.3|0.7)",native_model,vehicle,0,,429,0.9883449883449883,0.9730101908049245,0.9950116829351601,1.0,0.9911250210847168,1.0,0.9941724941724942,0.9883449883449883,0.9988344988344988,0.5407925407925408,0.49348258400955447,0.5873784316966579,0.8694638694638694,0.8342782978532459,0.8980914729715914,0.9277389277389277,0.8992570436500482,0.9486284638979496,0.6811651311651311,0.6460279997779999,0.7167443204943206,0.7197934387246073,0.6893876156965717,0.7501418800023396,0.6223776223776224,0.5756077173648608,0.6669753297537762,0.8927738927738927,0.8599326049727732,0.9186434605413282,0.9883449883449883,0.9730101908049245,0.9950116829351601,0.8694638694638694,0.8342782978532459,0.8980914729715914,0.011655011655011656,0.004988317064839966,0.02698980919507543,0.0,0.0,0.008874978915283301,0.0,0.0,0.008874978915283301
"wsum(bm25_stem+ctx,dense:bge-m3+ctx;w=0.3|0.7)",native_plain,global,0,,429,0.1585081585081585,0.12699964540480516,0.19607813739747457,0.2913752913752914,0.25037947476977646,0.3360741877613092,0.2668368138299848,0.23453161406607917,0.30021742537201196,0.11421911421911422,0.08748281215570161,0.14780301073697621,0.25874125874125875,0.21956954261721856,0.30219530734889727,0.34265734265734266,0.29932144716645886,0.38878606368100804,0.17830595330595328,0.1482366244866245,0.20903550153550152,0.19864723131713247,0.16854705181356208,0.22925612577883567,0.1258741258741259,0.09776938035252583,0.16061958988478406,0.26573426573426573,0.22614797943492934,0.3094787589379657,0.22843822843822845,0.19122433878112116,0.27047232808895116,0.32867132867132864,0.28591382560565143,0.37446990842825684,0.002331002331002331,0.0004115977258030276,0.01308401065840669,0.11888111888111888,0.09158650379444534,0.15294057803608527,0.7202797202797203,0.675993610974945,0.7606558738386017
"wsum(bm25_stem+ctx,dense:bge-m3+ctx;w=0.3|0.7)",native_plain,vehicle,0,,429,0.9883449883449883,0.9730101908049245,0.9950116829351601,1.0,0.9911250210847168,1.0,0.9941724941724942,0.9883449883449883,0.9988344988344988,0.5664335664335665,0.5191543206026893,0.6125336192617138,0.8601398601398601,0.8241127036536859,0.8897745492954456,0.9347319347319347,0.9072870070115661,0.954460388943211,0.694028194028194,0.6586291948791948,0.7295077145077143,0.7298316452524334,0.6990805310944294,0.7601978554028285,0.6317016317016317,0.5850776222857828,0.67598794270856,0.8951048951048951,0.8625193778051505,0.9206773171778775,0.9883449883449883,0.9730101908049245,0.9950116829351601,0.8601398601398601,0.8241127036536859,0.8897745492954456,0.011655011655011656,0.004988317064839966,0.02698980919507543,0.0,0.0,0.008874978915283301,0.0,0.0,0.008874978915283301
"wsum(bm25_stem,dense:bge-m3;w=0.3|0.7)",cross_plain,global,0,,429,0.04895104895104895,0.03223701256359725,0.07367118519914084,0.10256410256410256,0.07729313946362917,0.13488953608441653,0.10813267292275588,0.08720838022873684,0.1309949231633116,0.04195804195804196,0.026702759227958207,0.06534355012800064,0.08391608391608392,0.061229036364260206,0.11398860343237417,0.1282051282051282,0.09983728393418664,0.16317231577204963,0.0633144633144633,0.044065147815147816,0.08477762977762976,0.06893491850100116,0.04956239523701761,0.08965090155437311,0.04195804195804196,0.026702759227958207,0.06534355012800064,0.09324009324009325,0.06922075889593421,0.12447939877640582,0.06526806526806526,0.04553961105678906,0.09271299298843397,0.1048951048951049,0.07932268282212253,0.13748062219484958,0.0,0.0,0.008874978915283301,0.1048951048951049,0.07932268282212253,0.13748062219484958,0.8461538461538461,0.8089531496539157,0.8772103264816573
"wsum(bm25_stem,dense:bge-m3;w=0.3|0.7)",cross_plain,vehicle,0,,429,0.986013986013986,0.9698265046906877,0.9935747395804707,1.0,0.9911250210847168,1.0,0.993006993006993,0.9871794871794872,0.9976689976689976,0.4731934731934732,0.42639497062791254,0.5204677904794338,0.8018648018648019,0.7615398686572189,0.8368316475687524,0.8951048951048951,0.8625193778051505,0.9206773171778775,0.6054741554741554,0.5681808469308469,0.6426284595034595,0.6441623643487727,0.6120367407347808,0.677124581693879,0.5641025641025641,0.5168153518614366,0.6102519585340399,0.8391608391608392,0.8014101028399805,0.8708914848888134,0.986013986013986,0.9698265046906877,0.9935747395804707,0.8018648018648019,0.7615398686572189,0.8368316475687524,0.013986013986013986,0.006425260419529346,0.030173495309312466,0.0,0.0,0.008874978915283301,0.0,0.0,0.008874978915283301
"wsum(bm25_stem,dense:bge-m3;w=0.3|0.7)",native_full,global,0,,429,0.3076923076923077,0.2658853472608117,0.3529127215527589,0.4801864801864802,0.43329544096122935,0.5274292085528963,0.43591222099789745,0.3970561492211029,0.4738470351582953,0.17715617715617715,0.1439391173214467,0.21610370123224437,0.3473193473193473,0.30380019593569085,0.3935485738496288,0.4428904428904429,0.39659925630508724,0.49019532170621555,0.2486309986309986,0.2123559542309542,0.283959743959744,0.26896940914628686,0.23473260680314673,0.30383652458927674,0.1958041958041958,0.16102344783933376,0.23598440646576868,0.372960372960373,0.328516122749774,0.41965957119373637,0.3939393939393939,0.3488394217607179,0.4409219374031301,0.4195804195804196,0.3737983687588389,0.46678991456319985,0.004662004662004662,0.0012794222258141726,0.016836815627321967,0.1864801864801865,0.15246424733964914,0.22606108908974765,0.5011655011655012,0.45405173095145956,0.5482585837830036
"wsum(bm25_stem,dense:bge-m3;w=0.3|0.7)",native_full,vehicle,0,,429,0.986013986013986,0.9698265046906877,0.9935747395804707,1.0,0.9911250210847168,1.0,0.993006993006993,0.9871794871794872,0.9976689976689976,0.47086247086247085,0.42409685097105243,0.5181452806673674,0.7948717948717948,0.7541245182812059,0.830385109537986,0.8904428904428905,0.8573500246757002,0.916605411369475,0.6065934065934065,0.5696043077293077,0.6441603304103304,0.6472212605399371,0.6151473706531844,0.6797876186011046,0.5361305361305362,0.48882837123593204,0.5827913855324276,0.8368298368298368,0.7989008723491697,0.8687800859106978,0.986013986013986,0.9698265046906877,0.9935747395804707,0.7948717948717948,0.7541245182812059,0.830385109537986,0.013986013986013986,0.006425260419529346,0.030173495309312466,0.0,0.0,0.008874978915283301,0.0,0.0,0.008874978915283301
"wsum(bm25_stem,dense:bge-m3;w=0.3|0.7)",native_model,global,0,,429,0.2727272727272727,0.2327396130641085,0.31674901371556574,0.43123543123543123,0.3851857619183915,0.47850566874827927,0.3870983220172133,0.348758096794632,0.42491688894142216,0.1794871794871795,0.14606709697796386,0.21859635104465366,0.34032634032634035,0.297083847081787,0.38640303429675354,0.4125874125874126,0.36697857491734737,0.4597478199979121,0.2503422503422503,0.21416729104229104,0.2865071965071965,0.26556646665452377,0.2306002063162997,0.30061743141521063,0.19347319347319347,0.15888055737748563,0.23350666745869036,0.36596736596736595,0.32176171606421106,0.4125520894725199,0.3356643356643357,0.292612224498145,0.38163339794254264,0.40093240093240096,0.3556335417055815,0.44798970586504594,0.0,0.0,0.008874978915283301,0.10955710955710955,0.08339458863052511,0.14264997532429988,0.6177156177156177,0.5708794550500169,0.6624623331307671
"wsum(bm25_stem,dense:bge-m3;w=0.3|0.7)",native_model,vehicle,0,,429,0.993006993006993,0.979644178363432,0.9976189543145055,1.0,0.9911250210847168,1.0,0.9965034965034965,0.9918414918414918,1.0,0.5268065268065268,0.4795322095205663,0.5736050293720876,0.8554778554778555,0.81904814859485,0.8855978454164288,0.9090909090909091,0.8781353183380667,0.9327851534585196,0.6615477115477115,0.6255176305176305,0.6984763384763386,0.6964657366086621,0.6652213162149183,0.7287752529189234,0.5804195804195804,0.5332100854368002,0.6262016312411612,0.8881118881118881,0.8547715223678662,0.9145632842083824,0.993006993006993,0.979644178363432,0.9976189543145055,0.8554778554778555,0.81904814859485,0.8855978454164288,0.006993006993006993,0.0023810456854944425,0.020355821636568114,0.0,0.0,0.008874978915283301,0.0,0.0,0.008874978915283301
"wsum(bm25_stem,dense:bge-m3;w=0.3|0.7)",native_plain,global,0,,429,0.18414918414918416,0.1503296942794218,0.22357501268104854,0.32167832167832167,0.2792264219690699,0.36729542365805923,0.2964647140191075,0.2634391320108908,0.331391314320808,0.14685314685314685,0.11649485329383594,0.1834797821638117,0.289044289044289,0.24816967005047474,0.3336633630116844,0.372960372960373,0.328516122749774,0.41965957119373637,0.21178451178451177,0.17835851648351647,0.24567663817663815,0.2308003745836136,0.19850960956669642,0.26334484526197754,0.1445221445221445,0.11440215458357111,0.18095185140515008,0.3076923076923077,0.2658853472608117,0.3529127215527589,0.26107226107226106,0.2217608680442633,0.3046246113907789,0.351981351981352,0.30828363904162037,0.3983063896815522,0.002331002331002331,0.0004115977258030276,0.01308401065840669,0.10955710955710955,0.08339458863052511,0.14264997532429988,0.703962703962704,0.659108197723367,0.7451968808076948
"wsum(bm25_stem,dense:bge-m3;w=0.3|0.7)",native_plain,vehicle,0,,429,0.993006993006993,0.979644178363432,0.9976189543145055,1.0,0.9911250210847168,1.0,0.9965034965034965,0.9918414918414918,1.0,0.5874125874125874,0.540252180002088,0.6330214250826528,0.8857808857808858,0.8521969892630238,0.9125171878442985,0.9393939393939394,0.9126801685446924,0.9583084863479376,0.7116392866392866,0.6764057470307471,0.7457609520109519,0.7433089601403301,0.7127709324745296,0.7729764423541694,0.662004662004662,0.6159811856392811,0.7051525624511051,0.9114219114219114,0.8807552340647755,0.9347858672007374,0.993006993006993,0.979644178363432,0.9976189543145055,0.8857808857808858,0.8521969892630238,0.9125171878442985,0.006993006993006993,0.0023810456854944425,0.020355821636568114,0.0,0.0,0.008874978915283301,0.0,0.0,0.008874978915283301
