qid,split,variant,query,ambiguity_type,n_candidates,answer_depends,needs_clarification,router_n_vehicles,router_unique,mentions_brand,vehicle_entropy,top1_vehicle_share,vehicle_margin,n_vehicles_top10,n_brands_top10,passage_agreement,query_tokens
q9decd5b737,test,native_plain,Quelles sont les deux fonctions de suivi de trajet disponibles sur l'ordinateur de bord ?,vehicle,157,True,True,0.0,0.0,0.0,0.9579806279020401,0.04459829277869735,0.015387534965012179,10.0,7.0,0.9099137187004089,7.0
q9decd5b737,test,native_brand,Quelles sont les deux fonctions de suivi de trajet disponibles sur l'ordinateur de bord de ma Alfa Romeo ?,model,7,True,True,0.0,0.0,1.0,0.8639443691168918,0.1317068427265373,0.015553067438435085,7.0,3.0,0.8625014424324036,9.0
q9decd5b737,test,native_model,Quelles sont les deux fonctions de suivi de trajet disponibles sur l'ordinateur de bord de ma 147 ?,none,1,True,False,1.0,1.0,0.0,0.0,1.0,1.0,1.0,1.0,1.0,8.0
q9decd5b737,test,native_full,Quelles sont les deux fonctions de suivi de trajet disponibles sur l'ordinateur de bord de ma Alfa Romeo 147 (2000-2010) ?,none,1,True,False,1.0,1.0,1.0,0.0,1.0,1.0,1.0,1.0,1.0,12.0
q40983d1785,test,native_plain,Comment doit-on refermer et verrouiller le bouchon de réservoir après avoir fait le plein ?,vehicle,157,True,True,0.0,0.0,0.0,0.9570431219073203,0.0631420220844064,0.29393630577903335,8.0,7.0,0.8865917921066284,6.0
q40983d1785,test,native_brand,Comment doit-on refermer et verrouiller le bouchon de réservoir après avoir fait le plein sur ma Alfa Romeo ?,model,7,True,True,0.0,0.0,1.0,0.940858917346093,0.07199751621261019,0.25151187730259167,7.0,6.0,0.8377367854118347,8.0
q40983d1785,test,native_model,Comment doit-on refermer et verrouiller le bouchon de réservoir après avoir fait le plein sur ma 147 ?,none,1,True,False,1.0,1.0,0.0,0.0,1.0,1.0,1.0,1.0,1.0,7.0
q40983d1785,test,native_full,Comment doit-on refermer et verrouiller le bouchon de réservoir après avoir fait le plein sur ma Alfa Romeo 147 (2000-2010) ?,none,1,True,False,1.0,1.0,1.0,0.0,1.0,1.0,1.0,1.0,1.0,11.0
q43cccfb9fb,test,native_plain,Combien de temps le plafonnier reste-t-il allumé après le déverrouillage des portes à la télécommande ?,vehicle,157,True,True,0.0,0.0,0.0,0.9237456841725846,0.08664939346355617,0.15070703160889842,7.0,5.0,0.8822818994522095,8.0
q43cccfb9fb,test,native_brand,Combien de temps le plafonnier reste-t-il allumé après le déverrouillage des portes à la télécommande sur ma Alfa Romeo ?,model,7,True,True,0.0,0.0,1.0,0.8896639357975977,0.12218327850226324,0.14126189683089735,6.0,5.0,0.8676093816757202,10.0
q43cccfb9fb,test,native_model,Combien de temps le plafonnier reste-t-il allumé après le déverrouillage des portes à la télécommande sur ma 147 ?,none,1,True,False,1.0,1.0,0.0,0.0,1.0,1.0,1.0,1.0,1.0,9.0
q43cccfb9fb,test,native_full,Combien de temps le plafonnier reste-t-il allumé après le déverrouillage des portes à la télécommande sur ma Alfa Romeo 147 (2000-2010) ?,none,1,True,False,1.0,1.0,1.0,0.0,1.0,1.0,1.0,1.0,1.0,13.0
q2c778182dd,test,native_plain,Comment désactiver la réception des messages d'alerte d'urgence sur l'autoradio ?,vehicle,157,True,True,0.0,0.0,0.0,0.9481029279829595,0.05899038099035256,0.028242677532339153,10.0,7.0,0.8063021898269653,6.0
q2c778182dd,test,native_brand,Comment désactiver la réception des messages d'alerte d'urgence sur l'autoradio de ma Alfa Romeo ?,model,7,True,True,0.0,0.0,1.0,0.6995124409034371,0.2546747273949802,0.0025428853820908533,4.0,1.0,0.8538385629653931,8.0
q2c778182dd,test,native_model,Comment désactiver la réception des messages d'alerte d'urgence sur l'autoradio de ma 147 ?,none,1,True,False,1.0,1.0,0.0,0.0,1.0,1.0,1.0,1.0,1.0,7.0
q2c778182dd,test,native_full,Comment désactiver la réception des messages d'alerte d'urgence sur l'autoradio de ma Alfa Romeo 147 (2000-2010) ?,none,1,True,False,1.0,1.0,1.0,0.0,1.0,1.0,1.0,1.0,1.0,11.0
qc6bfe3fe15,dev,native_plain,Quelle vitre doit-on briser pour sortir du véhicule si les portières restent bloquées après un accident ?,vehicle,157,False,False,0.0,0.0,0.0,0.9665456637945105,0.051548571203608125,0.18124513744578988,9.0,7.0,0.8626610636711121,8.0
qc6bfe3fe15,dev,native_brand,Quelle vitre doit-on briser pour sortir de ma Alfa Romeo si les portières restent bloquées après un accident ?,model,7,False,False,0.0,0.0,1.0,0.7886980465785981,0.16145665795416642,0.030824738503928303,6.0,4.0,0.7993545532226562,9.0
qc6bfe3fe15,dev,native_model,Quelle vitre doit-on briser pour sortir de ma 147 si les portières restent bloquées après un accident ?,none,1,False,False,1.0,1.0,0.0,0.0,1.0,1.0,1.0,1.0,1.0,8.0
qc6bfe3fe15,dev,native_full,Quelle vitre doit-on briser pour sortir de ma Alfa Romeo 147 (2000-2010) si les portières restent bloquées après un accident ?,none,1,False,False,1.0,1.0,1.0,0.0,1.0,1.0,1.0,1.0,1.0,12.0
q6a6c0add1d,test,native_plain,Quel produit est recommandé pour nettoyer les balais d'essuie-glace ?,vehicle,157,True,True,0.0,0.0,0.0,0.9645489312366502,0.04136950778158583,0.010164024561145193,10.0,4.0,0.9319536089897156,6.0
q6a6c0add1d,test,native_brand,Quel produit est recommandé pour nettoyer les balais d'essuie-glace de ma Alfa Romeo ?,model,7,True,True,0.0,0.0,1.0,0.9683304160668895,0.042583556536584584,0.06414515725577928,10.0,4.0,0.8918418884277344,8.0
q6a6c0add1d,test,native_model,Quel produit est recommandé pour nettoyer les balais d'essuie-glace de ma 147 ?,none,1,True,False,1.0,1.0,0.0,0.0,1.0,1.0,1.0,1.0,1.0,7.0
q6a6c0add1d,test,native_full,Quel produit est recommandé pour nettoyer les balais d'essuie-glace de ma Alfa Romeo 147 (2000-2010) ?,none,1,True,False,1.0,1.0,1.0,0.0,1.0,1.0,1.0,1.0,1.0,11.0
qe15cae4be7,dev,native_plain,Dans quelle position doit se trouver la clé de contact pour nettoyer le moteur ?,vehicle,157,False,False,0.0,0.0,0.0,0.9447601361891799,0.05760852227189876,0.02758207738551992,9.0,7.0,0.8849760293960571,6.0
qe15cae4be7,dev,native_brand,Dans quelle position doit se trouver la clé de contact pour nettoyer le moteur de ma Alfa Romeo ?,model,7,False,False,0.0,0.0,1.0,0.7930270721291827,0.23681966103478927,0.305938134200998,6.0,4.0,0.8403397798538208,8.0
qe15cae4be7,dev,native_model,Dans quelle position doit se trouver la clé de contact pour nettoyer le moteur de ma 156 ?,none,1,False,False,1.0,1.0,0.0,0.0,1.0,1.0,1.0,1.0,1.0,7.0
qe15cae4be7,dev,native_full,Dans quelle position doit se trouver la clé de contact pour nettoyer le moteur de ma Alfa Romeo 156 (1997-2007) ?,none,1,False,False,1.0,1.0,1.0,0.0,1.0,1.0,1.0,1.0,1.0,11.0
q433c0e49ce,test,native_plain,Quand peut-on relâcher la pédale de frein après avoir arrêté le moteur ?,vehicle,157,True,True,0.0,0.0,0.0,0.9396510996721856,0.0682899531358757,0.025537668201173216,7.0,6.0,0.8654635548591614,6.0
q433c0e49ce,test,native_brand,Quand peut-on relâcher la pédale de frein après avoir arrêté le moteur sur ma Alfa Romeo ?,model,7,True,True,0.0,0.0,1.0,0.882999967046201,0.11237006091790332,0.027273221256046157,6.0,5.0,0.8552576899528503,8.0
q433c0e49ce,test,native_model,Quand peut-on relâcher la pédale de frein après avoir arrêté le moteur sur ma 156 ?,none,1,True,False,1.0,1.0,0.0,0.0,1.0,1.0,1.0,1.0,1.0,7.0
q433c0e49ce,test,native_full,Quand peut-on relâcher la pédale de frein après avoir arrêté le moteur sur ma Alfa Romeo 156 (1997-2007) ?,none,1,True,False,1.0,1.0,1.0,0.0,1.0,1.0,1.0,1.0,1.0,11.0
q3093fff0e7,test,native_plain,Que faut-il faire avant d'intervenir sur l'équipement électrique de la voiture ?,vehicle,157,False,False,0.0,0.0,0.0,0.9543429321779493,0.0569591935760645,0.08448496593865787,10.0,4.0,0.9422593116760254,4.0
q3093fff0e7,test,native_brand,Que faut-il faire avant d'intervenir sur l'équipement électrique de ma Alfa Romeo ?,model,7,False,False,0.0,0.0,1.0,0.7364025907416186,0.2439639510594478,0.0699475927201215,4.0,1.0,0.918439507484436,5.0
q3093fff0e7,test,native_model,Que faut-il faire avant d'intervenir sur l'équipement électrique de ma 156 ?,none,1,False,False,1.0,1.0,0.0,0.0,1.0,1.0,1.0,1.0,1.0,4.0
q3093fff0e7,test,native_full,Que faut-il faire avant d'intervenir sur l'équipement électrique de ma Alfa Romeo 156 (1997-2007) ?,none,1,False,False,1.0,1.0,1.0,0.0,1.0,1.0,1.0,1.0,1.0,8.0
q05226f2d3d,test,native_plain,Qui dois-je contacter pour désactiver les airbags si je mets ma voiture à la casse ?,vehicle,157,True,True,0.0,0.0,0.0,0.9500204697070621,0.0571400237251009,0.03195566762003153,10.0,4.0,0.8743830919265747,6.0
q05226f2d3d,test,native_brand,Qui dois-je contacter pour désactiver les airbags si je mets ma Alfa Romeo à la casse ?,model,7,True,True,0.0,0.0,1.0,0.8266045944853494,0.15332059917492516,0.0775792696940726,8.0,2.0,0.9268912076950073,7.0
q05226f2d3d,test,native_model,Qui dois-je contacter pour désactiver les airbags si je mets ma 156 à la casse ?,none,1,True,False,1.0,1.0,0.0,0.0,1.0,1.0,1.0,1.0,1.0,6.0
q05226f2d3d,test,native_full,Qui dois-je contacter pour désactiver les airbags si je mets ma Alfa Romeo 156 (1997-2007) à la casse ?,none,1,True,False,1.0,1.0,1.0,0.0,1.0,1.0,1.0,1.0,1.0,10.0
q98421ee8cd,test,native_plain,Comment désactiver le système VDC ?,vehicle,157,True,True,0.0,0.0,0.0,0.8018870699381891,0.17555362094624452,0.11796910953863388,4.0,1.0,0.8512660264968872,3.0
q98421ee8cd,test,native_brand,Comment désactiver le système VDC sur ma Alfa Romeo ?,model,7,True,True,0.0,0.0,1.0,0.7278350418587984,0.28160597240207924,0.2141951677683315,3.0,1.0,0.8429498672485352,5.0
q98421ee8cd,test,native_model,Comment désactiver le système VDC sur ma 156 ?,none,1,True,False,1.0,1.0,0.0,0.0,1.0,1.0,1.0,1.0,1.0,4.0
q98421ee8cd,test,native_full,Comment désactiver le système VDC sur ma Alfa Romeo 156 (1997-2007) ?,none,1,True,False,1.0,1.0,1.0,0.0,1.0,1.0,1.0,1.0,1.0,8.0
q425e0e0144,test,native_plain,Comment sait-on que la pile de la télécommande doit être changée sur les modèles équipés d'une alarme ?,vehicle,157,True,True,0.0,0.0,0.0,0.9384962403586921,0.06538157718496888,0.07482494790450264,9.0,7.0,0.868873119354248,7.0
q425e0e0144,test,native_brand,Comment sait-on que la pile de la télécommande doit être changée sur une Alfa Romeo équipée d'une alarme ?,model,7,True,True,0.0,0.0,1.0,0.9098490401362717,0.10009009544348114,0.2738006337268189,9.0,4.0,0.8996948003768921,8.0
q425e0e0144,test,native_model,Comment sait-on que la pile de la télécommande doit être changée sur une 156 équipée d'une alarme ?,none,1,True,False,1.0,1.0,0.0,0.0,1.0,1.0,1.0,1.0,1.0,7.0
q425e0e0144,test,native_full,Comment sait-on que la pile de la télécommande doit être changée sur une Alfa Romeo 156 (1997-2007) équipée d'une alarme ?,none,1,True,False,1.0,1.0,1.0,0.0,1.0,1.0,1.0,1.0,1.0,11.0
q72046b7a43,test,native_plain,Que faut-il vérifier en premier si le voyant rouge de frein s'allume pendant que l'on roule ?,vehicle,157,False,False,0.0,0.0,0.0,0.8785485122033581,0.11430011121685088,0.13803988150905236,7.0,5.0,0.9196435809135437,8.0
q72046b7a43,test,native_brand,Que faut-il vérifier en premier si le voyant rouge de frein s'allume pendant que l'on roule avec ma Alfa Romeo ?,model,7,False,False,0.0,0.0,1.0,0.7702773594294737,0.20026387999396023,0.1274314019831887,5.0,2.0,0.8767077326774597,10.0
q72046b7a43,test,native_model,Que faut-il vérifier en premier si le voyant rouge de frein s'allume pendant que l'on roule avec ma 159 ?,none,1,False,False,1.0,1.0,0.0,0.0,1.0,1.0,1.0,1.0,1.0,9.0
q72046b7a43,test,native_full,Que faut-il vérifier en premier si le voyant rouge de frein s'allume pendant que l'on roule avec ma Alfa Romeo 159 (2005-2011) ?,none,1,False,False,1.0,1.0,1.0,0.0,1.0,1.0,1.0,1.0,1.0,13.0
qb781fed546,dev,native_plain,À quelle distance minimale doit-on maintenir le jet d'un nettoyeur haute pression pour laver les capteurs de stationnement ?,vehicle,157,True,True,0.0,0.0,0.0,0.9419747046409613,0.07630368398253001,0.04135573938670298,10.0,3.0,0.9475657343864441,10.0
qb781fed546,dev,native_brand,À quelle distance minimale doit-on maintenir le jet d'un nettoyeur haute pression pour laver les capteurs de stationnement sur ma Alfa Romeo ?,model,7,True,True,0.0,0.0,1.0,0.9350824996401786,0.07973519829555148,0.12647324449817315,9.0,4.0,0.8782395124435425,12.0
qb781fed546,dev,native_model,À quelle distance minimale doit-on maintenir le jet d'un nettoyeur haute pression pour laver les capteurs de stationnement sur ma 159 ?,none,1,True,False,1.0,1.0,0.0,0.0,1.0,1.0,1.0,1.0,1.0,11.0
qb781fed546,dev,native_full,À quelle distance minimale doit-on maintenir le jet d'un nettoyeur haute pression pour laver les capteurs de stationnement sur ma Alfa Romeo 159 (2005-2011) ?,none,1,True,False,1.0,1.0,1.0,0.0,1.0,1.0,1.0,1.0,1.0,15.0
q0f35a3a460,test,native_plain,Comment réagissent les clignotants quand on ferme le coffre ?,vehicle,157,True,True,0.0,0.0,0.0,0.9475648539678344,0.07963218503725468,0.2988608069183469,6.0,4.0,0.8747684359550476,4.0
q0f35a3a460,test,native_brand,Comment réagissent les clignotants quand on ferme le coffre sur une Alfa Romeo ?,model,7,True,True,0.0,0.0,1.0,0.7574333754373049,0.1857461899271802,0.011250477683814642,4.0,1.0,0.8759471774101257,6.0
q0f35a3a460,test,native_model,Comment réagissent les clignotants quand on ferme le coffre sur une 159 ?,none,1,True,False,1.0,1.0,0.0,0.0,1.0,1.0,1.0,1.0,1.0,5.0
q0f35a3a460,test,native_full,Comment réagissent les clignotants quand on ferme le coffre sur une Alfa Romeo 159 (2005-2011) ?,none,1,True,False,1.0,1.0,1.0,0.0,1.0,1.0,1.0,1.0,1.0,9.0
q2ca7161677,test,native_plain,À quelle fréquence est-il conseillé de faire vérifier le filtre d'habitacle ?,vehicle,157,False,False,0.0,0.0,0.0,0.9509599849485184,0.0729032673615209,0.3128982302921572,6.0,4.0,0.8976398706436157,5.0
q2ca7161677,test,native_brand,À quelle fréquence est-il conseillé de faire vérifier le filtre d'habitacle sur ma Alfa Romeo ?,model,7,False,False,0.0,0.0,1.0,0.8002032363770019,0.1723444342999621,0.006168423029344293,6.0,2.0,0.8754687309265137,7.0
q2ca7161677,test,native_model,À quelle fréquence est-il conseillé de faire vérifier le filtre d'habitacle sur ma 159 ?,none,1,False,False,1.0,1.0,0.0,0.0,1.0,1.0,1.0,1.0,1.0,6.0
q2ca7161677,test,native_full,À quelle fréquence est-il conseillé de faire vérifier le filtre d'habitacle sur ma Alfa Romeo 159 (2005-2011) ?,none,1,False,False,1.0,1.0,1.0,0.0,1.0,1.0,1.0,1.0,1.0,10.0
qc0b271da4f,dev,native_plain,Comment faire pour que l'essuie-glace arrière s'active automatiquement quand on recule ?,vehicle,157,False,False,0.0,0.0,0.0,0.9364212136538124,0.06754685611611803,0.009180959496195022,8.0,5.0,0.9153122901916504,6.0
qc0b271da4f,dev,native_brand,Comment faire pour que l'essuie-glace arrière s'active automatiquement quand on recule avec ma Alfa Romeo ?,model,7,False,False,0.0,0.0,1.0,0.9409883058893536,0.06504717091843452,0.11055387099512703,8.0,4.0,0.8790232539176941,8.0
qc0b271da4f,dev,native_model,Comment faire pour que l'essuie-glace arrière s'active automatiquement quand on recule avec ma 159 ?,none,1,False,False,1.0,1.0,0.0,0.0,1.0,1.0,1.0,1.0,1.0,7.0
qc0b271da4f,dev,native_full,Comment faire pour que l'essuie-glace arrière s'active automatiquement quand on recule avec ma Alfa Romeo 159 (2005-2011) ?,none,1,False,False,1.0,1.0,1.0,0.0,1.0,1.0,1.0,1.0,1.0,11.0
qe30221e5d2,dev,native_plain,Sur quels freins agit le frein de stationnement ?,vehicle,157,False,False,0.0,0.0,0.0,0.9652477047745551,0.044982066839885454,0.08928373090053161,10.0,5.0,0.9341771006584167,4.0
qe30221e5d2,dev,native_brand,Sur quels freins agit le frein de stationnement sur ma Alfa Romeo ?,model,7,False,False,0.0,0.0,1.0,0.8873132282974493,0.1181297728843905,0.16863753458156708,10.0,6.0,0.8929751515388489,6.0
qe30221e5d2,dev,native_model,Sur quels freins agit le frein de stationnement sur ma 159 ?,none,1,False,False,1.0,1.0,0.0,0.0,1.0,1.0,1.0,1.0,1.0,5.0
qe30221e5d2,dev,native_full,Sur quels freins agit le frein de stationnement sur ma Alfa Romeo 159 (2005-2011) ?,none,1,False,False,1.0,1.0,1.0,0.0,1.0,1.0,1.0,1.0,1.0,9.0
q1af2144033,test,native_plain,Qu'est-ce qui est intégré au pare-soleil du conducteur ?,vehicle,157,True,True,0.0,0.0,0.0,0.9510707276864667,0.056148247230717666,0.12117810815292916,8.0,5.0,0.8828412294387817,4.0
q1af2144033,test,native_brand,Qu'est-ce qui est intégré au pare-soleil du conducteur sur ma Alfa Romeo ?,model,7,True,True,0.0,0.0,1.0,0.8390479179154933,0.14556835170626425,0.11568111951569016,8.0,3.0,0.8584480285644531,6.0
q1af2144033,test,native_model,Qu'est-ce qui est intégré au pare-soleil du conducteur sur ma Alfa Romeo 33 ?,none,1,True,False,1.0,1.0,1.0,0.0,1.0,1.0,1.0,1.0,1.0,7.0
q1af2144033,test,native_full,Qu'est-ce qui est intégré au pare-soleil du conducteur sur ma Alfa Romeo 33 (1989-1995) ?,none,1,True,False,1.0,1.0,1.0,0.0,1.0,1.0,1.0,1.0,1.0,9.0
q8b81cf3570,test,native_plain,À quelle température le ventilateur du radiateur se déclenche-t-il ?,vehicle,157,True,True,0.0,0.0,0.0,0.9400772195803752,0.0750158730408552,0.07740786459085428,7.0,5.0,0.8448584675788879,4.0
q8b81cf3570,test,native_brand,À quelle température le ventilateur du radiateur se déclenche-t-il sur ma Alfa Romeo ?,model,7,True,True,0.0,0.0,1.0,0.7992894538768247,0.1783997381500716,0.07232895490154005,6.0,2.0,0.8094436526298523,6.0
q8b81cf3570,test,native_model,À quelle température le ventilateur du radiateur se déclenche-t-il sur ma Alfa Romeo 33 ?,none,1,True,False,1.0,1.0,1.0,0.0,1.0,1.0,1.0,1.0,1.0,7.0
q8b81cf3570,test,native_full,À quelle température le ventilateur du radiateur se déclenche-t-il sur ma Alfa Romeo 33 (1989-1995) ?,none,1,True,False,1.0,1.0,1.0,0.0,1.0,1.0,1.0,1.0,1.0,9.0
q9313d1b9e7,test,native_plain,Comment change-t-on l'ampoule de l'éclairage de la boîte à gants ?,vehicle,157,False,False,0.0,0.0,0.0,0.9022897472503624,0.10960379932606702,0.1905651456168528,7.0,6.0,0.8629525899887085,5.0
q9313d1b9e7,test,native_brand,Comment change-t-on l'ampoule de l'éclairage de la boîte à gants sur une Alfa Romeo ?,model,7,False,False,0.0,0.0,1.0,0.8059819679249774,0.17624211493683017,0.05011747747379622,7.0,2.0,0.856194019317627,7.0
q9313d1b9e7,test,native_model,Comment change-t-on l'ampoule de l'éclairage de la boîte à gants sur une Alfa Romeo 33 ?,none,1,False,False,1.0,1.0,1.0,0.0,1.0,1.0,1.0,1.0,1.0,8.0
q9313d1b9e7,test,native_full,Comment change-t-on l'ampoule de l'éclairage de la boîte à gants sur une Alfa Romeo 33 (1989-1995) ?,none,1,False,False,1.0,1.0,1.0,0.0,1.0,1.0,1.0,1.0,1.0,10.0
qa76deacc24,test,native_plain,Combien de carburant reste-t-il dans le réservoir lorsque le voyant de réserve s'allume ?,vehicle,157,True,True,0.0,0.0,0.0,0.9640999117121587,0.042997497504440804,0.026346437082466097,9.0,6.0,0.8966220617294312,7.0
qa76deacc24,test,native_brand,Combien de carburant reste-t-il dans le réservoir lorsque le voyant de réserve s'allume sur ma Alfa Romeo ?,model,7,True,True,0.0,0.0,1.0,0.8713398299993181,0.15100691930208815,0.28599629215332445,8.0,5.0,0.8912824392318726,9.0
qa76deacc24,test,native_model,Combien de carburant reste-t-il dans le réservoir lorsque le voyant de réserve s'allume sur ma Alfa Romeo 33 ?,none,1,True,False,1.0,1.0,1.0,0.0,1.0,1.0,1.0,1.0,1.0,10.0
qa76deacc24,test,native_full,Combien de carburant reste-t-il dans le réservoir lorsque le voyant de réserve s'allume sur ma Alfa Romeo 33 (1989-1995) ?,none,1,True,False,1.0,1.0,1.0,0.0,1.0,1.0,1.0,1.0,1.0,12.0
q150a0d7f16,test,native_plain,Comment doit-on bouger le volant quand on remplit le réservoir de direction assistée ?,vehicle,157,False,False,0.0,0.0,0.0,0.9517333876748275,0.06271020846714738,0.26037438674811103,10.0,4.0,0.8843283653259277,6.0
q150a0d7f16,test,native_brand,Comment doit-on bouger le volant quand on remplit le réservoir de direction assistée sur une Alfa Romeo ?,model,7,False,False,0.0,0.0,1.0,0.8412518460364914,0.15155645541016688,0.060980402242885486,6.0,3.0,0.8731664419174194,8.0
q150a0d7f16,test,native_model,Comment doit-on bouger le volant quand on remplit le réservoir de direction assistée sur une Alfa Romeo 33 ?,none,1,False,False,1.0,1.0,1.0,0.0,1.0,1.0,1.0,1.0,1.0,9.0
q150a0d7f16,test,native_full,Comment doit-on bouger le volant quand on remplit le réservoir de direction assistée sur une Alfa Romeo 33 (1989-1995) ?,none,1,False,False,1.0,1.0,1.0,0.0,1.0,1.0,1.0,1.0,1.0,11.0
q2c3a2bae60,test,native_plain,"Après avoir changé une roue, au bout de combien de kilomètres doit-on vérifier le serrage des vis ?",vehicle,157,True,True,0.0,0.0,0.0,0.9755538643213328,0.03676861320080067,0.07865467702892194,10.0,7.0,0.8878340721130371,9.0
q2c3a2bae60,test,native_brand,"Après avoir changé une roue sur ma Alfa Romeo, au bout de combien de kilomètres doit-on vérifier le serrage des vis ?",model,7,True,True,0.0,0.0,1.0,0.897151115483224,0.11439303145499041,0.1128795497021565,8.0,5.0,0.8264132738113403,11.0
q2c3a2bae60,test,native_model,"Après avoir changé une roue sur ma Alfa Romeo 33, au bout de combien de kilomètres doit-on vérifier le serrage des vis ?",none,1,True,False,1.0,1.0,1.0,0.0,1.0,1.0,1.0,1.0,1.0,12.0
q2c3a2bae60,test,native_full,"Après avoir changé une roue sur ma Alfa Romeo 33 (1989-1995), au bout de combien de kilomètres doit-on vérifier le serrage des vis ?",none,1,True,False,1.0,1.0,1.0,0.0,1.0,1.0,1.0,1.0,1.0,14.0
q60a202becd,test,native_plain,Pourquoi est-il recommandé d'allumer la climatisation pour enlever la buée sur les vitres ?,vehicle,157,False,False,0.0,0.0,0.0,0.9697081931483984,0.04676165889752519,0.0974319737370307,10.0,8.0,0.909492015838623,7.0
q60a202becd,test,native_brand,Pourquoi est-il recommandé d'allumer la climatisation pour enlever la buée sur les vitres de ma Alfa Romeo ?,model,7,False,False,0.0,0.0,1.0,0.8571677355112985,0.17457205169300993,0.23450208029335604,8.0,6.0,0.8226886987686157,9.0
q60a202becd,test,native_model,Pourquoi est-il recommandé d'allumer la climatisation pour enlever la buée sur les vitres de ma 4C ?,none,1,False,False,1.0,1.0,0.0,0.0,1.0,1.0,1.0,1.0,1.0,8.0
q60a202becd,test,native_full,Pourquoi est-il recommandé d'allumer la climatisation pour enlever la buée sur les vitres de ma Alfa Romeo 4C (2013-2020) ?,none,1,False,False,1.0,1.0,1.0,0.0,1.0,1.0,1.0,1.0,1.0,12.0
qe183e1157c,dev,native_plain,Quel est le poids maximal autorisé pour tracter une remorque freinée ?,vehicle,157,True,True,0.0,0.0,0.0,0.9505146715601558,0.06728911601754291,0.1332787058444731,9.0,8.0,0.8699668049812317,6.0
qe183e1157c,dev,native_brand,Quel est le poids maximal autorisé pour tracter une remorque freinée avec ma Alfa Romeo ?,model,7,True,True,0.0,0.0,1.0,0.9593688863001616,0.0633621086027877,0.2913159812820461,10.0,7.0,0.8431251645088196,8.0
qe183e1157c,dev,native_model,Quel est le poids maximal autorisé pour tracter une remorque freinée avec ma 4C ?,none,1,True,False,1.0,1.0,0.0,0.0,1.0,1.0,1.0,1.0,1.0,7.0
qe183e1157c,dev,native_full,Quel est le poids maximal autorisé pour tracter une remorque freinée avec ma Alfa Romeo 4C (2013-2020) ?,none,1,True,False,1.0,1.0,1.0,0.0,1.0,1.0,1.0,1.0,1.0,11.0
q37ff56ae32,test,native_plain,Pourquoi le témoin de panne des feux stop s'affiche-t-il ?,vehicle,157,False,False,0.0,0.0,0.0,0.8743582099867329,0.21963265507664864,0.793634065729194,7.0,3.0,0.8592666387557983,6.0
q37ff56ae32,test,native_brand,Pourquoi le témoin de panne des feux stop s'affiche-t-il sur ma Alfa Romeo ?,model,7,False,False,0.0,0.0,1.0,0.833671181958949,0.20820440670255536,0.028778715397590148,4.0,1.0,0.8759728670120239,8.0
q37ff56ae32,test,native_model,Pourquoi le témoin de panne des feux stop s'affiche-t-il sur ma 4C ?,none,1,False,False,1.0,1.0,0.0,0.0,1.0,1.0,1.0,1.0,1.0,7.0
q37ff56ae32,test,native_full,Pourquoi le témoin de panne des feux stop s'affiche-t-il sur ma Alfa Romeo 4C (2013-2020) ?,none,1,False,False,1.0,1.0,1.0,0.0,1.0,1.0,1.0,1.0,1.0,11.0
q4e6130aefc,test,native_plain,Où se trouve le numéro de châssis gravé directement sur le plancher ?,vehicle,157,True,True,0.0,0.0,0.0,0.9703990857822671,0.03980395721554394,0.08542828423079708,9.0,5.0,0.9052966833114624,6.0
q4e6130aefc,test,native_brand,Où se trouve le numéro de châssis gravé directement sur le plancher de ma Alfa Romeo ?,model,7,True,True,0.0,0.0,1.0,0.8516698927610802,0.13932426734602416,0.01204950415656467,9.0,4.0,0.9039970636367798,8.0
q4e6130aefc,test,native_model,Où se trouve le numéro de châssis gravé directement sur le plancher de ma 4C ?,none,1,True,False,1.0,1.0,0.0,0.0,1.0,1.0,1.0,1.0,1.0,7.0
q4e6130aefc,test,native_full,Où se trouve le numéro de châssis gravé directement sur le plancher de ma Alfa Romeo 4C (2013-2020) ?,none,1,True,False,1.0,1.0,1.0,0.0,1.0,1.0,1.0,1.0,1.0,11.0
qef05bda678,dev,native_plain,Comment réengager une vitesse si l'on roule au point mort ?,vehicle,157,True,True,0.0,0.0,0.0,0.9333934948744707,0.1176956216385395,0.5411098223225745,8.0,4.0,0.9014165997505188,5.0
qef05bda678,dev,native_brand,Comment réengager une vitesse si l'on roule au point mort sur ma Alfa Romeo ?,model,7,True,True,0.0,0.0,1.0,0.7723202632264341,0.21428030094549244,0.22027792640538543,4.0,2.0,0.864203929901123,7.0
qef05bda678,dev,native_model,Comment réengager une vitesse si l'on roule au point mort sur ma 4C ?,none,1,True,False,1.0,1.0,0.0,0.0,1.0,1.0,1.0,1.0,1.0,6.0
qef05bda678,dev,native_full,Comment réengager une vitesse si l'on roule au point mort sur ma Alfa Romeo 4C (2013-2020) ?,none,1,True,False,1.0,1.0,1.0,0.0,1.0,1.0,1.0,1.0,1.0,10.0
q939876eac3,test,native_plain,Pourquoi existe-t-il un réseau après-vente dédié pour ce véhicule ?,vehicle,157,True,True,0.0,0.0,0.0,0.8160147562104069,0.3054594595024635,0.7348540789287443,10.0,5.0,0.8444958925247192,6.0
q939876eac3,test,native_brand,Pourquoi existe-t-il un réseau après-vente dédié pour la Alfa Romeo ?,model,7,True,True,0.0,0.0,1.0,0.6945466025049943,0.5098694864202907,0.7839828386203067,5.0,1.0,0.9056452512741089,7.0
q939876eac3,test,native_model,Pourquoi existe-t-il un réseau après-vente dédié pour la 4C ?,none,1,True,False,1.0,1.0,0.0,0.0,1.0,1.0,1.0,1.0,1.0,6.0
q939876eac3,test,native_full,Pourquoi existe-t-il un réseau après-vente dédié pour la Alfa Romeo 4C (2013-2020) ?,none,1,True,False,1.0,1.0,1.0,0.0,1.0,1.0,1.0,1.0,1.0,10.0
q6ede1f88a0,test,native_plain,À partir de quelle vitesse le système d'aide au démarrage en côte évalue-t-il la pente ?,vehicle,157,True,True,0.0,0.0,0.0,0.949966896974115,0.054282550698186605,0.04614432756499102,8.0,3.0,0.9446749687194824,8.0
q6ede1f88a0,test,native_brand,À partir de quelle vitesse le système d'aide au démarrage en côte évalue-t-il la pente sur ma Alfa Romeo ?,model,7,True,True,0.0,0.0,1.0,0.9478083657110582,0.05998803351702736,0.09649445005525834,8.0,4.0,0.9242908358573914,10.0
q6ede1f88a0,test,native_model,À partir de quelle vitesse le système d'aide au démarrage en côte évalue-t-il la pente sur ma 8C Competizione ?,none,1,True,False,1.0,1.0,0.0,0.0,1.0,1.0,1.0,1.0,1.0,10.0
q6ede1f88a0,test,native_full,À partir de quelle vitesse le système d'aide au démarrage en côte évalue-t-il la pente sur ma Alfa Romeo 8C Competizione ?,none,1,True,False,1.0,1.0,1.0,0.0,1.0,1.0,1.0,1.0,1.0,12.0
qf2c7f9b06f,dev,native_plain,Comment changer le format d'affichage de l'heure entre 12h et 24h ?,vehicle,157,True,True,0.0,0.0,0.0,0.9509219693446718,0.05315442486082595,0.13863107166685018,10.0,7.0,0.9096821546554565,6.0
qf2c7f9b06f,dev,native_brand,Comment changer le format d'affichage de l'heure entre 12h et 24h sur ma Alfa Romeo ?,model,7,True,True,0.0,0.0,1.0,0.9538829117128786,0.062068783270917964,0.21636030708679121,10.0,7.0,0.8860496282577515,8.0
qf2c7f9b06f,dev,native_model,Comment changer le format d'affichage de l'heure entre 12h et 24h sur ma 8C Competizione ?,none,1,True,False,1.0,1.0,0.0,0.0,1.0,1.0,1.0,1.0,1.0,8.0
qf2c7f9b06f,dev,native_full,Comment changer le format d'affichage de l'heure entre 12h et 24h sur ma Alfa Romeo 8C Competizione ?,none,1,True,False,1.0,1.0,1.0,0.0,1.0,1.0,1.0,1.0,1.0,10.0
q725ecebb0f,test,native_plain,Que signifie le fait que les clignotants clignotent 9 fois au moment d'activer l'alarme ?,vehicle,157,True,True,0.0,0.0,0.0,0.9520723012561144,0.0626211815118824,0.11205393807172717,9.0,7.0,0.9079247713088989,7.0
q725ecebb0f,test,native_brand,Que signifie le fait que les clignotants clignotent 9 fois au moment d'activer l'alarme sur ma Alfa Romeo ?,model,7,True,True,0.0,0.0,1.0,0.8533142235746967,0.127657222410985,0.023645445735424903,5.0,1.0,0.8832477331161499,9.0
q725ecebb0f,test,native_model,Que signifie le fait que les clignotants clignotent 9 fois au moment d'activer l'alarme sur ma 8C Competizione ?,none,1,True,False,1.0,1.0,0.0,0.0,1.0,1.0,1.0,1.0,1.0,9.0
q725ecebb0f,test,native_full,Que signifie le fait que les clignotants clignotent 9 fois au moment d'activer l'alarme sur ma Alfa Romeo 8C Competizione ?,none,1,True,False,1.0,1.0,1.0,0.0,1.0,1.0,1.0,1.0,1.0,11.0
qf06d257f7a,dev,native_plain,Que faut-il faire pour réactiver le verrouillage centralisé après avoir changé un fusible ?,vehicle,157,True,True,0.0,0.0,0.0,0.9478796391888493,0.06606215717342923,0.30823759780358184,10.0,6.0,0.8312643766403198,6.0
qf06d257f7a,dev,native_brand,Que faut-il faire pour réactiver le verrouillage centralisé après avoir changé un fusible sur ma Alfa Romeo ?,model,7,True,True,0.0,0.0,1.0,0.8543274983241592,0.15640977386052743,0.10342107691278551,5.0,1.0,0.8751042485237122,8.0
qf06d257f7a,dev,native_model,Que faut-il faire pour réactiver le verrouillage centralisé après avoir changé un fusible sur ma 8C Competizione ?,none,1,True,False,1.0,1.0,0.0,0.0,1.0,1.0,1.0,1.0,1.0,8.0
qf06d257f7a,dev,native_full,Que faut-il faire pour réactiver le verrouillage centralisé après avoir changé un fusible sur ma Alfa Romeo 8C Competizione ?,none,1,True,False,1.0,1.0,1.0,0.0,1.0,1.0,1.0,1.0,1.0,10.0
qc3270c8046,dev,native_plain,Comment peut-on accéder aux ampoules des phares avant ?,vehicle,157,True,True,0.0,0.0,0.0,0.9342219211780131,0.11609328480038614,0.49814949014107024,10.0,8.0,0.8690348863601685,3.0
qc3270c8046,dev,native_brand,Comment peut-on accéder aux ampoules des phares avant sur ma Alfa Romeo ?,model,7,True,True,0.0,0.0,1.0,0.7896964766375344,0.1923931788572387,0.06694171094724513,4.0,1.0,0.9085822105407715,5.0
qc3270c8046,dev,native_model,Comment peut-on accéder aux ampoules des phares avant sur ma 8C Competizione ?,none,1,True,False,1.0,1.0,0.0,0.0,1.0,1.0,1.0,1.0,1.0,5.0
qc3270c8046,dev,native_full,Comment peut-on accéder aux ampoules des phares avant sur ma Alfa Romeo 8C Competizione ?,none,1,True,False,1.0,1.0,1.0,0.0,1.0,1.0,1.0,1.0,1.0,7.0
q47315a762b,test,native_plain,Qui est-il conseillé de contacter pour remplacer les ampoules des feux arrière ?,vehicle,157,True,True,0.0,0.0,0.0,0.944635608364986,0.07199328235328743,0.1566711194030531,9.0,6.0,0.8564690351486206,6.0
q47315a762b,test,native_brand,Qui est-il conseillé de contacter pour remplacer les ampoules des feux arrière sur ma Alfa Romeo ?,model,7,True,True,0.0,0.0,1.0,0.8346975729837954,0.17580561970167824,0.36766194130318974,5.0,2.0,0.8932214975357056,8.0
q47315a762b,test,native_model,Qui est-il conseillé de contacter pour remplacer les ampoules des feux arrière sur ma 8C Competizione ?,none,1,True,False,1.0,1.0,0.0,0.0,1.0,1.0,1.0,1.0,1.0,8.0
q47315a762b,test,native_full,Qui est-il conseillé de contacter pour remplacer les ampoules des feux arrière sur ma Alfa Romeo 8C Competizione ?,none,1,True,False,1.0,1.0,1.0,0.0,1.0,1.0,1.0,1.0,1.0,10.0
q92f3fc09b3,test,native_plain,What are the different units available for the pressure display?,vehicle,157,True,True,0.0,0.0,0.0,0.9252697386455033,0.110599271836891,0.43025061011838595,9.0,5.0,0.8150917887687683,5.0
q92f3fc09b3,test,native_brand,What are the different units available for the pressure display on my Alfa Romeo?,model,7,True,True,0.0,0.0,1.0,0.8960311007441232,0.12436762461953473,0.1208515278322684,9.0,4.0,0.7887934446334839,7.0
q92f3fc09b3,test,native_model,What are the different units available for the pressure display on my Alfa Romeo Infotainment System?,none,1,True,False,1.0,1.0,1.0,0.0,1.0,1.0,1.0,1.0,1.0,9.0
q92f3fc09b3,test,native_full,What are the different units available for the pressure display on my Alfa Romeo Infotainment System?,none,1,True,False,1.0,1.0,1.0,0.0,1.0,1.0,1.0,1.0,1.0,9.0
qa601825bef,test,native_plain,How do I exit or turn off Apple CarPlay or Android Auto?,vehicle,157,False,False,0.0,0.0,0.0,0.8999393574957884,0.14022580036147972,0.3231448838512476,9.0,6.0,0.8627833127975464,6.0
qa601825bef,test,native_brand,How do I exit or turn off Apple CarPlay or Android Auto on my Alfa Romeo?,model,7,False,False,0.0,0.0,1.0,0.9015439239920588,0.1214351095953953,0.3144974637818755,9.0,5.0,0.8552736043930054,8.0
qa601825bef,test,native_model,How do I exit or turn off Apple CarPlay or Android Auto on my Alfa Romeo Infotainment System?,none,1,False,False,1.0,1.0,1.0,0.0,1.0,1.0,1.0,1.0,1.0,10.0
qa601825bef,test,native_full,How do I exit or turn off Apple CarPlay or Android Auto on my Alfa Romeo Infotainment System?,none,1,False,False,1.0,1.0,1.0,0.0,1.0,1.0,1.0,1.0,1.0,10.0
q9844a99f46,test,native_plain,How can I access the applications menu on the screen?,vehicle,157,True,True,0.0,0.0,0.0,0.901708018535986,0.08554191327160193,0.09342480659434267,5.0,2.0,0.8936246633529663,4.0
q9844a99f46,test,native_brand,How can I access the applications menu on the screen of my Alfa Romeo?,model,7,True,True,0.0,0.0,1.0,0.9127880575419197,0.09249731567861966,0.0971771313684238,6.0,4.0,0.8725343942642212,6.0
q9844a99f46,test,native_model,How can I access the applications menu on the screen of my Alfa Romeo Infotainment System?,none,1,True,False,1.0,1.0,1.0,0.0,1.0,1.0,1.0,1.0,1.0,8.0
q9844a99f46,test,native_full,How can I access the applications menu on the screen of my Alfa Romeo Infotainment System?,none,1,True,False,1.0,1.0,1.0,0.0,1.0,1.0,1.0,1.0,1.0,8.0
q092f51ae72,test,native_plain,How do I delete a paired phone from the bluetooth list?,vehicle,157,False,False,0.0,0.0,0.0,0.8270407572375048,0.18132861241738676,0.0173668554485071,5.0,3.0,0.8860052227973938,5.0
q092f51ae72,test,native_brand,How do I delete a paired phone from the bluetooth list on my Alfa Romeo?,model,7,False,False,0.0,0.0,1.0,0.8755385181844919,0.1469675213976107,0.04832166387441039,6.0,3.0,0.8438905477523804,7.0
q092f51ae72,test,native_model,How do I delete a paired phone from the bluetooth list on my Alfa Romeo Infotainment System?,none,1,False,False,1.0,1.0,1.0,0.0,1.0,1.0,1.0,1.0,1.0,9.0
q092f51ae72,test,native_full,How do I delete a paired phone from the bluetooth list on my Alfa Romeo Infotainment System?,none,1,False,False,1.0,1.0,1.0,0.0,1.0,1.0,1.0,1.0,1.0,9.0
qe8b537692a,dev,native_plain,How can I switch to a different music source like USB or Bluetooth?,vehicle,157,True,True,0.0,0.0,0.0,0.8917091031941783,0.11507583821246768,0.013429098338173776,8.0,5.0,0.8488143086433411,7.0
qe8b537692a,dev,native_brand,How can I switch to a different music source like USB or Bluetooth on my Alfa Romeo?,model,7,True,True,0.0,0.0,1.0,0.9363342151255847,0.08596841358439927,0.372735929889444,9.0,7.0,0.7946845889091492,9.0
qe8b537692a,dev,native_model,How can I switch to a different music source like USB or Bluetooth on my Alfa Romeo Infotainment System?,none,1,True,False,1.0,1.0,1.0,0.0,1.0,1.0,1.0,1.0,1.0,11.0
qe8b537692a,dev,native_full,How can I switch to a different music source like USB or Bluetooth on my Alfa Romeo Infotainment System?,none,1,True,False,1.0,1.0,1.0,0.0,1.0,1.0,1.0,1.0,1.0,11.0
qf987e00e21,dev,native_plain,How many watts is the amplifier in the Harman Kardon sound system?,vehicle,157,True,True,0.0,0.0,0.0,0.9382013877830382,0.06715118585166309,0.15824659597093763,8.0,7.0,0.8929595947265625,7.0
qf987e00e21,dev,native_brand,How many watts is the amplifier in the Harman Kardon sound system in my Alfa Romeo?,model,7,True,True,1.0,1.0,1.0,0.0,1.0,1.0,1.0,1.0,1.0,9.0
qf987e00e21,dev,native_model,How many watts is the amplifier in the Harman Kardon sound system in my Alfa Romeo Infotainment System?,none,1,True,False,1.0,1.0,1.0,0.0,1.0,1.0,1.0,1.0,1.0,11.0
qf987e00e21,dev,native_full,How many watts is the amplifier in the Harman Kardon sound system in my Alfa Romeo Infotainment System?,none,1,True,False,1.0,1.0,1.0,0.0,1.0,1.0,1.0,1.0,1.0,11.0
q1bd0da42ea,test,native_plain,Comment réagir si l'assistant d'arrêt d'urgence a un comportement anormal ?,vehicle,157,False,False,0.0,0.0,0.0,0.9143480173770172,0.07697389189814514,0.006343335465367088,9.0,4.0,0.9017660021781921,6.0
q1bd0da42ea,test,native_brand,Comment réagir si l'assistant d'arrêt d'urgence a un comportement anormal sur ma Alpine ?,none,1,False,False,0.0,0.0,1.0,0.9235890796409245,0.07212909789264062,0.06452905079478649,7.0,4.0,0.8845229148864746,7.0
q1bd0da42ea,test,native_model,Comment réagir si l'assistant d'arrêt d'urgence a un comportement anormal sur ma A390 ?,none,1,False,False,1.0,1.0,0.0,0.0,1.0,1.0,1.0,1.0,1.0,7.0
q1bd0da42ea,test,native_full,Comment réagir si l'assistant d'arrêt d'urgence a un comportement anormal sur ma Alpine A390 (2025) ?,none,1,False,False,1.0,1.0,1.0,0.0,1.0,1.0,1.0,1.0,1.0,9.0
q47feeca1af,test,native_plain,Pourquoi le freinage régénératif est-il désactivé quand je roule avec le régulateur de vitesse ?,vehicle,157,True,True,0.0,0.0,0.0,0.9476083209837268,0.08205404931668221,0.13985910116043698,10.0,7.0,0.8757849931716919,7.0
q47feeca1af,test,native_brand,Pourquoi le freinage régénératif est-il désactivé quand je roule avec le régulateur de vitesse sur ma Alpine ?,none,1,True,False,0.0,0.0,1.0,0.9241538909284528,0.11003739634237979,0.19670615995109922,7.0,5.0,0.8750311136245728,8.0
q47feeca1af,test,native_model,Pourquoi le freinage régénératif est-il désactivé quand je roule avec le régulateur de vitesse sur ma A390 ?,none,1,True,False,1.0,1.0,0.0,0.0,1.0,1.0,1.0,1.0,1.0,8.0
q47feeca1af,test,native_full,Pourquoi le freinage régénératif est-il désactivé quand je roule avec le régulateur de vitesse sur ma Alpine A390 (2025) ?,none,1,True,False,1.0,1.0,1.0,0.0,1.0,1.0,1.0,1.0,1.0,10.0
q7a0ec1a0d2,test,native_plain,Est-il normal d'avoir des traces de buée ou de condensation à l'intérieur des phares ?,vehicle,157,False,False,0.0,0.0,0.0,0.9710263634268832,0.034033049987876145,0.04996606207106552,9.0,4.0,0.8838350176811218,7.0
q7a0ec1a0d2,test,native_brand,Est-il normal d'avoir des traces de buée ou de condensation à l'intérieur des phares de ma Alpine ?,none,1,False,False,0.0,0.0,1.0,0.9698621410290889,0.031783844016763686,0.0085705816186893,9.0,5.0,0.8662499189376831,8.0
q7a0ec1a0d2,test,native_model,Est-il normal d'avoir des traces de buée ou de condensation à l'intérieur des phares de ma A390 ?,none,1,False,False,1.0,1.0,0.0,0.0,1.0,1.0,1.0,1.0,1.0,8.0
q7a0ec1a0d2,test,native_full,Est-il normal d'avoir des traces de buée ou de condensation à l'intérieur des phares de ma Alpine A390 (2025) ?,none,1,False,False,1.0,1.0,1.0,0.0,1.0,1.0,1.0,1.0,1.0,10.0
q5b2e077f4a,test,native_plain,Comment placer les essuie-glaces en position d'entretien ?,vehicle,157,True,True,0.0,0.0,0.0,0.9185601233725104,0.08922395351506794,0.05749901167208031,9.0,2.0,0.9289175271987915,5.0
q5b2e077f4a,test,native_brand,Comment placer les essuie-glaces en position d'entretien sur ma Alpine ?,none,1,True,False,0.0,0.0,1.0,0.9289654280433719,0.08256573550012247,0.09652225171500543,8.0,2.0,0.9289175271987915,6.0
q5b2e077f4a,test,native_model,Comment placer les essuie-glaces en position d'entretien sur ma A390 ?,none,1,True,False,1.0,1.0,0.0,0.0,1.0,1.0,1.0,1.0,1.0,6.0
q5b2e077f4a,test,native_full,Comment placer les essuie-glaces en position d'entretien sur ma Alpine A390 (2025) ?,none,1,True,False,1.0,1.0,1.0,0.0,1.0,1.0,1.0,1.0,1.0,8.0
qa7792ac6d6,test,native_plain,Quel est le niveau de charge minimal de la batterie requis pour que le chauffage ou la climatisation programmés se mettent en marche ?,vehicle,157,True,True,0.0,0.0,0.0,0.9116213018529716,0.14873239301538613,0.6061741741964347,9.0,8.0,0.8759261965751648,10.0
qa7792ac6d6,test,native_brand,Quel est le niveau de charge minimal de la batterie requis pour que le chauffage ou la climatisation programmés se mettent en marche sur ma Alpine ?,none,1,True,False,0.0,0.0,1.0,0.9430170635955046,0.09029680500976359,0.4354498545053611,10.0,8.0,0.8669004440307617,11.0
qa7792ac6d6,test,native_model,Quel est le niveau de charge minimal de la batterie requis pour que le chauffage ou la climatisation programmés se mettent en marche sur ma A390 ?,none,1,True,False,1.0,1.0,0.0,0.0,1.0,1.0,1.0,1.0,1.0,11.0
qa7792ac6d6,test,native_full,Quel est le niveau de charge minimal de la batterie requis pour que le chauffage ou la climatisation programmés se mettent en marche sur ma Alpine A390 (2025) ?,none,1,True,False,1.0,1.0,1.0,0.0,1.0,1.0,1.0,1.0,1.0,13.0
q17fa78a6ee,test,native_plain,Est-ce que le mode de conduite à une seule pédale est conservé en mémoire lorsqu'on coupe le contact ?,vehicle,157,True,True,0.0,0.0,0.0,0.9570194770245064,0.05109780480133164,0.04140396027669923,9.0,8.0,0.8746525049209595,9.0
q17fa78a6ee,test,native_brand,Est-ce que le mode de conduite à une seule pédale est conservé en mémoire lorsqu'on coupe le contact sur une Alpine ?,none,1,True,False,0.0,0.0,1.0,0.9485982708137503,0.052836449118192415,0.011113475016394772,9.0,8.0,0.8746525049209595,10.0
q17fa78a6ee,test,native_model,Est-ce que le mode de conduite à une seule pédale est conservé en mémoire lorsqu'on coupe le contact sur une A390 ?,none,1,True,False,1.0,1.0,0.0,0.0,1.0,1.0,1.0,1.0,1.0,10.0
q17fa78a6ee,test,native_full,Est-ce que le mode de conduite à une seule pédale est conservé en mémoire lorsqu'on coupe le contact sur une Alpine A390 (2025) ?,none,1,True,False,1.0,1.0,1.0,0.0,1.0,1.0,1.0,1.0,1.0,12.0
q84c973c5a9,test,native_plain,Pourquoi l'écran du système multimédia se met-il en veille quand je branche une clé USB ?,vehicle,157,True,True,0.0,0.0,0.0,0.8254617071719874,0.17273080567010024,0.37874831906744866,5.0,3.0,0.9202800989151001,9.0
q84c973c5a9,test,native_brand,Pourquoi l'écran du système multimédia de ma Alpine se met-il en veille quand je branche une clé USB ?,none,1,True,False,0.0,0.0,1.0,0.8349729548068481,0.1661727895016051,0.39250202943291074,6.0,4.0,0.865831196308136,10.0
q84c973c5a9,test,native_model,Pourquoi l'écran du système multimédia de ma A390 se met-il en veille quand je branche une clé USB ?,none,1,True,False,1.0,1.0,0.0,0.0,1.0,1.0,1.0,1.0,1.0,10.0
q84c973c5a9,test,native_full,Pourquoi l'écran du système multimédia de ma Alpine A390 2025 Multimedia System se met-il en veille quand je branche une clé USB ?,none,1,True,False,1.0,1.0,1.0,0.0,1.0,1.0,1.0,1.0,1.0,14.0
qeda222beaf,dev,native_plain,Que dois-je faire pour terminer l'inscription à mon compte My Alpine ?,vehicle,157,True,True,0.0,0.0,1.0,0.883463217160454,0.16641624454106047,0.595357578301097,2.0,2.0,0.7564441561698914,4.0
qeda222beaf,dev,native_brand,Que dois-je faire pour terminer l'inscription à mon compte My Alpine pour ma Alpine ?,none,1,True,False,0.0,0.0,1.0,0.8601172496430317,0.24601245548242623,0.6874692815665138,1.0,1.0,0.7582970857620239,5.0
qeda222beaf,dev,native_model,Que dois-je faire pour terminer l'inscription à mon compte My Alpine pour ma A390 ?,none,1,True,False,1.0,1.0,1.0,0.0,1.0,1.0,1.0,1.0,1.0,5.0
qeda222beaf,dev,native_full,Que dois-je faire pour terminer l'inscription à mon compte My Alpine pour ma Alpine A390 2025 Multimedia System ?,none,1,True,False,1.0,1.0,1.0,0.0,1.0,1.0,1.0,1.0,1.0,9.0
q8caf8f9977,test,native_plain,Comment passer de l'affichage du temps de trajet restant à l'heure d'arrivée prévue pendant la simulation d'un parcours ?,vehicle,157,True,True,0.0,0.0,0.0,0.9250621646357794,0.06159866527701945,0.04892092043489235,10.0,6.0,0.8577418327331543,11.0
q8caf8f9977,test,native_brand,Comment passer de l'affichage du temps de trajet restant à l'heure d'arrivée prévue pendant la simulation d'un parcours sur mon Alpine ?,none,1,True,False,0.0,0.0,1.0,0.9259011547232592,0.0661953315977742,0.12981920760174698,10.0,6.0,0.8577417135238647,12.0
q8caf8f9977,test,native_model,Comment passer de l'affichage du temps de trajet restant à l'heure d'arrivée prévue pendant la simulation d'un parcours sur mon A390 ?,none,1,True,False,1.0,1.0,0.0,0.0,1.0,1.0,1.0,1.0,1.0,12.0
q8caf8f9977,test,native_full,Comment passer de l'affichage du temps de trajet restant à l'heure d'arrivée prévue pendant la simulation d'un parcours sur mon Alpine A390 2025 Multimedia System ?,none,1,True,False,1.0,1.0,1.0,0.0,1.0,1.0,1.0,1.0,1.0,16.0
qd46ce487d9,dev,native_plain,Comment chercher une adresse située dans un autre pays avec la commande vocale ?,vehicle,157,True,True,0.0,0.0,0.0,0.9240419561820256,0.08762016489880388,0.06164060947441786,7.0,5.0,0.8911027908325195,6.0
qd46ce487d9,dev,native_brand,Comment chercher une adresse située dans un autre pays avec la commande vocale sur mon Alpine ?,none,1,True,False,0.0,0.0,1.0,0.90246933254744,0.1349473933920878,0.3180965648886494,6.0,4.0,0.8911029100418091,7.0
qd46ce487d9,dev,native_model,Comment chercher une adresse située dans un autre pays avec la commande vocale sur mon A390 ?,none,1,True,False,1.0,1.0,0.0,0.0,1.0,1.0,1.0,1.0,1.0,7.0
qd46ce487d9,dev,native_full,Comment chercher une adresse située dans un autre pays avec la commande vocale sur mon Alpine A390 2025 Multimedia System ?,none,1,True,False,1.0,1.0,1.0,0.0,1.0,1.0,1.0,1.0,1.0,11.0
q6150102d46,test,native_plain,Comment passer à la station de radio suivante en mode Fréquence ?,vehicle,157,True,True,0.0,0.0,0.0,0.9312076607662572,0.08966573697593472,0.17403077458413968,6.0,5.0,0.8717247247695923,6.0
q6150102d46,test,native_brand,Comment passer à la station de radio suivante en mode Fréquence sur ma Alpine ?,none,1,True,False,0.0,0.0,1.0,0.9123262971775463,0.10615989307537468,0.32914633744752536,6.0,5.0,0.8569467663764954,7.0
q6150102d46,test,native_model,Comment passer à la station de radio suivante en mode Fréquence sur ma A390 ?,none,1,True,False,1.0,1.0,0.0,0.0,1.0,1.0,1.0,1.0,1.0,7.0
q6150102d46,test,native_full,Comment passer à la station de radio suivante en mode Fréquence sur ma Alpine A390 2025 Multimedia System ?,none,1,True,False,1.0,1.0,1.0,0.0,1.0,1.0,1.0,1.0,1.0,11.0
qc0d2fec36b,dev,native_plain,Pourquoi certaines fonctions de mon téléphone ne fonctionnent-elles pas avec le système multimédia ?,vehicle,157,False,False,0.0,0.0,0.0,0.8741996762333336,0.15031772026377213,0.4129553594034659,8.0,5.0,0.8691989183425903,7.0
qc0d2fec36b,dev,native_brand,Pourquoi certaines fonctions de mon téléphone ne fonctionnent-elles pas avec le système multimédia de ma Alpine ?,none,1,False,False,0.0,0.0,1.0,0.8575243636817135,0.17559915282745106,0.41525670584358837,6.0,3.0,0.8773797154426575,8.0
qc0d2fec36b,dev,native_model,Pourquoi certaines fonctions de mon téléphone ne fonctionnent-elles pas avec le système multimédia de ma A390 ?,none,1,False,False,1.0,1.0,0.0,0.0,1.0,1.0,1.0,1.0,1.0,8.0
qc0d2fec36b,dev,native_full,Pourquoi certaines fonctions de mon téléphone ne fonctionnent-elles pas avec le système multimédia de ma Alpine A390 2025 Multimedia System ?,none,1,False,False,1.0,1.0,1.0,0.0,1.0,1.0,1.0,1.0,1.0,12.0
qa8a634ef54,test,native_plain,How do I display the radio text containing artist and song information?,vehicle,157,True,True,0.0,0.0,0.0,0.8981162563831961,0.11422931794961078,0.2047366786272578,8.0,6.0,0.8413789868354797,7.0
qa8a634ef54,test,native_brand,How do I display the radio text containing artist and song information on my Audi?,none,1,True,False,0.0,0.0,1.0,0.7566639616512111,0.3806926537672766,0.8327401870334612,3.0,3.0,0.8171394467353821,8.0
qa8a634ef54,test,native_model,How do I display the radio text containing artist and song information on my Q5?,none,1,True,False,1.0,1.0,0.0,0.0,1.0,1.0,1.0,1.0,1.0,8.0
qa8a634ef54,test,native_full,How do I display the radio text containing artist and song information on my Audi Q5 (2017-2020)?,none,1,True,False,1.0,1.0,1.0,0.0,1.0,1.0,1.0,1.0,1.0,11.0
qed0f129eff,dev,native_plain,How do I set the windshield wipers to the service position using the center screen?,vehicle,157,True,True,0.0,0.0,0.0,0.9362397865738962,0.13967522413986636,0.24927839138980318,6.0,5.0,0.8500347137451172,8.0
qed0f129eff,dev,native_brand,How do I set the windshield wipers to the service position using the center screen on my Audi?,none,1,True,False,0.0,0.0,1.0,0.8984388135534477,0.1920163789623577,0.2020391576095069,6.0,5.0,0.8485541343688965,9.0
qed0f129eff,dev,native_model,How do I set the windshield wipers to the service position using the center screen on my Q5?,none,1,True,False,1.0,1.0,0.0,0.0,1.0,1.0,1.0,1.0,1.0,9.0
qed0f129eff,dev,native_full,How do I set the windshield wipers to the service position using the center screen on my Audi Q5 (2017-2020)?,none,1,True,False,1.0,1.0,1.0,0.0,1.0,1.0,1.0,1.0,1.0,12.0
q6a5663c120,test,native_plain,Where can I see the boost pressure indicator?,vehicle,157,True,True,0.0,0.0,0.0,0.8646766769327051,0.18135652340645628,0.35012665822144423,8.0,7.0,0.7597936391830444,4.0
q6a5663c120,test,native_brand,Where can I see the boost pressure indicator in my Audi ?,none,1,True,False,0.0,0.0,1.0,0.5780251053255209,0.59808074061627,0.8279803968335379,2.0,2.0,0.769813060760498,5.0
q6a5663c120,test,native_model,Where can I see the boost pressure indicator in my Q5 ?,none,1,True,False,1.0,1.0,0.0,0.0,1.0,1.0,1.0,1.0,1.0,5.0
q6a5663c120,test,native_full,Where can I see the boost pressure indicator in my Audi Q5 (2017-2020) ?,none,1,True,False,1.0,1.0,1.0,0.0,1.0,1.0,1.0,1.0,1.0,8.0
q14ebe09095,test,native_plain,How can I switch the driver display to show the radio or media tab using the steering wheel controls?,vehicle,157,True,True,0.0,0.0,0.0,0.8314016103646865,0.20648197863591164,0.20773670268433778,4.0,3.0,0.8142527341842651,11.0
q14ebe09095,test,native_brand,How can I switch the driver display to show the radio or media tab using the steering wheel controls on my Audi?,none,1,True,False,0.0,0.0,1.0,0.7482132898912992,0.40217332749397633,0.7801531703481978,4.0,4.0,0.794938862323761,12.0
q14ebe09095,test,native_model,How can I switch the driver display to show the radio or media tab using the steering wheel controls on my Q5?,none,1,True,False,1.0,1.0,0.0,0.0,1.0,1.0,1.0,1.0,1.0,12.0
q14ebe09095,test,native_full,How can I switch the driver display to show the radio or media tab using the steering wheel controls on my Audi Q5 (2017-2020)?,none,1,True,False,1.0,1.0,1.0,0.0,1.0,1.0,1.0,1.0,1.0,15.0
q8f0125671f,test,native_plain,Will my saved personal routes disappear when I turn off the ignition?,vehicle,157,True,True,0.0,0.0,0.0,0.8660366871342616,0.14850864995533544,0.0004949446585776544,5.0,4.0,0.7846000790596008,6.0
q8f0125671f,test,native_brand,Will my saved personal routes disappear when I turn off the ignition in my Audi?,none,1,True,False,0.0,0.0,1.0,0.7364769754662748,0.38860439728457763,0.7045709439401234,3.0,2.0,0.7611435055732727,7.0
q8f0125671f,test,native_model,Will my saved personal routes disappear when I turn off the ignition in my Q5?,none,1,True,False,1.0,1.0,0.0,0.0,1.0,1.0,1.0,1.0,1.0,7.0
q8f0125671f,test,native_full,Will my saved personal routes disappear when I turn off the ignition in my Audi Q5 (2017-2020)?,none,1,True,False,1.0,1.0,1.0,0.0,1.0,1.0,1.0,1.0,1.0,10.0
q204ab22d59,test,native_plain,How do you turn off the locking mechanism on the seat belt after removing a child seat?,vehicle,157,False,False,0.0,0.0,0.0,0.8895263610892202,0.16256996877710755,0.35771829204542505,7.0,3.0,0.9353964924812317,8.0
q204ab22d59,test,native_brand,How do you turn off the locking mechanism on the seat belt after removing a child seat on my Audi?,none,1,False,False,0.0,0.0,1.0,0.8700553798202894,0.19706028841518827,0.5359122211000822,7.0,3.0,0.8933548927307129,9.0
q204ab22d59,test,native_model,How do you turn off the locking mechanism on the seat belt after removing a child seat on my Q5?,none,1,False,False,1.0,1.0,0.0,0.0,1.0,1.0,1.0,1.0,1.0,9.0
q204ab22d59,test,native_full,How do you turn off the locking mechanism on the seat belt after removing a child seat on my Audi Q5 (2017-2020)?,none,1,False,False,1.0,1.0,1.0,0.0,1.0,1.0,1.0,1.0,1.0,12.0
qf01df522f8,dev,native_plain,What requirements must be met to use ConnectedDrive Services?,vehicle,157,True,True,0.0,0.0,0.0,0.9036875285940961,0.11408849321370633,0.3603965980472326,8.0,2.0,0.8646618127822876,5.0
qf01df522f8,dev,native_brand,What requirements must be met to use ConnectedDrive Services on my BMW?,model,7,True,True,0.0,0.0,1.0,0.9915284852769168,0.16871700941685336,0.054166926895816384,6.0,1.0,0.8522400856018066,6.0
qf01df522f8,dev,native_model,What requirements must be met to use ConnectedDrive Services on my Serie 3?,none,1,True,False,1.0,1.0,0.0,0.0,1.0,1.0,1.0,1.0,1.0,6.0
qf01df522f8,dev,native_full,What requirements must be met to use ConnectedDrive Services on my BMW Serie 3 (2024)?,none,1,True,False,1.0,1.0,1.0,0.0,1.0,1.0,1.0,1.0,1.0,8.0
q3a6f4ad76b,test,native_plain,What happens to the music already stored in the vehicle if I restore a music collection from a USB drive?,vehicle,157,True,True,0.0,0.0,0.0,0.8251546841173667,0.17359677323546063,0.341007314937417,4.0,3.0,0.8304527997970581,10.0
q3a6f4ad76b,test,native_brand,What happens to the music already stored in my BMW if I restore a music collection from a USB drive?,model,7,True,True,0.0,0.0,1.0,0.8833161954988831,0.16442620169507416,0.4510112683773423,5.0,2.0,0.8401274681091309,10.0
q3a6f4ad76b,test,native_model,What happens to the music already stored in my Serie 3 if I restore a music collection from a USB drive?,none,1,True,False,1.0,1.0,0.0,0.0,1.0,1.0,1.0,1.0,1.0,10.0
q3a6f4ad76b,test,native_full,What happens to the music already stored in my BMW Serie 3 (2024) if I restore a music collection from a USB drive?,none,1,True,False,1.0,1.0,1.0,0.0,1.0,1.0,1.0,1.0,1.0,12.0
q82f6e30f6f,test,native_plain,Where can I turn off the auto-login feature?,vehicle,157,True,True,0.0,0.0,0.0,0.8614114054584658,0.11428546693808017,0.036818822764008136,9.0,6.0,0.7861029505729675,4.0
q82f6e30f6f,test,native_brand,Where can I turn off the auto-login feature for my BMW?,model,7,True,True,0.0,0.0,1.0,0.8920111469888988,0.1385577674193532,0.013063731038077415,5.0,1.0,0.9043744802474976,5.0
q82f6e30f6f,test,native_model,Where can I turn off the auto-login feature for my Serie 3?,none,1,True,False,1.0,1.0,0.0,0.0,1.0,1.0,1.0,1.0,1.0,5.0
q82f6e30f6f,test,native_full,Where can I turn off the auto-login feature for my BMW Serie 3 (2024)?,none,1,True,False,1.0,1.0,1.0,0.0,1.0,1.0,1.0,1.0,1.0,7.0
qe85742982e,dev,native_plain,What is the maximum number of wireless headphones that can be connected at the same time?,vehicle,157,True,True,0.0,0.0,0.0,0.9429689887734802,0.07544759906337321,0.07398604588807274,10.0,5.0,0.8633845448493958,6.0
qe85742982e,dev,native_brand,What is the maximum number of wireless headphones that can be connected at the same time in my BMW?,model,7,True,True,0.0,0.0,1.0,0.9080836437462187,0.09920921731108268,0.08467965794478566,10.0,5.0,0.803148090839386,7.0
qe85742982e,dev,native_model,What is the maximum number of wireless headphones that can be connected at the same time in my Serie 3?,none,1,True,False,1.0,1.0,0.0,0.0,1.0,1.0,1.0,1.0,1.0,7.0
qe85742982e,dev,native_full,What is the maximum number of wireless headphones that can be connected at the same time in my BMW Serie 3 (2024)?,none,1,True,False,1.0,1.0,1.0,0.0,1.0,1.0,1.0,1.0,1.0,9.0
q6bd3f7d2d1,test,native_plain,How many favorite songs or artists can I save on the radio?,vehicle,157,True,True,0.0,0.0,0.0,0.9220876447974811,0.10460865755859568,0.1059576004171168,8.0,6.0,0.855559229850769,6.0
q6bd3f7d2d1,test,native_brand,How many favorite songs or artists can I save on the radio of my BMW?,model,7,True,True,0.0,0.0,1.0,0.9092447882708404,0.09327598656105435,0.11805009163581204,10.0,4.0,0.8360670804977417,7.0
q6bd3f7d2d1,test,native_model,How many favorite songs or artists can I save on the radio of my Serie 3?,none,1,True,False,1.0,1.0,0.0,0.0,1.0,1.0,1.0,1.0,1.0,7.0
q6bd3f7d2d1,test,native_full,How many favorite songs or artists can I save on the radio of my BMW Serie 3 (2024)?,none,1,True,False,1.0,1.0,1.0,0.0,1.0,1.0,1.0,1.0,1.0,9.0
q8af35ab45b,test,native_plain,How thick can my phone case be to still work with the wireless charger?,vehicle,157,True,True,0.0,0.0,0.0,0.9226594878232114,0.10283467691528257,0.30506318529051113,7.0,6.0,0.858672022819519,7.0
q8af35ab45b,test,native_brand,How thick can my phone case be to still work with the wireless charger in my BMW?,model,7,True,True,0.0,0.0,1.0,0.941813774268518,0.07584508006144494,0.18018446122094986,8.0,4.0,0.7993360757827759,8.0
q8af35ab45b,test,native_model,How thick can my phone case be to still work with the wireless charger in my Serie 3?,none,1,True,False,1.0,1.0,0.0,0.0,1.0,1.0,1.0,1.0,1.0,8.0
q8af35ab45b,test,native_full,How thick can my phone case be to still work with the wireless charger in my BMW Serie 3 (2024)?,none,1,True,False,1.0,1.0,1.0,0.0,1.0,1.0,1.0,1.0,1.0,10.0
qf961989798,dev,native_plain,Que doit-on débrancher avant de pouvoir passer un rapport et quitter la position P ?,vehicle,157,True,True,0.0,0.0,0.0,0.9096006264625045,0.10738672152133502,0.31857687129366347,7.0,5.0,0.8991597890853882,6.0
qf961989798,dev,native_brand,Que doit-on débrancher sur ma BMW avant de pouvoir passer un rapport et quitter la position P ?,model,7,True,True,0.0,0.0,1.0,0.9379106751095162,0.05534575277884269,0.03783562335302079,7.0,5.0,0.9069501757621765,7.0
qf961989798,dev,native_model,Que doit-on débrancher sur ma i4 avant de pouvoir passer un rapport et quitter la position P ?,none,1,True,False,1.0,1.0,0.0,0.0,1.0,1.0,1.0,1.0,1.0,7.0
qf961989798,dev,native_full,Que doit-on débrancher sur ma BMW i4 (2022) avant de pouvoir passer un rapport et quitter la position P ?,none,1,True,False,1.0,1.0,1.0,0.0,1.0,1.0,1.0,1.0,1.0,9.0
q9d7dd348b1,test,native_plain,Dans quelle position doit-on transporter et stocker les batteries de la voiture ?,vehicle,157,False,False,0.0,0.0,0.0,0.9541630612812113,0.05484424216202916,0.027394783856553435,9.0,8.0,0.85865718126297,5.0
q9d7dd348b1,test,native_brand,Dans quelle position doit-on transporter et stocker les batteries sur ma BMW ?,model,7,False,False,0.0,0.0,1.0,0.9448049792904798,0.06579446525793517,0.19433324099053903,9.0,5.0,0.8582714796066284,5.0
q9d7dd348b1,test,native_model,Dans quelle position doit-on transporter et stocker les batteries sur ma i4 ?,none,1,False,False,1.0,1.0,0.0,0.0,1.0,1.0,1.0,1.0,1.0,5.0
q9d7dd348b1,test,native_full,Dans quelle position doit-on transporter et stocker les batteries sur ma BMW i4 (2022) ?,none,1,False,False,1.0,1.0,1.0,0.0,1.0,1.0,1.0,1.0,1.0,7.0
qbe1fe6110b,dev,native_plain,Que faut-il avoir à l'intérieur de la voiture pour supprimer une clé numérique depuis l'iDrive ?,vehicle,157,True,True,0.0,0.0,0.0,0.88376076132466,0.12554864801879917,0.39705796992286885,7.0,2.0,0.9694075584411621,8.0
qbe1fe6110b,dev,native_brand,Que faut-il avoir à l'intérieur de la voiture pour supprimer une clé numérique depuis l'iDrive sur ma BMW ?,model,7,True,True,0.0,0.0,1.0,0.8213827898882515,0.18523219434582117,0.07132932736444807,6.0,1.0,0.8973326683044434,9.0
qbe1fe6110b,dev,native_model,Que faut-il avoir à l'intérieur de la voiture pour supprimer une clé numérique depuis l'iDrive sur ma i4 ?,none,1,True,False,1.0,1.0,0.0,0.0,1.0,1.0,1.0,1.0,1.0,9.0
qbe1fe6110b,dev,native_full,Que faut-il avoir à l'intérieur de la voiture pour supprimer une clé numérique depuis l'iDrive sur ma BMW i4 (2022) ?,none,1,True,False,1.0,1.0,1.0,0.0,1.0,1.0,1.0,1.0,1.0,11.0
qe0ae889976,dev,native_plain,Combien de temps faut-il maintenir le bouton de la clé enfoncé pour ouvrir le coffre ?,vehicle,157,True,True,0.0,0.0,0.0,0.9021767301313737,0.1558137590787736,0.5229360176537291,5.0,4.0,0.8276728391647339,8.0
qe0ae889976,dev,native_brand,Combien de temps faut-il maintenir le bouton de la clé enfoncé pour ouvrir le coffre de ma BMW ?,model,7,True,True,0.0,0.0,1.0,0.9323907947735507,0.10547882128368782,0.3919705220671403,10.0,7.0,0.8272401690483093,9.0
qe0ae889976,dev,native_model,Combien de temps faut-il maintenir le bouton de la clé enfoncé pour ouvrir le coffre de ma i4 ?,none,1,True,False,1.0,1.0,0.0,0.0,1.0,1.0,1.0,1.0,1.0,9.0
qe0ae889976,dev,native_full,Combien de temps faut-il maintenir le bouton de la clé enfoncé pour ouvrir le coffre de ma BMW i4 (2022) ?,none,1,True,False,1.0,1.0,1.0,0.0,1.0,1.0,1.0,1.0,1.0,11.0
q762f097afa,test,native_plain,Combien de fois peut-on actualiser la vue 3D à distance sur une période de deux heures ?,vehicle,157,True,True,0.0,0.0,0.0,0.9655058272429016,0.046286911614775286,0.14154016457100474,10.0,6.0,0.8196978569030762,9.0
q762f097afa,test,native_brand,Combien de fois peut-on actualiser la vue 3D à distance sur une période de deux heures avec ma BMW ?,model,7,True,True,0.0,0.0,1.0,0.8499350636441994,0.1299984621657184,0.04369565081709029,8.0,3.0,0.9690995216369629,10.0
q762f097afa,test,native_model,Combien de fois peut-on actualiser la vue 3D à distance sur une période de deux heures avec ma i4 ?,none,1,True,False,1.0,1.0,0.0,0.0,1.0,1.0,1.0,1.0,1.0,10.0
q762f097afa,test,native_full,Combien de fois peut-on actualiser la vue 3D à distance sur une période de deux heures avec ma BMW i4 (2022) ?,none,1,True,False,1.0,1.0,1.0,0.0,1.0,1.0,1.0,1.0,1.0,12.0
q38eec533fa,test,native_plain,Quel est le poids maximum que l'on peut charger sur le toit ?,vehicle,157,True,True,0.0,0.0,0.0,0.9515882064454941,0.05212517306174474,0.08618947827529133,10.0,5.0,0.9159847497940063,4.0
q38eec533fa,test,native_brand,Quel est le poids maximum que l'on peut charger sur le toit de ma BMW ?,model,7,True,True,0.0,0.0,1.0,0.8953113611041599,0.135665241966652,0.31711868332431453,6.0,3.0,0.8265364766120911,5.0
q38eec533fa,test,native_model,Quel est le poids maximum que l'on peut charger sur le toit de ma i4 ?,none,1,True,False,1.0,1.0,0.0,0.0,1.0,1.0,1.0,1.0,1.0,5.0
q38eec533fa,test,native_full,Quel est le poids maximum que l'on peut charger sur le toit de ma BMW i4 (2022) ?,none,1,True,False,1.0,1.0,1.0,0.0,1.0,1.0,1.0,1.0,1.0,7.0
q14bf4e55ce,test,native_plain,Où sont situés les capteurs servant à détecter les piétons ?,vehicle,157,True,True,0.0,0.0,0.0,0.9267506413387472,0.09290272391994889,0.019592232504185632,5.0,2.0,0.8732269406318665,5.0
q14bf4e55ce,test,native_brand,Où sont situés les capteurs servant à détecter les piétons sur mon BMW ?,model,7,True,True,0.0,0.0,1.0,0.9168507121067605,0.10349359188687796,0.12991740641578672,8.0,4.0,0.8697497248649597,6.0
q14bf4e55ce,test,native_model,Où sont situés les capteurs servant à détecter les piétons sur mon iX ?,none,1,True,False,1.0,1.0,0.0,0.0,1.0,1.0,1.0,1.0,1.0,6.0
q14bf4e55ce,test,native_full,Où sont situés les capteurs servant à détecter les piétons sur mon BMW iX (2022) ?,none,1,True,False,1.0,1.0,1.0,0.0,1.0,1.0,1.0,1.0,1.0,8.0
qbe22302a88,dev,native_plain,Jusqu'à quelle vitesse maximale s'applique la deuxième tolérance d'adaptation de l'allure ?,vehicle,157,True,True,0.0,0.0,0.0,0.9019699417533233,0.08915487322086257,0.05621060505466019,9.0,2.0,0.9571681022644043,7.0
qbe22302a88,dev,native_brand,Jusqu'à quelle vitesse maximale s'applique la deuxième tolérance d'adaptation de l'allure sur mon BMW ?,model,7,True,True,0.0,0.0,1.0,0.9138247277760123,0.09298544188305406,0.2138560232133403,10.0,3.0,0.9571679830551147,8.0
qbe22302a88,dev,native_model,Jusqu'à quelle vitesse maximale s'applique la deuxième tolérance d'adaptation de l'allure sur mon iX ?,none,1,True,False,1.0,1.0,0.0,0.0,1.0,1.0,1.0,1.0,1.0,8.0
qbe22302a88,dev,native_full,Jusqu'à quelle vitesse maximale s'applique la deuxième tolérance d'adaptation de l'allure sur mon BMW iX (2022) ?,none,1,True,False,1.0,1.0,1.0,0.0,1.0,1.0,1.0,1.0,1.0,10.0
qf6c4dee442,dev,native_plain,Où se trouve la trousse de secours ?,vehicle,157,True,True,0.0,0.0,0.0,0.932425776555723,0.08670369512825461,0.10380939079830181,7.0,5.0,0.8567411303520203,3.0
qf6c4dee442,dev,native_brand,Où se trouve la trousse de secours dans ma BMW ?,model,7,True,True,0.0,0.0,1.0,0.9344301788311793,0.06967512787219884,0.07485318647621685,6.0,3.0,0.8841804265975952,4.0
qf6c4dee442,dev,native_model,Où se trouve la trousse de secours dans ma iX ?,none,1,True,False,1.0,1.0,0.0,0.0,1.0,1.0,1.0,1.0,1.0,4.0
qf6c4dee442,dev,native_full,Où se trouve la trousse de secours dans ma BMW iX (2022) ?,none,1,True,False,1.0,1.0,1.0,0.0,1.0,1.0,1.0,1.0,1.0,6.0
q876643ace7,test,native_plain,Comment la voiture nous avertit-elle si l'on dépasse une ligne sur la route ?,vehicle,157,False,False,0.0,0.0,0.0,0.9543446092501952,0.05129428206075666,0.0032061956668522035,10.0,4.0,0.9174001812934875,5.0
q876643ace7,test,native_brand,Comment la voiture nous avertit-elle si l'on dépasse une ligne sur la route avec ma BMW ?,model,7,False,False,0.0,0.0,1.0,0.9506198736593848,0.05113346759821335,0.10142381709888354,10.0,6.0,0.8321905136108398,6.0
q876643ace7,test,native_model,Comment la voiture nous avertit-elle si l'on dépasse une ligne sur la route avec ma iX ?,none,1,False,False,1.0,1.0,0.0,0.0,1.0,1.0,1.0,1.0,1.0,6.0
q876643ace7,test,native_full,Comment la voiture nous avertit-elle si l'on dépasse une ligne sur la route avec ma BMW iX (2022) ?,none,1,False,False,1.0,1.0,1.0,0.0,1.0,1.0,1.0,1.0,1.0,8.0
q63dceff4a6,test,native_plain,Que faut-il désactiver avant de commencer le remorquage ?,vehicle,157,True,True,0.0,0.0,0.0,0.9029936712158902,0.08777687898105939,0.14238800386366132,7.0,4.0,0.8740109205245972,3.0
q63dceff4a6,test,native_brand,Que faut-il désactiver avant de commencer le remorquage de ma BMW ?,model,7,True,True,0.0,0.0,1.0,0.9305555101952178,0.07028952452645941,0.04334628947017416,8.0,6.0,0.8583966493606567,4.0
q63dceff4a6,test,native_model,Que faut-il désactiver avant de commencer le remorquage de ma iX ?,none,1,True,False,1.0,1.0,0.0,0.0,1.0,1.0,1.0,1.0,1.0,4.0
q63dceff4a6,test,native_full,Que faut-il désactiver avant de commencer le remorquage de ma BMW iX (2022) ?,none,1,True,False,1.0,1.0,1.0,0.0,1.0,1.0,1.0,1.0,1.0,6.0
qa3663d6027,test,native_plain,Comment vérifier la pression des pneus avec la commande vocale ?,vehicle,157,True,True,0.0,0.0,0.0,0.9404387096646148,0.06339658541433726,0.2542662268759513,9.0,6.0,0.8991873860359192,5.0
qa3663d6027,test,native_brand,Comment vérifier la pression des pneus avec la commande vocale sur mon BMW ?,model,7,True,True,0.0,0.0,1.0,0.9445943547300916,0.058707750654747974,0.006023433654520469,8.0,5.0,0.8281654119491577,6.0
qa3663d6027,test,native_model,Comment vérifier la pression des pneus avec la commande vocale sur mon iX ?,none,1,True,False,1.0,1.0,0.0,0.0,1.0,1.0,1.0,1.0,1.0,6.0
qa3663d6027,test,native_full,Comment vérifier la pression des pneus avec la commande vocale sur mon BMW iX (2022) ?,none,1,True,False,1.0,1.0,1.0,0.0,1.0,1.0,1.0,1.0,1.0,8.0
qf7581df77c,dev,native_plain,Où se trouve le compartiment de rangement dans le coffre ?,vehicle,157,True,True,0.0,0.0,0.0,0.9208212122602997,0.09800883502349544,0.06808071682000594,8.0,5.0,0.8947559595108032,4.0
qf7581df77c,dev,native_brand,Où se trouve le compartiment de rangement dans le coffre de ma BMW ?,model,7,True,True,0.0,0.0,1.0,0.9100837291810246,0.10260167160462225,0.07015173658127163,8.0,5.0,0.887607216835022,5.0
qf7581df77c,dev,native_model,Où se trouve le compartiment de rangement dans le coffre de ma Serie 5 ?,none,1,True,False,1.0,1.0,0.0,0.0,1.0,1.0,1.0,1.0,1.0,5.0
qf7581df77c,dev,native_full,Où se trouve le compartiment de rangement dans le coffre de ma BMW Serie 5 (2024) ?,none,1,True,False,1.0,1.0,1.0,0.0,1.0,1.0,1.0,1.0,1.0,7.0
qb0c40ccc36,test,native_plain,Quels modes permettent de modifier l'ambiance dans l'habitacle ?,vehicle,157,True,True,0.0,0.0,0.0,0.9404901461032741,0.07123510233902651,0.273514538470097,8.0,7.0,0.8207167387008667,5.0
qb0c40ccc36,test,native_brand,Quels modes permettent de modifier l'ambiance dans l'habitacle de ma BMW ?,model,7,True,True,0.0,0.0,1.0,0.8942992974789228,0.10766194902662957,0.16424754930344274,8.0,2.0,0.864124596118927,6.0
qb0c40ccc36,test,native_model,Quels modes permettent de modifier l'ambiance dans l'habitacle de ma Serie 5 ?,none,1,True,False,1.0,1.0,0.0,0.0,1.0,1.0,1.0,1.0,1.0,6.0
qb0c40ccc36,test,native_full,Quels modes permettent de modifier l'ambiance dans l'habitacle de ma BMW Serie 5 (2024) ?,none,1,True,False,1.0,1.0,1.0,0.0,1.0,1.0,1.0,1.0,1.0,8.0
q4d06ee36e2,test,native_plain,Comment peut-on interrompre le freinage automatique du PostCrash-iBrake ?,vehicle,157,True,True,0.0,0.0,0.0,0.9203100729383791,0.08740511842875674,0.11680001645661213,6.0,1.0,0.947417140007019,5.0
q4d06ee36e2,test,native_brand,Comment peut-on interrompre le freinage automatique du PostCrash-iBrake sur ma BMW ?,model,7,True,True,0.0,0.0,1.0,0.9093489787168866,0.10217032484173857,0.33324302569616415,6.0,1.0,0.945510745048523,6.0
q4d06ee36e2,test,native_model,Comment peut-on interrompre le freinage automatique du PostCrash-iBrake sur ma Serie 5 ?,none,1,True,False,1.0,1.0,0.0,0.0,1.0,1.0,1.0,1.0,1.0,6.0
q4d06ee36e2,test,native_full,Comment peut-on interrompre le freinage automatique du PostCrash-iBrake sur ma BMW Serie 5 (2024) ?,none,1,True,False,1.0,1.0,1.0,0.0,1.0,1.0,1.0,1.0,1.0,8.0
q334ebaa4bc,test,native_plain,Quels équipements composent la suspension adaptative Professional ?,vehicle,157,True,True,0.0,0.0,0.0,0.9126424579230584,0.08641968186328434,0.023545099114663827,7.0,3.0,0.8789370656013489,5.0
q334ebaa4bc,test,native_brand,Quels équipements composent la suspension adaptative Professional sur ma BMW ?,model,7,True,True,0.0,0.0,1.0,0.7969257581515522,0.18469504576829524,0.22384051696792345,4.0,1.0,0.9263432621955872,6.0
q334ebaa4bc,test,native_model,Quels équipements composent la suspension adaptative Professional sur ma Serie 5 ?,none,1,True,False,1.0,1.0,0.0,0.0,1.0,1.0,1.0,1.0,1.0,6.0
q334ebaa4bc,test,native_full,Quels équipements composent la suspension adaptative Professional sur ma BMW Serie 5 (2024) ?,none,1,True,False,1.0,1.0,1.0,0.0,1.0,1.0,1.0,1.0,1.0,8.0
q66f2e6c787,test,native_plain,De quel côté du volant se trouvent les touches pour régler le régulateur de vitesse ?,vehicle,157,True,True,0.0,0.0,0.0,0.8961562813489397,0.12959070749830962,0.2167081520944785,7.0,4.0,0.8911498188972473,7.0
q66f2e6c787,test,native_brand,De quel côté du volant se trouvent les touches pour régler le régulateur de vitesse sur ma BMW ?,model,7,True,True,0.0,0.0,1.0,0.8363784804104861,0.13179132733256385,0.06209689339452726,6.0,4.0,0.852450966835022,8.0
q66f2e6c787,test,native_model,De quel côté du volant se trouvent les touches pour régler le régulateur de vitesse sur ma Serie 5 ?,none,1,True,False,1.0,1.0,0.0,0.0,1.0,1.0,1.0,1.0,1.0,8.0
q66f2e6c787,test,native_full,De quel côté du volant se trouvent les touches pour régler le régulateur de vitesse sur ma BMW Serie 5 (2024) ?,none,1,True,False,1.0,1.0,1.0,0.0,1.0,1.0,1.0,1.0,1.0,10.0
qefed5c71cf,dev,native_plain,Pourquoi la clé de contact peut-elle ne pas être détectée par la voiture ?,vehicle,157,False,False,0.0,0.0,0.0,0.9337511447441746,0.06870184250239911,0.18004788305917033,9.0,5.0,0.8874185681343079,5.0
qefed5c71cf,dev,native_brand,Pourquoi la clé de contact peut-elle ne pas être détectée par ma BMW ?,model,7,False,False,0.0,0.0,1.0,0.8371878651317279,0.1715982391670652,0.05132410072559453,5.0,1.0,0.9233329892158508,5.0
qefed5c71cf,dev,native_model,Pourquoi la clé de contact peut-elle ne pas être détectée par ma Serie 5 ?,none,1,False,False,1.0,1.0,0.0,0.0,1.0,1.0,1.0,1.0,1.0,5.0
qefed5c71cf,dev,native_full,Pourquoi la clé de contact peut-elle ne pas être détectée par ma BMW Serie 5 (2024) ?,none,1,False,False,1.0,1.0,1.0,0.0,1.0,1.0,1.0,1.0,1.0,7.0
q0e715899ae,test,native_plain,Que faire pour empêcher la voiture de rouler si le frein à main tombe en panne et que je dois la garer ?,vehicle,157,False,False,0.0,0.0,0.0,0.9631801289093189,0.048352528179449905,0.2670484443509513,9.0,5.0,0.9274530410766602,8.0
q0e715899ae,test,native_brand,Que faire pour empêcher la voiture de rouler si le frein à main de ma BMW tombe en panne et que je dois la garer ?,model,7,False,False,0.0,0.0,1.0,0.9726909515551385,0.04199112016733269,0.10615745485584897,10.0,6.0,0.8632971048355103,9.0
q0e715899ae,test,native_model,Que faire pour empêcher la voiture de rouler si le frein à main de ma X1 tombe en panne et que je dois la garer ?,none,1,False,False,1.0,1.0,0.0,0.0,1.0,1.0,1.0,1.0,1.0,9.0
q0e715899ae,test,native_full,Que faire pour empêcher la voiture de rouler si le frein à main de ma BMW X1 (2023) tombe en panne et que je dois la garer ?,none,1,False,False,1.0,1.0,1.0,0.0,1.0,1.0,1.0,1.0,1.0,11.0
qe9ecc2ad15,dev,native_plain,Que faut-il activer au préalable pour pouvoir allumer les feux de route ?,vehicle,157,False,False,0.0,0.0,0.0,0.9496399688026101,0.06406974748149978,0.18800565822494797,9.0,6.0,0.9214826822280884,6.0
qe9ecc2ad15,dev,native_brand,Que faut-il activer au préalable pour pouvoir allumer les feux de route sur mon BMW ?,model,7,False,False,0.0,0.0,1.0,0.9400710561073732,0.053669600917926504,0.0011842342124259435,7.0,5.0,0.9254646301269531,7.0
qe9ecc2ad15,dev,native_model,Que faut-il activer au préalable pour pouvoir allumer les feux de route sur mon X1 ?,none,1,False,False,1.0,1.0,0.0,0.0,1.0,1.0,1.0,1.0,1.0,7.0
qe9ecc2ad15,dev,native_full,Que faut-il activer au préalable pour pouvoir allumer les feux de route sur mon BMW X1 (2023) ?,none,1,False,False,1.0,1.0,1.0,0.0,1.0,1.0,1.0,1.0,1.0,9.0
q9f981f3c92,test,native_plain,Quelle est la distance minimale par rapport au trottoir pour que l'aide à la sortie de stationnement fonctionne après un parking manuel ?,vehicle,157,True,True,0.0,0.0,0.0,0.9465429565283492,0.0718977235084672,0.058659847906567766,8.0,3.0,0.9115163087844849,10.0
q9f981f3c92,test,native_brand,Quelle est la distance minimale par rapport au trottoir pour que l'aide à la sortie de stationnement fonctionne après un parking manuel sur ma BMW ?,model,7,True,True,0.0,0.0,1.0,0.8956667311612381,0.1113717147608187,0.0008481940288784257,6.0,1.0,0.9556530714035034,11.0
q9f981f3c92,test,native_model,Quelle est la distance minimale par rapport au trottoir pour que l'aide à la sortie de stationnement fonctionne après un parking manuel sur ma X1 ?,none,1,True,False,1.0,1.0,0.0,0.0,1.0,1.0,1.0,1.0,1.0,11.0
q9f981f3c92,test,native_full,Quelle est la distance minimale par rapport au trottoir pour que l'aide à la sortie de stationnement fonctionne après un parking manuel sur ma BMW X1 (2023) ?,none,1,True,False,1.0,1.0,1.0,0.0,1.0,1.0,1.0,1.0,1.0,13.0
qe31e6f5bb5,dev,native_plain,Que faire si le témoin d'alerte de collision se met à clignoter en rouge ?,vehicle,157,False,False,0.0,0.0,0.0,0.9484480736272172,0.0677130444731307,0.13602644610286638,9.0,8.0,0.8272573351860046,6.0
qe31e6f5bb5,dev,native_brand,Que faire si le témoin d'alerte de collision se met à clignoter en rouge sur mon BMW ?,model,7,False,False,0.0,0.0,1.0,0.9556905686485403,0.05041157299525804,0.002197792201285391,10.0,9.0,0.8429946899414062,7.0
qe31e6f5bb5,dev,native_model,Que faire si le témoin d'alerte de collision se met à clignoter en rouge sur mon X1 ?,none,1,False,False,1.0,1.0,0.0,0.0,1.0,1.0,1.0,1.0,1.0,7.0
qe31e6f5bb5,dev,native_full,Que faire si le témoin d'alerte de collision se met à clignoter en rouge sur mon BMW X1 (2023) ?,none,1,False,False,1.0,1.0,1.0,0.0,1.0,1.0,1.0,1.0,1.0,9.0
q2a8518f233,test,native_plain,À partir de quelle taille un enfant peut-il utiliser la ceinture de sécurité sans rehausseur ?,vehicle,157,False,False,0.0,0.0,0.0,0.9603252811649092,0.04819949464110084,0.002648540667301345,10.0,4.0,0.9282552003860474,7.0
q2a8518f233,test,native_brand,À partir de quelle taille un enfant peut-il utiliser la ceinture de sécurité sans rehausseur dans une BMW ?,model,7,False,False,0.0,0.0,1.0,0.960401639480013,0.05082350162940133,0.16060068264368163,10.0,6.0,0.9009494781494141,8.0
q2a8518f233,test,native_model,À partir de quelle taille un enfant peut-il utiliser la ceinture de sécurité sans rehausseur dans une X1 ?,none,1,False,False,1.0,1.0,0.0,0.0,1.0,1.0,1.0,1.0,1.0,8.0
q2a8518f233,test,native_full,À partir de quelle taille un enfant peut-il utiliser la ceinture de sécurité sans rehausseur dans une BMW X1 (2023) ?,none,1,False,False,1.0,1.0,1.0,0.0,1.0,1.0,1.0,1.0,1.0,10.0
qaa7353195c,test,native_plain,Comment est-on prévenu qu'il faut changer de file pour suivre l'itinéraire de navigation ?,vehicle,157,True,True,0.0,0.0,0.0,0.9348556494827504,0.07196882912717448,0.040388230727576954,9.0,5.0,0.8253213167190552,6.0
qaa7353195c,test,native_brand,Comment est-on prévenu qu'il faut changer de file pour suivre l'itinéraire de navigation sur ma BMW ?,model,7,True,True,0.0,0.0,1.0,0.9255715464994551,0.08292436772507364,0.03122376649534997,8.0,5.0,0.8074102401733398,7.0
qaa7353195c,test,native_model,Comment est-on prévenu qu'il faut changer de file pour suivre l'itinéraire de navigation sur ma X1 ?,none,1,True,False,1.0,1.0,0.0,0.0,1.0,1.0,1.0,1.0,1.0,7.0
qaa7353195c,test,native_full,Comment est-on prévenu qu'il faut changer de file pour suivre l'itinéraire de navigation sur ma BMW X1 (2023) ?,none,1,True,False,1.0,1.0,1.0,0.0,1.0,1.0,1.0,1.0,1.0,9.0
qa717c7aa72,test,native_plain,Quelles informations concernant la voiture sont envoyées sur internet lors de l'utilisation des services connectés ?,vehicle,157,True,True,0.0,0.0,0.0,0.8787137125237287,0.1401143375211779,0.06617530621223537,10.0,7.0,0.8992034792900085,8.0
qa717c7aa72,test,native_brand,Quelles informations concernant la voiture sont envoyées sur internet lors de l'utilisation des services connectés sur ma BMW ?,model,7,True,True,0.0,0.0,1.0,0.8782138094687245,0.13189533347214327,0.18736124694834472,6.0,1.0,0.9760510325431824,9.0
qa717c7aa72,test,native_model,Quelles informations concernant la voiture sont envoyées sur internet lors de l'utilisation des services connectés sur ma X3 ?,none,1,True,False,1.0,1.0,0.0,0.0,1.0,1.0,1.0,1.0,1.0,9.0
qa717c7aa72,test,native_full,Quelles informations concernant la voiture sont envoyées sur internet lors de l'utilisation des services connectés sur ma BMW X3 (2018) ?,none,1,True,False,1.0,1.0,1.0,0.0,1.0,1.0,1.0,1.0,1.0,11.0
q67f096262d,test,native_plain,Quels facteurs déterminent l'adaptation automatique de la répartition de la lumière des phares ?,vehicle,157,True,True,0.0,0.0,0.0,0.9464962111611807,0.05780725263410335,0.0776054186280188,9.0,7.0,0.8799970746040344,7.0
q67f096262d,test,native_brand,Quels facteurs déterminent l'adaptation automatique de la répartition de la lumière des phares sur mon BMW ?,model,7,True,True,0.0,0.0,1.0,0.9371202789750516,0.07434505432679848,0.33153438156455234,8.0,5.0,0.8808743357658386,8.0
q67f096262d,test,native_model,Quels facteurs déterminent l'adaptation automatique de la répartition de la lumière des phares sur mon X3 ?,none,1,True,False,1.0,1.0,0.0,0.0,1.0,1.0,1.0,1.0,1.0,8.0
q67f096262d,test,native_full,Quels facteurs déterminent l'adaptation automatique de la répartition de la lumière des phares sur mon BMW X3 (2018) ?,none,1,True,False,1.0,1.0,1.0,0.0,1.0,1.0,1.0,1.0,1.0,10.0
qe04f333f5d,dev,native_plain,Comment activer l'avertisseur de circulation transversale et le freinage d'urgence associé ?,vehicle,157,True,True,0.0,0.0,0.0,0.8905905485088835,0.13007831106798595,0.3449345068375113,7.0,2.0,0.9744089841842651,7.0
qe04f333f5d,dev,native_brand,Comment activer l'avertisseur de circulation transversale et le freinage d'urgence associé sur mon BMW ?,model,7,True,True,0.0,0.0,1.0,0.8717251750844554,0.11585410542418516,0.045813586799664484,6.0,1.0,0.9138871431350708,8.0
qe04f333f5d,dev,native_model,Comment activer l'avertisseur de circulation transversale et le freinage d'urgence associé sur mon X3 ?,none,1,True,False,1.0,1.0,0.0,0.0,1.0,1.0,1.0,1.0,1.0,8.0
qe04f333f5d,dev,native_full,Comment activer l'avertisseur de circulation transversale et le freinage d'urgence associé sur mon BMW X3 (2018) ?,none,1,True,False,1.0,1.0,1.0,0.0,1.0,1.0,1.0,1.0,1.0,10.0
q8f2ced43fb,test,native_plain,Comment effacer toutes mes données personnelles enregistrées dans la voiture ?,vehicle,157,True,True,0.0,0.0,0.0,0.9471159909782096,0.05568230559800771,0.06929985058657072,7.0,2.0,0.9826394319534302,5.0
q8f2ced43fb,test,native_brand,Comment effacer toutes mes données personnelles enregistrées dans ma BMW ?,model,7,True,True,0.0,0.0,1.0,0.7660521822096251,0.15848354783142948,0.11379420441749062,6.0,1.0,0.9835850596427917,5.0
q8f2ced43fb,test,native_model,Comment effacer toutes mes données personnelles enregistrées dans ma X3 ?,none,1,True,False,1.0,1.0,0.0,0.0,1.0,1.0,1.0,1.0,1.0,5.0
q8f2ced43fb,test,native_full,Comment effacer toutes mes données personnelles enregistrées dans ma BMW X3 (2018) ?,none,1,True,False,1.0,1.0,1.0,0.0,1.0,1.0,1.0,1.0,1.0,7.0
q5987779514,test,native_plain,Qu'est-ce qui peut déclencher automatiquement la prise d'une photo par les caméras ?,vehicle,157,True,True,0.0,0.0,0.0,0.919849583843691,0.08578356381096677,0.28121414137170747,5.0,1.0,0.9284116625785828,5.0
q5987779514,test,native_brand,Qu'est-ce qui peut déclencher automatiquement la prise d'une photo par les caméras sur mon BMW ?,model,7,True,True,0.0,0.0,1.0,0.7413833221874343,0.21555596869638197,0.011583937811175287,5.0,1.0,0.977820098400116,6.0
q5987779514,test,native_model,Qu'est-ce qui peut déclencher automatiquement la prise d'une photo par les caméras sur mon X3 ?,none,1,True,False,1.0,1.0,0.0,0.0,1.0,1.0,1.0,1.0,1.0,6.0
q5987779514,test,native_full,Qu'est-ce qui peut déclencher automatiquement la prise d'une photo par les caméras sur mon BMW X3 (2018) ?,none,1,True,False,1.0,1.0,1.0,0.0,1.0,1.0,1.0,1.0,1.0,8.0
qdb48516279,dev,native_plain,Pourquoi les obstacles en hauteur peuvent-ils sembler plus éloignés qu'ils ne le sont réellement sur l'écran d'aide au stationnement ?,vehicle,157,False,False,0.0,0.0,0.0,0.9126106027127548,0.14188302354687748,0.5714773995649537,8.0,4.0,0.8991003036499023,10.0
qdb48516279,dev,native_brand,Pourquoi les obstacles en hauteur peuvent-ils sembler plus éloignés qu'ils ne le sont réellement sur l'écran d'aide au stationnement de ma BMW ?,model,7,False,False,0.0,0.0,1.0,0.8983528593499288,0.16749841546332753,0.6782404352962673,7.0,3.0,0.9000294804573059,11.0
qdb48516279,dev,native_model,Pourquoi les obstacles en hauteur peuvent-ils sembler plus éloignés qu'ils ne le sont réellement sur l'écran d'aide au stationnement de ma X3 ?,none,1,False,False,1.0,1.0,0.0,0.0,1.0,1.0,1.0,1.0,1.0,11.0
qdb48516279,dev,native_full,Pourquoi les obstacles en hauteur peuvent-ils sembler plus éloignés qu'ils ne le sont réellement sur l'écran d'aide au stationnement de ma BMW X3 (2018) ?,none,1,False,False,1.0,1.0,1.0,0.0,1.0,1.0,1.0,1.0,1.0,13.0
qc9edcd8a41,dev,native_plain,Quand est-ce que le témoin de réserve d'AdBlue s'éteint après avoir fait le plein ?,vehicle,157,True,True,0.0,0.0,0.0,0.9599237233298863,0.06054319311999173,0.02629314652144862,7.0,3.0,0.9266093373298645,6.0
qc9edcd8a41,dev,native_brand,Quand est-ce que le témoin de réserve d'AdBlue s'éteint après avoir fait le plein sur ma BMW ?,model,7,True,True,0.0,0.0,1.0,0.9649494341144693,0.06481672817153696,0.21036895138883585,8.0,4.0,0.934929370880127,7.0
qc9edcd8a41,dev,native_model,Quand est-ce que le témoin de réserve d'AdBlue s'éteint après avoir fait le plein sur ma X5 ?,none,1,True,False,1.0,1.0,0.0,0.0,1.0,1.0,1.0,1.0,1.0,7.0
qc9edcd8a41,dev,native_full,Quand est-ce que le témoin de réserve d'AdBlue s'éteint après avoir fait le plein sur ma BMW X5 (2019) ?,none,1,True,False,1.0,1.0,1.0,0.0,1.0,1.0,1.0,1.0,1.0,9.0
qd806110ceb,dev,native_plain,Quelle est la distance maximale que l'assistant de recul peut enregistrer ?,vehicle,157,True,True,0.0,0.0,0.0,0.9210690900146487,0.07260388593034288,0.07167840322515971,8.0,4.0,0.9118593335151672,5.0
qd806110ceb,dev,native_brand,Quelle est la distance maximale que l'assistant de recul peut enregistrer sur mon BMW ?,model,7,True,True,0.0,0.0,1.0,0.7871708359217293,0.18588161250886195,0.14034652245883844,6.0,2.0,0.9228092432022095,6.0
qd806110ceb,dev,native_model,Quelle est la distance maximale que l'assistant de recul peut enregistrer sur mon X5 ?,none,1,True,False,1.0,1.0,0.0,0.0,1.0,1.0,1.0,1.0,1.0,6.0
qd806110ceb,dev,native_full,Quelle est la distance maximale que l'assistant de recul peut enregistrer sur mon BMW X5 (2019) ?,none,1,True,False,1.0,1.0,1.0,0.0,1.0,1.0,1.0,1.0,1.0,8.0
qb201f21106,test,native_plain,En dessous de quelle vitesse peut-on activer l'aide à la descente ?,vehicle,157,True,True,0.0,0.0,0.0,0.9262335734785119,0.07881008331627326,0.10055492676768342,8.0,7.0,0.9057554006576538,5.0
qb201f21106,test,native_brand,En dessous de quelle vitesse peut-on activer l'aide à la descente sur mon BMW ?,model,7,True,True,0.0,0.0,1.0,0.9256625227820446,0.09279129113516751,0.3812021415818241,7.0,5.0,0.8892555236816406,6.0
qb201f21106,test,native_model,En dessous de quelle vitesse peut-on activer l'aide à la descente sur mon X5 ?,none,1,True,False,1.0,1.0,0.0,0.0,1.0,1.0,1.0,1.0,1.0,6.0
qb201f21106,test,native_full,En dessous de quelle vitesse peut-on activer l'aide à la descente sur mon BMW X5 (2019) ?,none,1,True,False,1.0,1.0,1.0,0.0,1.0,1.0,1.0,1.0,1.0,8.0
qf6a841eb54,dev,native_plain,Comment la voiture nous prévient-elle d'un risque imminent de collision ?,vehicle,157,True,True,0.0,0.0,0.0,0.8908640050081654,0.11473310615248636,0.04562990114332427,6.0,2.0,0.9128527641296387,5.0
qf6a841eb54,dev,native_brand,Comment la BMW nous prévient-elle d'un risque imminent de collision ?,model,7,True,True,0.0,0.0,1.0,0.9531594592461984,0.06457260047208928,0.18313128969590534,9.0,4.0,0.8580950498580933,5.0
qf6a841eb54,dev,native_model,Comment la X5 nous prévient-elle d'un risque imminent de collision ?,none,1,True,False,1.0,1.0,0.0,0.0,1.0,1.0,1.0,1.0,1.0,5.0
qf6a841eb54,dev,native_full,Comment la BMW X5 (2019) nous prévient-elle d'un risque imminent de collision ?,none,1,True,False,1.0,1.0,1.0,0.0,1.0,1.0,1.0,1.0,1.0,7.0
qe64d6c609e,dev,native_plain,Doit-on réenregistrer les informations des pneus après avoir refait la pression ?,vehicle,157,True,True,0.0,0.0,0.0,0.9514389717401186,0.06005553548581451,0.018651949852666147,9.0,4.0,0.9333494305610657,6.0
qe64d6c609e,dev,native_brand,Doit-on réenregistrer les informations des pneus après avoir refait la pression sur une BMW ?,model,7,True,True,0.0,0.0,1.0,0.9410485596004743,0.06194526861596848,0.017297358708549766,10.0,4.0,0.933350682258606,7.0
qe64d6c609e,dev,native_model,Doit-on réenregistrer les informations des pneus après avoir refait la pression sur une X5 ?,none,1,True,False,1.0,1.0,0.0,0.0,1.0,1.0,1.0,1.0,1.0,7.0
qe64d6c609e,dev,native_full,Doit-on réenregistrer les informations des pneus après avoir refait la pression sur une BMW X5 (2019) ?,none,1,True,False,1.0,1.0,1.0,0.0,1.0,1.0,1.0,1.0,1.0,9.0
q9a2e7251d8,test,native_plain,Pourquoi ne doit-on pas poser d'objets devant l'écran ?,vehicle,157,False,False,0.0,0.0,0.0,0.9498781001515164,0.0625654673255495,0.09107201747946274,10.0,4.0,0.812547504901886,5.0
q9a2e7251d8,test,native_brand,Pourquoi ne doit-on pas poser d'objets devant l'écran sur un BMW ?,model,7,False,False,0.0,0.0,1.0,0.9424628013582814,0.06321266612578566,0.1417219746905491,10.0,7.0,0.790357232093811,6.0
q9a2e7251d8,test,native_model,Pourquoi ne doit-on pas poser d'objets devant l'écran sur un X5 ?,none,1,False,False,1.0,1.0,0.0,0.0,1.0,1.0,1.0,1.0,1.0,6.0
q9a2e7251d8,test,native_full,Pourquoi ne doit-on pas poser d'objets devant l'écran sur un BMW X5 (2019) ?,none,1,False,False,1.0,1.0,1.0,0.0,1.0,1.0,1.0,1.0,1.0,8.0
q35243b0494,test,native_plain,Quel bouton permet d'effacer un message sur l'écran du centralisateur informatique de bord ?,vehicle,157,True,True,0.0,0.0,0.0,0.48377294292939715,0.6640063612907245,0.8946378770921026,1.0,1.0,0.8564939498901367,8.0
q35243b0494,test,native_brand,Quel bouton permet d'effacer un message sur l'écran du centralisateur informatique de bord de mon Chevrolet ?,model,2,True,True,0.0,0.0,1.0,0.4187296201773915,0.7477672665640799,0.9237228806375994,1.0,1.0,0.835259735584259,9.0
q35243b0494,test,native_model,Quel bouton permet d'effacer un message sur l'écran du centralisateur informatique de bord de mon Avalanche ?,none,1,True,False,1.0,1.0,0.0,0.0,1.0,1.0,1.0,1.0,1.0,9.0
q35243b0494,test,native_full,Quel bouton permet d'effacer un message sur l'écran du centralisateur informatique de bord de mon Chevrolet Avalanche (2001-2006) ?,none,1,True,False,1.0,1.0,1.0,0.0,1.0,1.0,1.0,1.0,1.0,12.0
q424a385094,test,native_plain,Quel repère de la jauge indique que le niveau de liquide est correct à froid ?,vehicle,157,True,True,0.0,0.0,0.0,0.976309843312017,0.03656919802792248,0.08845483526958763,9.0,5.0,0.8271573185920715,7.0
q424a385094,test,native_brand,Quel repère de la jauge indique que le niveau de liquide est correct à froid sur ma Chevrolet ?,model,2,True,True,0.0,0.0,1.0,0.9193263764968022,0.16239982920111598,0.7439795242135167,7.0,6.0,0.8393400311470032,8.0
q424a385094,test,native_model,Quel repère de la jauge indique que le niveau de liquide est correct à froid sur ma Avalanche ?,none,1,True,False,1.0,1.0,0.0,0.0,1.0,1.0,1.0,1.0,1.0,8.0
q424a385094,test,native_full,Quel repère de la jauge indique que le niveau de liquide est correct à froid sur ma Chevrolet Avalanche (2001-2006) ?,none,1,True,False,1.0,1.0,1.0,0.0,1.0,1.0,1.0,1.0,1.0,11.0
qb92fa1053f,dev,native_plain,Comment retirer le porte-gobelet avant pour le nettoyer ?,vehicle,157,True,True,0.0,0.0,0.0,0.908576837839383,0.1046506549244391,0.05726271201162816,6.0,4.0,0.8854624629020691,4.0
qb92fa1053f,dev,native_brand,Comment retirer le porte-gobelet avant pour le nettoyer sur mon Chevrolet ?,model,2,True,True,0.0,0.0,1.0,0.9389816873147744,0.10950166843368257,0.6106582173591938,10.0,8.0,0.8460992574691772,5.0
qb92fa1053f,dev,native_model,Comment retirer le porte-gobelet avant pour le nettoyer sur mon Avalanche ?,none,1,True,False,1.0,1.0,0.0,0.0,1.0,1.0,1.0,1.0,1.0,5.0
qb92fa1053f,dev,native_full,Comment retirer le porte-gobelet avant pour le nettoyer sur mon Chevrolet Avalanche (2001-2006) ?,none,1,True,False,1.0,1.0,1.0,0.0,1.0,1.0,1.0,1.0,1.0,8.0
q87f2687d06,test,native_plain,Où doit être orientée la tête d'un bébé lorsqu'il est installé dans un lit d'enfant pour voiture ?,vehicle,157,False,False,0.0,0.0,0.0,0.9543771246553827,0.061645435299344575,0.052884588279740005,9.0,3.0,0.9209287762641907,8.0
q87f2687d06,test,native_brand,Où doit être orientée la tête d'un bébé lorsqu'il est installé dans un lit d'enfant pour voiture dans mon Chevrolet ?,model,2,False,False,0.0,0.0,1.0,0.88769009301319,0.19688014202268966,0.739669615153326,5.0,4.0,0.8971202969551086,9.0
q87f2687d06,test,native_model,Où doit être orientée la tête d'un bébé lorsqu'il est installé dans un lit d'enfant pour voiture dans mon Avalanche ?,none,1,False,False,1.0,1.0,0.0,0.0,1.0,1.0,1.0,1.0,1.0,9.0
q87f2687d06,test,native_full,Où doit être orientée la tête d'un bébé lorsqu'il est installé dans un lit d'enfant pour voiture dans mon Chevrolet Avalanche (2001-2006) ?,none,1,False,False,1.0,1.0,1.0,0.0,1.0,1.0,1.0,1.0,1.0,12.0
qd9534cf873,dev,native_plain,Pourquoi ne doit-on pas remorquer une version à deux roues motrices avec les roues arrière en contact avec le sol ?,vehicle,157,True,True,0.0,0.0,0.0,0.9480422809065484,0.06621280461743408,0.13407025069099815,10.0,5.0,0.8980952501296997,10.0
qd9534cf873,dev,native_brand,Pourquoi ne doit-on pas remorquer une Chevrolet à deux roues motrices avec les roues arrière en contact avec le sol ?,model,2,True,True,0.0,0.0,1.0,0.9133804169200542,0.14201675765576746,0.5240249165005628,8.0,5.0,0.8980953097343445,10.0
qd9534cf873,dev,native_model,Pourquoi ne doit-on pas remorquer une Avalanche à deux roues motrices avec les roues arrière en contact avec le sol ?,none,1,True,False,1.0,1.0,0.0,0.0,1.0,1.0,1.0,1.0,1.0,10.0
qd9534cf873,dev,native_full,Pourquoi ne doit-on pas remorquer une Chevrolet Avalanche (2001-2006) à deux roues motrices avec les roues arrière en contact avec le sol ?,none,1,True,False,1.0,1.0,1.0,0.0,1.0,1.0,1.0,1.0,1.0,13.0
qb72f0cbb08,dev,native_plain,Que faire si la clé de contact est bloquée et ne veut pas tourner ?,vehicle,157,False,False,0.0,0.0,0.0,0.9036004528936903,0.09485434164340958,0.11647416196806983,7.0,6.0,0.8940030932426453,5.0
qb72f0cbb08,dev,native_brand,Que faire si la clé de contact de mon Chevrolet est bloquée et ne veut pas tourner ?,model,2,False,False,0.0,0.0,1.0,0.9188632083308473,0.08986914817130397,0.1577385695673435,5.0,5.0,0.8649012446403503,6.0
qb72f0cbb08,dev,native_model,Que faire si la clé de contact de mon Avalanche est bloquée et ne veut pas tourner ?,none,1,False,False,1.0,1.0,0.0,0.0,1.0,1.0,1.0,1.0,1.0,6.0
qb72f0cbb08,dev,native_full,Que faire si la clé de contact de mon Chevrolet Avalanche (2001-2006) est bloquée et ne veut pas tourner ?,none,1,False,False,1.0,1.0,1.0,0.0,1.0,1.0,1.0,1.0,1.0,9.0
q163e68d15b,test,native_plain,Comment puis-je me procurer une version en français du guide d'utilisation si je suis au Canada ?,vehicle,157,True,True,0.0,0.0,0.0,0.9450877908740919,0.08561686863550805,0.2961056108467836,9.0,4.0,0.8072525262832642,8.0
q163e68d15b,test,native_brand,Comment puis-je me procurer une version en français du guide d'utilisation de ma Chevrolet si je suis au Canada ?,model,2,True,True,0.0,0.0,1.0,0.7023008689874843,0.4332288710642748,0.7655026303267828,3.0,2.0,0.7785872220993042,9.0
q163e68d15b,test,native_model,Comment puis-je me procurer une version en français du guide d'utilisation de ma Camaro si je suis au Canada ?,none,1,True,False,1.0,1.0,0.0,0.0,1.0,1.0,1.0,1.0,1.0,9.0
q163e68d15b,test,native_full,Comment puis-je me procurer une version en français du guide d'utilisation de ma Chevrolet Camaro (1966-2024) si je suis au Canada ?,none,1,True,False,1.0,1.0,1.0,0.0,1.0,1.0,1.0,1.0,1.0,12.0
qd4776b4cf8,dev,native_plain,Quel est le temps de réaction du différentiel électronique pour un engagement complet ?,vehicle,157,True,True,0.0,0.0,0.0,0.814411070239329,0.29364033048412397,0.7325618613766781,3.0,3.0,0.8265148997306824,6.0
qd4776b4cf8,dev,native_brand,Quel est le temps de réaction du différentiel électronique pour un engagement complet sur ma Chevrolet ?,model,2,True,True,0.0,0.0,1.0,0.8406311968484672,0.2579630239020306,0.8097310210079044,2.0,2.0,0.7785605192184448,7.0
qd4776b4cf8,dev,native_model,Quel est le temps de réaction du différentiel électronique pour un engagement complet sur ma Camaro ?,none,1,True,False,1.0,1.0,0.0,0.0,1.0,1.0,1.0,1.0,1.0,7.0
qd4776b4cf8,dev,native_full,Quel est le temps de réaction du différentiel électronique pour un engagement complet sur ma Chevrolet Camaro (1966-2024) ?,none,1,True,False,1.0,1.0,1.0,0.0,1.0,1.0,1.0,1.0,1.0,10.0
q5180189b08,test,native_plain,À partir de quelle vitesse la conduite commence-t-elle à fatiguer anormalement les pneus ?,vehicle,157,False,False,0.0,0.0,0.0,0.955891082854505,0.07014112870634358,0.36965632404032106,9.0,7.0,0.8747356534004211,7.0
q5180189b08,test,native_brand,À partir de quelle vitesse la conduite sur ma Chevrolet commence-t-elle à fatiguer anormalement les pneus ?,model,2,False,False,0.0,0.0,1.0,0.9339131033441543,0.09839648837506375,0.37055462534361766,7.0,6.0,0.8066343069076538,8.0
q5180189b08,test,native_model,À partir de quelle vitesse la conduite sur ma Camaro commence-t-elle à fatiguer anormalement les pneus ?,none,1,False,False,1.0,1.0,0.0,0.0,1.0,1.0,1.0,1.0,1.0,8.0
q5180189b08,test,native_full,À partir de quelle vitesse la conduite sur ma Chevrolet Camaro (1966-2024) commence-t-elle à fatiguer anormalement les pneus ?,none,1,False,False,1.0,1.0,1.0,0.0,1.0,1.0,1.0,1.0,1.0,11.0
q3a43171b13,test,native_plain,Où est-il permis d'utiliser les équipements de haute performance ?,vehicle,157,True,True,0.0,0.0,0.0,0.9534237374581473,0.06964954865970108,0.27726702553815896,7.0,6.0,0.7701357007026672,5.0
q3a43171b13,test,native_brand,Où est-il permis d'utiliser les équipements de haute performance sur ma Chevrolet ?,model,2,True,True,0.0,0.0,1.0,0.684095872340096,0.4509942963554496,0.738845993544757,1.0,1.0,0.7459222674369812,6.0
q3a43171b13,test,native_model,Où est-il permis d'utiliser les équipements de haute performance sur ma Camaro ?,none,1,True,False,1.0,1.0,0.0,0.0,1.0,1.0,1.0,1.0,1.0,6.0
q3a43171b13,test,native_full,Où est-il permis d'utiliser les équipements de haute performance sur ma Chevrolet Camaro (1966-2024) ?,none,1,True,False,1.0,1.0,1.0,0.0,1.0,1.0,1.0,1.0,1.0,9.0
qbd874ac0c2,dev,native_plain,Quelle quantité de liquide de pont arrière faut-il mettre dans le coupé équipé du système eLSD ?,vehicle,157,True,True,0.0,0.0,0.0,0.867025339415168,0.12580790661918453,0.28455572238532234,5.0,4.0,0.7993059158325195,9.0
qbd874ac0c2,dev,native_brand,Quelle quantité de liquide de pont arrière faut-il mettre dans mon coupé Chevrolet équipé du système eLSD ?,model,2,True,True,0.0,0.0,1.0,0.773414734645182,0.31052275451759453,0.6870409502508142,3.0,2.0,0.8000520467758179,10.0
qbd874ac0c2,dev,native_model,Quelle quantité de liquide de pont arrière faut-il mettre dans mon coupé Camaro équipé du système eLSD ?,none,1,True,False,1.0,1.0,0.0,0.0,1.0,1.0,1.0,1.0,1.0,10.0
qbd874ac0c2,dev,native_full,Quelle quantité de liquide de pont arrière faut-il mettre dans mon coupé Chevrolet Camaro (1966-2024) équipé du système eLSD ?,none,1,True,False,1.0,1.0,1.0,0.0,1.0,1.0,1.0,1.0,1.0,13.0
q1e756bec9a,test,native_plain,Comment puis-je supprimer une session enregistrée sur la carte mémoire ?,vehicle,157,True,True,0.0,0.0,0.0,0.9416672780624679,0.09350922971297215,0.4310775176525543,10.0,8.0,0.8305218815803528,6.0
q1e756bec9a,test,native_brand,Comment puis-je supprimer une session enregistrée sur la carte mémoire de ma Chevrolet ?,model,2,True,True,0.0,0.0,1.0,0.9272041628254052,0.08383591967670456,0.16694405278566973,6.0,4.0,0.8068246841430664,7.0
q1e756bec9a,test,native_model,Comment puis-je supprimer une session enregistrée sur la carte mémoire de ma Camaro ?,none,1,True,False,1.0,1.0,0.0,0.0,1.0,1.0,1.0,1.0,1.0,7.0
q1e756bec9a,test,native_full,Comment puis-je supprimer une session enregistrée sur la carte mémoire de ma Chevrolet Camaro (1966-2024) ?,none,1,True,False,1.0,1.0,1.0,0.0,1.0,1.0,1.0,1.0,1.0,10.0
qd4d4f0500c,dev,native_plain,Quel type de lubrifiant doit-on utiliser pour les couteaux de suspension ?,vehicle,157,True,True,0.0,0.0,0.0,0.9523846590728781,0.07970013607135461,0.4264640863961819,10.0,6.0,0.857174277305603,5.0
qd4d4f0500c,dev,native_brand,Quel type de lubrifiant doit-on utiliser pour les couteaux de suspension sur une Citroën ?,model,8,True,True,0.0,0.0,1.0,0.9012139459953579,0.11896400600295845,0.11295238328151436,9.0,6.0,0.841377854347229,6.0
qd4d4f0500c,dev,native_model,Quel type de lubrifiant doit-on utiliser pour les couteaux de suspension sur une 2CV ?,none,1,True,False,1.0,1.0,0.0,0.0,1.0,1.0,1.0,1.0,1.0,6.0
qd4d4f0500c,dev,native_full,Quel type de lubrifiant doit-on utiliser pour les couteaux de suspension sur une Citroën 2CV ?,none,1,True,False,1.0,1.0,1.0,0.0,1.0,1.0,1.0,1.0,1.0,7.0
qacc57723d7,test,native_plain,Est-ce que le moteur risque de surchauffer si je roule longtemps en première ou en deuxième vitesse dans les côtes ?,vehicle,157,True,True,0.0,0.0,0.0,0.9661664199737222,0.06409665018113547,0.3123586270708807,10.0,5.0,0.8537040948867798,9.0
qacc57723d7,test,native_brand,Est-ce que le moteur de ma Citroën risque de surchauffer si je roule longtemps en première ou en deuxième vitesse dans les côtes ?,model,8,True,True,0.0,0.0,1.0,0.9632480582384377,0.05897371174438645,0.2828823364095175,10.0,5.0,0.8537040948867798,10.0
qacc57723d7,test,native_model,Est-ce que le moteur de ma 2CV risque de surchauffer si je roule longtemps en première ou en deuxième vitesse dans les côtes ?,none,1,True,False,1.0,1.0,0.0,0.0,1.0,1.0,1.0,1.0,1.0,10.0
qacc57723d7,test,native_full,Est-ce que le moteur de ma Citroën 2CV risque de surchauffer si je roule longtemps en première ou en deuxième vitesse dans les côtes ?,none,1,True,False,1.0,1.0,1.0,0.0,1.0,1.0,1.0,1.0,1.0,11.0
qa9754f0f19,test,native_plain,Que doit-on faire avec la manivelle avant de démarrer le moteur après un long arrêt ou par grand froid ?,vehicle,157,True,True,0.0,0.0,0.0,0.9554171147106284,0.06908196441010041,0.22173078255361361,9.0,9.0,0.8848040699958801,7.0
qa9754f0f19,test,native_brand,Que doit-on faire avec la manivelle avant de démarrer le moteur de sa Citroën après un long arrêt ou par grand froid ?,model,8,True,True,0.0,0.0,1.0,0.9514006451642639,0.06184956178537492,0.04854812644443633,9.0,7.0,0.8604640960693359,8.0
qa9754f0f19,test,native_model,Que doit-on faire avec la manivelle avant de démarrer le moteur de sa 2CV après un long arrêt ou par grand froid ?,none,1,True,False,1.0,1.0,0.0,0.0,1.0,1.0,1.0,1.0,1.0,8.0
qa9754f0f19,test,native_full,Que doit-on faire avec la manivelle avant de démarrer le moteur de sa Citroën 2CV après un long arrêt ou par grand froid ?,none,1,True,False,1.0,1.0,1.0,0.0,1.0,1.0,1.0,1.0,1.0,9.0
q37d46680b8,test,native_plain,Comment doit-on mettre en marche le moteur si la voiture est équipée d'un embrayage centrifuge ?,vehicle,157,True,True,0.0,0.0,0.0,0.9084683859156653,0.11290400937491452,0.08763723936377459,7.0,6.0,0.864413857460022,7.0
q37d46680b8,test,native_brand,Comment doit-on mettre en marche le moteur si ma Citroën est équipée d'un embrayage centrifuge ?,model,8,True,True,0.0,0.0,1.0,0.9406780735967587,0.0748800487111168,0.06188599213630516,8.0,5.0,0.9372230768203735,7.0
q37d46680b8,test,native_model,Comment doit-on mettre en marche le moteur si ma 2CV est équipée d'un embrayage centrifuge ?,none,1,True,False,1.0,1.0,0.0,0.0,1.0,1.0,1.0,1.0,1.0,7.0
q37d46680b8,test,native_full,Comment doit-on mettre en marche le moteur si ma Citroën 2CV est équipée d'un embrayage centrifuge ?,none,1,True,False,1.0,1.0,1.0,0.0,1.0,1.0,1.0,1.0,1.0,8.0
q4cdf6d7063,test,native_plain,Comment peut-on démonter la porte du coffre arrière ?,vehicle,157,True,True,0.0,0.0,0.0,0.947889121553292,0.06317021881185379,0.04222856367268584,9.0,5.0,0.9115651845932007,4.0
q4cdf6d7063,test,native_brand,Comment peut-on démonter la porte du coffre arrière sur ma Citroën ?,model,8,True,True,0.0,0.0,1.0,0.9533968009844145,0.06426378372931937,0.10743167378198963,10.0,7.0,0.864271342754364,5.0
q4cdf6d7063,test,native_model,Comment peut-on démonter la porte du coffre arrière sur ma 2CV ?,none,1,True,False,1.0,1.0,0.0,0.0,1.0,1.0,1.0,1.0,1.0,5.0
q4cdf6d7063,test,native_full,Comment peut-on démonter la porte du coffre arrière sur ma Citroën 2CV ?,none,1,True,False,1.0,1.0,1.0,0.0,1.0,1.0,1.0,1.0,1.0,6.0
q5d76f75c71,test,native_plain,Après combien de kilomètres faut-il faire la première révision ?,vehicle,157,True,True,0.0,0.0,0.0,0.9503663225189123,0.08207492280616617,0.47672492499365793,9.0,5.0,0.883611798286438,4.0
q5d76f75c71,test,native_brand,Après combien de kilomètres faut-il faire la première révision sur ma Citroën ?,model,8,True,True,0.0,0.0,1.0,0.9303873410235011,0.11233231641935629,0.5258525999319366,9.0,4.0,0.8138381242752075,5.0
q5d76f75c71,test,native_model,Après combien de kilomètres faut-il faire la première révision sur ma 2CV ?,none,1,True,False,1.0,1.0,0.0,0.0,1.0,1.0,1.0,1.0,1.0,5.0
q5d76f75c71,test,native_full,Après combien de kilomètres faut-il faire la première révision sur ma Citroën 2CV ?,none,1,True,False,1.0,1.0,1.0,0.0,1.0,1.0,1.0,1.0,1.0,6.0
qc134982982,dev,native_plain,À partir de quelle vitesse minimale peut-on enclencher le régulateur de vitesse adaptatif sur un modèle à boîte manuelle ?,vehicle,157,True,True,0.0,0.0,0.0,0.9338273802919356,0.06419761165628364,0.09476844098021647,9.0,4.0,0.9003649950027466,10.0
qc134982982,dev,native_brand,À partir de quelle vitesse minimale peut-on enclencher le régulateur de vitesse adaptatif sur ma Citroen à boîte manuelle ?,model,8,True,True,0.0,0.0,1.0,0.9282324421679526,0.07328226981305966,0.08513248091618159,10.0,4.0,0.9127470850944519,10.0
qc134982982,dev,native_model,À partir de quelle vitesse minimale peut-on enclencher le régulateur de vitesse adaptatif sur ma Berlingo à boîte manuelle ?,none,1,True,False,1.0,1.0,0.0,0.0,1.0,1.0,1.0,1.0,1.0,10.0
qc134982982,dev,native_full,À partir de quelle vitesse minimale peut-on enclencher le régulateur de vitesse adaptatif sur ma Citroen Berlingo (2019) à boîte manuelle ?,none,1,True,False,1.0,1.0,1.0,0.0,1.0,1.0,1.0,1.0,1.0,12.0
q837144dd55,test,native_plain,Est-il possible de poser la jambe de force d'un siège auto dans le coffre de sol ?,vehicle,157,True,True,0.0,0.0,0.0,0.9393294650142429,0.0705635520133819,0.03968801269879695,10.0,5.0,0.9081489443778992,8.0
q837144dd55,test,native_brand,Est-il possible de poser la jambe de force d'un siège auto dans le coffre de sol de mon Citroen ?,model,8,True,True,0.0,0.0,1.0,0.9210926889465199,0.08403536865272859,0.01859918145981262,10.0,5.0,0.8668305277824402,9.0
q837144dd55,test,native_model,Est-il possible de poser la jambe de force d'un siège auto dans le coffre de sol de mon Berlingo ?,none,1,True,False,1.0,1.0,0.0,0.0,1.0,1.0,1.0,1.0,1.0,9.0
q837144dd55,test,native_full,Est-il possible de poser la jambe de force d'un siège auto dans le coffre de sol de mon Citroen Berlingo (2019) ?,none,1,True,False,1.0,1.0,1.0,0.0,1.0,1.0,1.0,1.0,1.0,11.0
qf29c011328,dev,native_plain,À quel niveau de batterie minimal la fonction de recharge d'appareils externes s'arrête-t-elle de fonctionner ?,vehicle,157,True,True,0.0,0.0,0.0,0.9132337224157078,0.10847267737038843,0.3289919494995828,7.0,4.0,0.8830054402351379,9.0
qf29c011328,dev,native_brand,À quel niveau de batterie minimal la fonction de recharge d'appareils externes s'arrête-t-elle de fonctionner sur mon Citroen ?,model,8,True,True,0.0,0.0,1.0,0.923330625212301,0.08922143886981151,0.3420932648710303,9.0,6.0,0.8518187403678894,10.0
qf29c011328,dev,native_model,À quel niveau de batterie minimal la fonction de recharge d'appareils externes s'arrête-t-elle de fonctionner sur mon Berlingo ?,none,1,True,False,1.0,1.0,0.0,0.0,1.0,1.0,1.0,1.0,1.0,10.0
qf29c011328,dev,native_full,À quel niveau de batterie minimal la fonction de recharge d'appareils externes s'arrête-t-elle de fonctionner sur mon Citroen Berlingo (2019) ?,none,1,True,False,1.0,1.0,1.0,0.0,1.0,1.0,1.0,1.0,1.0,12.0
q914c8a9f98,test,native_plain,Comment faire descendre ou monter une vitre automatiquement sans garder le doigt sur le bouton ?,vehicle,157,False,False,0.0,0.0,0.0,0.9547784358038695,0.04351546103808985,0.03716682137766451,9.0,6.0,0.9149308204650879,7.0
q914c8a9f98,test,native_brand,Comment faire descendre ou monter une vitre automatiquement sans garder le doigt sur le bouton sur ma Citroen ?,model,8,False,False,0.0,0.0,1.0,0.9626212429340064,0.052043539378603,0.1432991925878739,8.0,5.0,0.9129964709281921,8.0
q914c8a9f98,test,native_model,Comment faire descendre ou monter une vitre automatiquement sans garder le doigt sur le bouton sur ma Berlingo ?,none,1,False,False,1.0,1.0,0.0,0.0,1.0,1.0,1.0,1.0,1.0,8.0
q914c8a9f98,test,native_full,Comment faire descendre ou monter une vitre automatiquement sans garder le doigt sur le bouton sur ma Citroen Berlingo (2019) ?,none,1,False,False,1.0,1.0,1.0,0.0,1.0,1.0,1.0,1.0,1.0,10.0
qe534c1631f,dev,native_plain,Où puis-je trouver la plaque d'identification du véhicule ?,vehicle,157,True,True,0.0,0.0,0.0,0.9711800382755008,0.04957630808267357,0.37601757763983534,10.0,5.0,0.8645316958427429,5.0
qe534c1631f,dev,native_brand,Où puis-je trouver la plaque d'identification sur ma Citroen ?,model,8,True,True,0.0,0.0,1.0,0.9754454159809448,0.04195716268270913,0.24988880239439495,10.0,5.0,0.8735787272453308,5.0
qe534c1631f,dev,native_model,Où puis-je trouver la plaque d'identification sur ma Berlingo ?,none,1,True,False,1.0,1.0,0.0,0.0,1.0,1.0,1.0,1.0,1.0,5.0
qe534c1631f,dev,native_full,Où puis-je trouver la plaque d'identification sur ma Citroen Berlingo (2019) ?,none,1,True,False,1.0,1.0,1.0,0.0,1.0,1.0,1.0,1.0,1.0,7.0
q89ee644801,test,native_plain,Où s'affiche l'information sur le niveau d'huile moteur après avoir mis le contact ?,vehicle,157,True,True,0.0,0.0,0.0,0.9573225107107246,0.044800062745260424,0.013818805455057225,8.0,5.0,0.8782231211662292,8.0
q89ee644801,test,native_brand,Où s'affiche l'information sur le niveau d'huile moteur après avoir mis le contact sur ma Citroen ?,model,8,True,True,0.0,0.0,1.0,0.9441598425611898,0.06907320382791499,0.16550398066651908,7.0,4.0,0.845386803150177,9.0
q89ee644801,test,native_model,Où s'affiche l'information sur le niveau d'huile moteur après avoir mis le contact sur ma Berlingo ?,none,1,True,False,1.0,1.0,0.0,0.0,1.0,1.0,1.0,1.0,1.0,9.0
q89ee644801,test,native_full,Où s'affiche l'information sur le niveau d'huile moteur après avoir mis le contact sur ma Citroen Berlingo (2019) ?,none,1,True,False,1.0,1.0,1.0,0.0,1.0,1.0,1.0,1.0,1.0,11.0
q9266e713d2,test,native_plain,Où doit-on insérer l'extrémité de la béquille pour maintenir le capot ouvert ?,vehicle,157,True,True,0.0,0.0,0.0,0.9751423790896274,0.03791308563737607,0.15908276679243769,10.0,6.0,0.900726318359375,6.0
q9266e713d2,test,native_brand,Où doit-on insérer l'extrémité de la béquille pour maintenir le capot ouvert sur une Citroën ?,model,8,True,True,0.0,0.0,1.0,0.9684517856499917,0.04006636030587738,0.0478171505443203,10.0,7.0,0.900726318359375,7.0
q9266e713d2,test,native_model,Où doit-on insérer l'extrémité de la béquille pour maintenir le capot ouvert sur une BX ?,none,1,True,False,1.0,1.0,0.0,0.0,1.0,1.0,1.0,1.0,1.0,7.0
q9266e713d2,test,native_full,Où doit-on insérer l'extrémité de la béquille pour maintenir le capot ouvert sur une Citroën BX (1982-1994) ?,none,1,True,False,1.0,1.0,1.0,0.0,1.0,1.0,1.0,1.0,1.0,10.0
qfeb8a337e8,dev,native_plain,Quelles sont les dimensions des jantes pour la version 16 TRS ?,vehicle,157,True,True,0.0,0.0,0.0,0.887963193269349,0.18287971326721478,0.575708004159335,4.0,4.0,0.8164545297622681,5.0
qfeb8a337e8,dev,native_brand,Quelles sont les dimensions des jantes pour la version 16 TRS de ma Citroën ?,model,8,True,True,0.0,0.0,1.0,0.9085216117400868,0.13682377891146208,0.502875425930578,10.0,6.0,0.8068889379501343,6.0
qfeb8a337e8,dev,native_model,Quelles sont les dimensions des jantes pour la version 16 TRS de ma BX ?,none,1,True,False,1.0,1.0,0.0,0.0,1.0,1.0,1.0,1.0,1.0,6.0
qfeb8a337e8,dev,native_full,Quelles sont les dimensions des jantes pour la version 16 TRS de ma Citroën BX (1982-1994) ?,none,1,True,False,1.0,1.0,1.0,0.0,1.0,1.0,1.0,1.0,1.0,9.0
qb99d1eda88,dev,native_plain,Quelle batterie faut-il installer pour la version avec un moteur de 1580 cm³ ?,vehicle,157,True,True,0.0,0.0,0.0,0.965820789611552,0.04432350867437881,0.1046935372355551,10.0,8.0,0.8013176918029785,6.0
qb99d1eda88,dev,native_brand,Quelle batterie faut-il installer sur ma Citroën équipée du moteur de 1580 cm³ ?,model,8,True,True,0.0,0.0,1.0,0.856047804578194,0.21813995496319724,0.6224330106935938,4.0,2.0,0.8450539708137512,7.0
qb99d1eda88,dev,native_model,Quelle batterie faut-il installer sur ma BX équipée du moteur de 1580 cm³ ?,none,1,True,False,1.0,1.0,0.0,0.0,1.0,1.0,1.0,1.0,1.0,7.0
qb99d1eda88,dev,native_full,Quelle batterie faut-il installer sur ma Citroën BX (1982-1994) équipée du moteur de 1580 cm³ ?,none,1,True,False,1.0,1.0,1.0,0.0,1.0,1.0,1.0,1.0,1.0,10.0
qff46aff8c0,dev,native_plain,Quelle huile moteur est recommandée pour une utilisation dans des régions très froides ?,vehicle,157,True,True,0.0,0.0,0.0,0.9294914360640758,0.0618130050895796,0.004863666960950207,8.0,6.0,0.821109414100647,6.0
qff46aff8c0,dev,native_brand,Quelle huile moteur est recommandée pour une utilisation dans des régions très froides sur une Citroën ?,model,8,True,True,0.0,0.0,1.0,0.9303095462608431,0.0880460954387148,0.04727420854675922,7.0,2.0,0.8771489858627319,7.0
qff46aff8c0,dev,native_model,Quelle huile moteur est recommandée pour une utilisation dans des régions très froides sur une BX ?,none,1,True,False,1.0,1.0,0.0,0.0,1.0,1.0,1.0,1.0,1.0,7.0
qff46aff8c0,dev,native_full,Quelle huile moteur est recommandée pour une utilisation dans des régions très froides sur une Citroën BX (1982-1994) ?,none,1,True,False,1.0,1.0,1.0,0.0,1.0,1.0,1.0,1.0,1.0,10.0
q8edb69291d,test,native_plain,Comment activer les feux de croisement à partir des lanternes ou des phares ?,vehicle,157,True,True,0.0,0.0,0.0,0.9492414540642908,0.0560761187485343,0.08127861476995697,10.0,7.0,0.8789040446281433,6.0
q8edb69291d,test,native_brand,Comment activer les feux de croisement à partir des lanternes ou des phares sur ma Citroën ?,model,8,True,True,0.0,0.0,1.0,0.9613389586819724,0.055497850448820524,0.04923920735105337,10.0,4.0,0.8717998266220093,7.0
q8edb69291d,test,native_model,Comment activer les feux de croisement à partir des lanternes ou des phares sur ma BX ?,none,1,True,False,1.0,1.0,0.0,0.0,1.0,1.0,1.0,1.0,1.0,7.0
q8edb69291d,test,native_full,Comment activer les feux de croisement à partir des lanternes ou des phares sur ma Citroën BX (1982-1994) ?,none,1,True,False,1.0,1.0,1.0,0.0,1.0,1.0,1.0,1.0,1.0,10.0
q7f519ec0e9,test,native_plain,Où puis-je trouver un échantillon du tissu des sièges en cas de besoin ?,vehicle,157,True,True,0.0,0.0,0.0,0.9454083974788133,0.08176982113229092,0.4693958520539756,9.0,8.0,0.7985610961914062,7.0
q7f519ec0e9,test,native_brand,Où puis-je trouver un échantillon du tissu des sièges en cas de besoin sur ma Citroën ?,model,8,True,True,0.0,0.0,1.0,0.8603768254955656,0.1202620294162855,0.04332640733644284,4.0,1.0,0.8102896809577942,8.0
q7f519ec0e9,test,native_model,Où puis-je trouver un échantillon du tissu des sièges en cas de besoin sur ma BX ?,none,1,True,False,1.0,1.0,0.0,0.0,1.0,1.0,1.0,1.0,1.0,8.0
q7f519ec0e9,test,native_full,Où puis-je trouver un échantillon du tissu des sièges en cas de besoin sur ma Citroën BX (1982-1994) ?,none,1,True,False,1.0,1.0,1.0,0.0,1.0,1.0,1.0,1.0,1.0,11.0
q0b943a2aa0,test,native_plain,What does it mean if the brake warning light is on along with the STOP and ABS lights?,vehicle,157,True,True,0.0,0.0,0.0,0.8736034236197945,0.13021079568666002,0.1714328580307434,7.0,3.0,0.9264494180679321,8.0
q0b943a2aa0,test,native_brand,What does it mean if the brake warning light is on along with the STOP and ABS lights on my Citroën ?,model,8,True,True,0.0,0.0,1.0,0.8917380034800196,0.11255196566993293,0.2510023776025901,9.0,6.0,0.8417335748672485,9.0
q0b943a2aa0,test,native_model,What does it mean if the brake warning light is on along with the STOP and ABS lights on my C3 ?,none,1,True,False,1.0,1.0,0.0,0.0,1.0,1.0,1.0,1.0,1.0,9.0
q0b943a2aa0,test,native_full,What does it mean if the brake warning light is on along with the STOP and ABS lights on my Citroën C3 (2024) ?,none,1,True,False,1.0,1.0,1.0,0.0,1.0,1.0,1.0,1.0,1.0,11.0
q135b838c63,test,native_plain,What should I do if the letter N is flashing on the instrument panel when trying to start the car?,vehicle,157,True,True,0.0,0.0,0.0,0.8489845186877087,0.17970774932389022,0.3353163847725521,8.0,5.0,0.9297237396240234,6.0
q135b838c63,test,native_brand,What should I do if the letter N is flashing on the instrument panel of my Citroën when trying to start it?,model,8,True,True,0.0,0.0,1.0,0.9084937519319304,0.14537649709112924,0.482128269944464,10.0,6.0,0.8223584294319153,7.0
q135b838c63,test,native_model,What should I do if the letter N is flashing on the instrument panel of my C3 when trying to start it?,none,1,True,False,1.0,1.0,0.0,0.0,1.0,1.0,1.0,1.0,1.0,7.0
q135b838c63,test,native_full,What should I do if the letter N is flashing on the instrument panel of my Citroën C3 (2024) when trying to start it?,none,1,True,False,1.0,1.0,1.0,0.0,1.0,1.0,1.0,1.0,1.0,9.0
q006409e743,test,native_plain,Can plugging a USB charger into the 12V socket affect my radio reception?,vehicle,157,False,False,0.0,0.0,0.0,0.948415511952395,0.09449271475195103,0.45047020729838133,7.0,5.0,0.8155534863471985,8.0
q006409e743,test,native_brand,Can plugging a USB charger into the 12V socket affect the radio reception in my Citroën?,model,8,False,False,0.0,0.0,1.0,0.9481091652378496,0.09258309194888582,0.5334620632653978,9.0,5.0,0.8155533671379089,9.0
q006409e743,test,native_model,Can plugging a USB charger into the 12V socket affect the radio reception in my C3?,none,1,False,False,1.0,1.0,0.0,0.0,1.0,1.0,1.0,1.0,1.0,9.0
q006409e743,test,native_full,Can plugging a USB charger into the 12V socket affect the radio reception in my Citroën C3 (2024)?,none,1,False,False,1.0,1.0,1.0,0.0,1.0,1.0,1.0,1.0,1.0,11.0
qdac411a102,dev,native_plain,How can I start the voice recognition of my smartphone when it is connected?,vehicle,157,True,True,0.0,0.0,0.0,0.8729681328815863,0.17924758226138163,0.4451835406698923,5.0,3.0,0.8618063926696777,5.0
qdac411a102,dev,native_brand,How can I start the voice recognition of my smartphone when it is connected to my Citroën?,model,8,True,True,0.0,0.0,1.0,0.8822996008743236,0.15297997540485223,0.3116716355163157,6.0,3.0,0.8382314443588257,6.0
qdac411a102,dev,native_model,How can I start the voice recognition of my smartphone when it is connected to my C3?,none,1,True,False,1.0,1.0,0.0,0.0,1.0,1.0,1.0,1.0,1.0,6.0
qdac411a102,dev,native_full,How can I start the voice recognition of my smartphone when it is connected to my Citroën C3 (2024)?,none,1,True,False,1.0,1.0,1.0,0.0,1.0,1.0,1.0,1.0,1.0,8.0
q7be469833a,test,native_plain,How can I get the clock minutes to adjust automatically?,vehicle,157,True,True,0.0,0.0,0.0,0.9633525430480695,0.05195354733856802,0.21407290677834853,8.0,8.0,0.8346179723739624,5.0
q7be469833a,test,native_brand,How can I get the clock minutes to adjust automatically on my Citroën?,model,8,True,True,0.0,0.0,1.0,0.9642353552697032,0.04730736758892789,0.12649859603422445,10.0,8.0,0.8537793159484863,6.0
q7be469833a,test,native_model,How can I get the clock minutes to adjust automatically on my C3?,none,1,True,False,1.0,1.0,0.0,0.0,1.0,1.0,1.0,1.0,1.0,6.0
q7be469833a,test,native_full,How can I get the clock minutes to adjust automatically on my Citroën C3 (2024)?,none,1,True,False,1.0,1.0,1.0,0.0,1.0,1.0,1.0,1.0,1.0,8.0
q871fe71242,test,native_plain,How far and how fast should I drive right after using the emergency tyre repair kit?,vehicle,157,True,True,0.0,0.0,0.0,0.9144774796480248,0.10001294571217517,0.07877760649894669,8.0,7.0,0.8888856768608093,9.0
q871fe71242,test,native_brand,How far and how fast should I drive right after using the emergency tyre repair kit on my Citroën?,model,8,True,True,0.0,0.0,1.0,0.9301074225055679,0.10232813657855423,0.4350870621403518,8.0,8.0,0.8741675615310669,10.0
q871fe71242,test,native_model,How far and how fast should I drive right after using the emergency tyre repair kit on my C3?,none,1,True,False,1.0,1.0,0.0,0.0,1.0,1.0,1.0,1.0,1.0,10.0
q871fe71242,test,native_full,How far and how fast should I drive right after using the emergency tyre repair kit on my Citroën C3 (2024)?,none,1,True,False,1.0,1.0,1.0,0.0,1.0,1.0,1.0,1.0,1.0,12.0
q2009e267bd,test,native_plain,Puis-je installer un siège enfant équipé d'une béquille sur une place signalée comme non adaptée ?,vehicle,157,True,True,0.0,0.0,0.0,0.9529688896094014,0.07457532999972497,0.10710736808635803,8.0,4.0,0.9368652105331421,11.0
q2009e267bd,test,native_brand,Puis-je installer un siège enfant équipé d'une béquille sur une place signalée comme non adaptée dans ma Citroen ?,model,8,True,True,0.0,0.0,1.0,0.9471323559444249,0.07953373298167127,0.24165931819853914,8.0,4.0,0.9232123494148254,12.0
q2009e267bd,test,native_model,Puis-je installer un siège enfant équipé d'une béquille sur une place signalée comme non adaptée dans ma C3 Aircross ?,none,1,True,False,1.0,1.0,0.0,0.0,1.0,1.0,1.0,1.0,1.0,13.0
q2009e267bd,test,native_full,Puis-je installer un siège enfant équipé d'une béquille sur une place signalée comme non adaptée dans ma Citroen C3 Aircross (2023) ?,none,1,True,False,1.0,1.0,1.0,0.0,1.0,1.0,1.0,1.0,1.0,15.0
q97da11a22c,test,native_plain,Comment contacter l'assistance si ma voiture est immobilisée ?,vehicle,157,True,True,0.0,0.0,0.0,0.8691718448953905,0.1330227045950813,0.05286542508960065,9.0,5.0,0.8513895273208618,4.0
q97da11a22c,test,native_brand,Comment contacter l'assistance si ma Citroen est immobilisée ?,model,8,True,True,0.0,0.0,1.0,0.8895872160947116,0.13792011811506794,0.33993322078845917,7.0,4.0,0.8019787669181824,4.0
q97da11a22c,test,native_model,Comment contacter l'assistance si ma C3 Aircross est immobilisée ?,none,1,True,False,1.0,1.0,0.0,0.0,1.0,1.0,1.0,1.0,1.0,5.0
q97da11a22c,test,native_full,Comment contacter l'assistance si ma Citroen C3 Aircross (2023) est immobilisée ?,none,1,True,False,1.0,1.0,1.0,0.0,1.0,1.0,1.0,1.0,1.0,7.0
q58e9ea3916,test,native_plain,Où se trouve le capteur de pluie et de luminosité ?,vehicle,157,True,True,0.0,0.0,0.0,0.9670558315067265,0.04359603217297622,0.18454061011465214,10.0,5.0,0.9222801327705383,4.0
q58e9ea3916,test,native_brand,Où se trouve le capteur de pluie et de luminosité sur mon Citroen ?,model,8,True,True,0.0,0.0,1.0,0.9637846596047795,0.04916914647719534,0.12088339620284869,9.0,5.0,0.9276351928710938,5.0
q58e9ea3916,test,native_model,Où se trouve le capteur de pluie et de luminosité sur mon C3 Aircross ?,none,1,True,False,1.0,1.0,0.0,0.0,1.0,1.0,1.0,1.0,1.0,6.0
q58e9ea3916,test,native_full,Où se trouve le capteur de pluie et de luminosité sur mon Citroen C3 Aircross (2023) ?,none,1,True,False,1.0,1.0,1.0,0.0,1.0,1.0,1.0,1.0,1.0,8.0
q4a0efdeea5,test,native_plain,Pourquoi doit-on éviter de mettre de l'eau dans le compartiment moteur ?,vehicle,157,False,False,0.0,0.0,0.0,0.9630290078633489,0.04594464375855998,0.00034925409121567733,10.0,6.0,0.8726571798324585,6.0
q4a0efdeea5,test,native_brand,Pourquoi doit-on éviter de mettre de l'eau dans le compartiment moteur de ma Citroen ?,model,8,False,False,0.0,0.0,1.0,0.9730501490652042,0.042804346483475066,0.16090055413213775,10.0,7.0,0.8834525346755981,7.0
q4a0efdeea5,test,native_model,Pourquoi doit-on éviter de mettre de l'eau dans le compartiment moteur de ma C3 Aircross ?,none,1,False,False,1.0,1.0,0.0,0.0,1.0,1.0,1.0,1.0,1.0,8.0
q4a0efdeea5,test,native_full,Pourquoi doit-on éviter de mettre de l'eau dans le compartiment moteur de ma Citroen C3 Aircross (2023) ?,none,1,False,False,1.0,1.0,1.0,0.0,1.0,1.0,1.0,1.0,1.0,10.0
qc6b83c99b3,dev,native_plain,Où se trouve l'autocollant indiquant la pression recommandée pour les pneus ?,vehicle,157,False,False,0.0,0.0,0.0,0.9347773944800267,0.07012783698807892,0.00883210221370685,9.0,4.0,0.932651162147522,6.0
qc6b83c99b3,dev,native_brand,Où se trouve l'autocollant indiquant la pression recommandée pour les pneus sur mon Citroen ?,model,8,False,False,0.0,0.0,1.0,0.9252102587872344,0.08101478415326767,0.012341768375315957,9.0,6.0,0.9403390884399414,7.0
qc6b83c99b3,dev,native_model,Où se trouve l'autocollant indiquant la pression recommandée pour les pneus sur mon C3 Aircross ?,none,1,False,False,1.0,1.0,0.0,0.0,1.0,1.0,1.0,1.0,1.0,8.0
qc6b83c99b3,dev,native_full,Où se trouve l'autocollant indiquant la pression recommandée pour les pneus sur mon Citroen C3 Aircross (2023) ?,none,1,False,False,1.0,1.0,1.0,0.0,1.0,1.0,1.0,1.0,1.0,10.0
q054068b4df,test,native_plain,De quelle couleur sont les câbles de haute tension qu'il ne faut pas manipuler ?,vehicle,157,True,True,0.0,0.0,0.0,0.9237308538260942,0.1311699922268779,0.37241117469816576,6.0,4.0,0.8959827423095703,5.0
q054068b4df,test,native_brand,De quelle couleur sont les câbles de haute tension qu'il ne faut pas manipuler sur ma Citroen ?,model,8,True,True,0.0,0.0,1.0,0.9160195817608533,0.13992591424271653,0.35690746906506843,7.0,5.0,0.9024633169174194,6.0
q054068b4df,test,native_model,De quelle couleur sont les câbles de haute tension qu'il ne faut pas manipuler sur ma C3 Aircross ?,none,1,True,False,1.0,1.0,0.0,0.0,1.0,1.0,1.0,1.0,1.0,7.0
q054068b4df,test,native_full,De quelle couleur sont les câbles de haute tension qu'il ne faut pas manipuler sur ma Citroen C3 Aircross (2023) ?,none,1,True,False,1.0,1.0,1.0,0.0,1.0,1.0,1.0,1.0,1.0,9.0
qc15f7eaecb,dev,native_plain,Quelles conditions météo peuvent perturber le système d'alerte de collision ?,vehicle,157,False,False,0.0,0.0,0.0,0.9351499032761149,0.07104354829727133,0.02326723553872161,10.0,4.0,0.8848977088928223,7.0
qc15f7eaecb,dev,native_brand,Quelles conditions météo peuvent perturber le système d'alerte de collision sur mon Citroën ?,model,8,False,False,0.0,0.0,1.0,0.9258341651437298,0.07730058742624082,0.00990151058287293,10.0,4.0,0.9226595163345337,8.0
qc15f7eaecb,dev,native_model,Quelles conditions météo peuvent perturber le système d'alerte de collision sur mon C5 Aircross ?,none,1,False,False,1.0,1.0,0.0,0.0,1.0,1.0,1.0,1.0,1.0,9.0
qc15f7eaecb,dev,native_full,Quelles conditions météo peuvent perturber le système d'alerte de collision sur mon Citroën C5 Aircross (2023) ?,none,1,False,False,1.0,1.0,1.0,0.0,1.0,1.0,1.0,1.0,1.0,11.0
q774b0ac7fe,test,native_plain,Comment faire pour régénérer le filtre d'échappement si le voyant s'allume ?,vehicle,157,True,True,0.0,0.0,0.0,0.9459085494614939,0.0816538372014009,0.249367179323637,10.0,8.0,0.9355581402778625,5.0
q774b0ac7fe,test,native_brand,Comment faire pour régénérer le filtre d'échappement de mon Citroën si le voyant s'allume ?,model,8,True,True,0.0,0.0,1.0,0.9505896339280826,0.07589908026695226,0.2704804408857133,10.0,6.0,0.8742004632949829,6.0
q774b0ac7fe,test,native_model,Comment faire pour régénérer le filtre d'échappement de mon C5 Aircross si le voyant s'allume ?,none,1,True,False,1.0,1.0,0.0,0.0,1.0,1.0,1.0,1.0,1.0,7.0
q774b0ac7fe,test,native_full,Comment faire pour régénérer le filtre d'échappement de mon Citroën C5 Aircross (2023) si le voyant s'allume ?,none,1,True,False,1.0,1.0,1.0,0.0,1.0,1.0,1.0,1.0,1.0,9.0
qb6481fe1fa,dev,native_plain,Comment modifier les unités de distance (km ou miles) affichées ?,vehicle,157,False,False,0.0,0.0,0.0,0.9640501646755912,0.0501198131009986,0.33928920872088175,9.0,3.0,0.9189919233322144,6.0
qb6481fe1fa,dev,native_brand,Comment modifier les unités de distance (km ou miles) affichées sur ma Citroën ?,model,8,False,False,0.0,0.0,1.0,0.9559299731810015,0.05748348296947808,0.2787739898686052,10.0,3.0,0.9189919233322144,7.0
qb6481fe1fa,dev,native_model,Comment modifier les unités de distance (km ou miles) affichées sur ma C5 Aircross ?,none,1,False,False,1.0,1.0,0.0,0.0,1.0,1.0,1.0,1.0,1.0,8.0
qb6481fe1fa,dev,native_full,Comment modifier les unités de distance (km ou miles) affichées sur ma Citroën C5 Aircross (2023) ?,none,1,False,False,1.0,1.0,1.0,0.0,1.0,1.0,1.0,1.0,1.0,10.0
q92f40462d7,test,native_plain,En dessous de quelle vitesse les radars de stationnement avant s'activent-ils ?,vehicle,157,True,True,0.0,0.0,0.0,0.9552841643899967,0.05249515270929448,0.0013212221880568888,10.0,7.0,0.8850197792053223,5.0
q92f40462d7,test,native_brand,En dessous de quelle vitesse les radars de stationnement avant s'activent-ils sur mon Citroën ?,model,8,True,True,0.0,0.0,1.0,0.9605811104011993,0.05024816224964311,0.04998940188951136,6.0,3.0,0.8991678357124329,6.0
q92f40462d7,test,native_model,En dessous de quelle vitesse les radars de stationnement avant s'activent-ils sur mon C5 Aircross ?,none,1,True,False,1.0,1.0,0.0,0.0,1.0,1.0,1.0,1.0,1.0,7.0
q92f40462d7,test,native_full,En dessous de quelle vitesse les radars de stationnement avant s'activent-ils sur mon Citroën C5 Aircross (2023) ?,none,1,True,False,1.0,1.0,1.0,0.0,1.0,1.0,1.0,1.0,1.0,9.0
q2abff7033a,test,native_plain,Est-ce normal d'avoir de l'eau qui coule sous la voiture quand elle est arrêtée ?,vehicle,157,False,False,0.0,0.0,0.0,0.9495487112015781,0.05732434058504986,0.03849488957882598,8.0,5.0,0.8397216796875,6.0
q2abff7033a,test,native_brand,Est-ce normal d'avoir de l'eau qui coule sous ma Citroën quand elle est arrêtée ?,model,8,False,False,0.0,0.0,1.0,0.9522262248712051,0.06124801946503697,0.010528627524381586,8.0,6.0,0.7933844327926636,6.0
q2abff7033a,test,native_model,Est-ce normal d'avoir de l'eau qui coule sous ma C5 Aircross quand elle est arrêtée ?,none,1,False,False,1.0,1.0,0.0,0.0,1.0,1.0,1.0,1.0,1.0,7.0
q2abff7033a,test,native_full,Est-ce normal d'avoir de l'eau qui coule sous ma Citroën C5 Aircross (2023) quand elle est arrêtée ?,none,1,False,False,1.0,1.0,1.0,0.0,1.0,1.0,1.0,1.0,1.0,9.0
q43e685737d,test,native_plain,Comment est maintenue la roue de secours temporaire si le véhicule est équipé de jantes en alliage ?,vehicle,157,True,True,0.0,0.0,0.0,0.9454415520517734,0.06516668159788871,0.1675974028970495,7.0,3.0,0.8796062469482422,8.0
q43e685737d,test,native_brand,Comment est maintenue la roue de secours temporaire sur ma Citroën si elle est équipée de jantes en alliage ?,model,8,True,True,0.0,0.0,1.0,0.946070011371692,0.0601414356805457,0.03069834250224917,9.0,4.0,0.8782057762145996,8.0
q43e685737d,test,native_model,Comment est maintenue la roue de secours temporaire sur ma C5 Aircross si elle est équipée de jantes en alliage ?,none,1,True,False,1.0,1.0,0.0,0.0,1.0,1.0,1.0,1.0,1.0,9.0
q43e685737d,test,native_full,Comment est maintenue la roue de secours temporaire sur ma Citroën C5 Aircross (2023) si elle est équipée de jantes en alliage ?,none,1,True,False,1.0,1.0,1.0,0.0,1.0,1.0,1.0,1.0,1.0,11.0
qb19ccec4f6,test,native_plain,Quel code est-il conseillé de programmer avant de confier la voiture à un garagiste ?,vehicle,157,True,True,0.0,0.0,0.0,0.9567103879340799,0.05298774558935321,0.028875566975768662,10.0,7.0,0.8953547477722168,6.0
qb19ccec4f6,test,native_brand,Quel code est-il conseillé de programmer avant de confier ma Citroën à un garagiste ?,model,8,True,True,0.0,0.0,1.0,0.9480740003189048,0.06239840162761991,0.10213270908384882,9.0,9.0,0.8473402261734009,6.0
qb19ccec4f6,test,native_model,Quel code est-il conseillé de programmer avant de confier ma CX à un garagiste ?,none,1,True,False,1.0,1.0,0.0,0.0,1.0,1.0,1.0,1.0,1.0,6.0
qb19ccec4f6,test,native_full,Quel code est-il conseillé de programmer avant de confier ma Citroën CX (1974-1991) à un garagiste ?,none,1,True,False,1.0,1.0,1.0,0.0,1.0,1.0,1.0,1.0,1.0,9.0
qba5e6bd2a0,dev,native_plain,Où se trouve la commande d'ouverture manuelle de la trappe à carburant ?,vehicle,157,True,True,0.0,0.0,0.0,0.9525841466969852,0.06562849880000357,0.059537844521816,10.0,9.0,0.9041256904602051,6.0
qba5e6bd2a0,dev,native_brand,Où se trouve la commande d'ouverture manuelle de la trappe à carburant sur ma Citroën ?,model,8,True,True,0.0,0.0,1.0,0.9563997667428461,0.06319250695576559,0.11414929811660554,10.0,9.0,0.9176529049873352,7.0
qba5e6bd2a0,dev,native_model,Où se trouve la commande d'ouverture manuelle de la trappe à carburant sur ma CX ?,none,1,True,False,1.0,1.0,0.0,0.0,1.0,1.0,1.0,1.0,1.0,7.0
qba5e6bd2a0,dev,native_full,Où se trouve la commande d'ouverture manuelle de la trappe à carburant sur ma Citroën CX (1974-1991) ?,none,1,True,False,1.0,1.0,1.0,0.0,1.0,1.0,1.0,1.0,1.0,10.0
q71c45154a3,test,native_plain,Quel type d'ampoule est nécessaire pour remplacer les phares avant ?,vehicle,157,True,True,0.0,0.0,0.0,0.9549258377292957,0.06918410773926142,0.27236120198490343,8.0,7.0,0.8544372320175171,5.0
q71c45154a3,test,native_brand,Quel type d'ampoule est nécessaire pour remplacer les phares avant sur ma Citroën ?,model,8,True,True,0.0,0.0,1.0,0.955239889161636,0.06509185796169872,0.26845458685752277,8.0,6.0,0.8711383938789368,6.0
q71c45154a3,test,native_model,Quel type d'ampoule est nécessaire pour remplacer les phares avant sur ma CX ?,none,1,True,False,1.0,1.0,0.0,0.0,1.0,1.0,1.0,1.0,1.0,6.0
q71c45154a3,test,native_full,Quel type d'ampoule est nécessaire pour remplacer les phares avant sur ma Citroën CX (1974-1991) ?,none,1,True,False,1.0,1.0,1.0,0.0,1.0,1.0,1.0,1.0,1.0,9.0
qe025b62ba8,dev,native_plain,Quelle quantité d'huile le moteur peut-il consommer au maximum tous les 1 000 km après la période de rodage ?,vehicle,157,True,True,0.0,0.0,0.0,0.9696965107920854,0.04926679888225901,0.13923454550487727,10.0,8.0,0.8870128393173218,9.0
qe025b62ba8,dev,native_brand,Quelle quantité d'huile le moteur de ma Citroën peut-il consommer au maximum tous les 1 000 km après la période de rodage ?,model,8,True,True,0.0,0.0,1.0,0.9650402731145262,0.041054672728770225,0.021956135045075577,10.0,6.0,0.8687132000923157,10.0
qe025b62ba8,dev,native_model,Quelle quantité d'huile le moteur de ma CX peut-il consommer au maximum tous les 1 000 km après la période de rodage ?,none,1,True,False,1.0,1.0,0.0,0.0,1.0,1.0,1.0,1.0,1.0,10.0
qe025b62ba8,dev,native_full,Quelle quantité d'huile le moteur de ma Citroën CX (1974-1991) peut-il consommer au maximum tous les 1 000 km après la période de rodage ?,none,1,True,False,1.0,1.0,1.0,0.0,1.0,1.0,1.0,1.0,1.0,13.0
q811a9d6ca5,test,native_plain,Est-il possible d'intervertir les grands enjoliveurs entre les différentes roues ?,vehicle,157,True,True,0.0,0.0,0.0,0.9591980877295325,0.048661498519129785,0.0859660775404677,10.0,5.0,0.8952028155326843,6.0
q811a9d6ca5,test,native_brand,Est-il possible d'intervertir les grands enjoliveurs entre les différentes roues sur ma Citroën ?,model,8,True,True,0.0,0.0,1.0,0.9581351432751298,0.057225205361203166,0.1785409232609879,10.0,5.0,0.9069140553474426,7.0
q811a9d6ca5,test,native_model,Est-il possible d'intervertir les grands enjoliveurs entre les différentes roues sur ma CX ?,none,1,True,False,1.0,1.0,0.0,0.0,1.0,1.0,1.0,1.0,1.0,7.0
q811a9d6ca5,test,native_full,Est-il possible d'intervertir les grands enjoliveurs entre les différentes roues sur ma Citroën CX (1974-1991) ?,none,1,True,False,1.0,1.0,1.0,0.0,1.0,1.0,1.0,1.0,1.0,10.0
q84cb66dad0,test,native_plain,Comment régler la hauteur de caisse ?,vehicle,157,True,True,0.0,0.0,0.0,0.9292944629136876,0.09897005267854317,0.3934863687944384,7.0,5.0,0.834608256816864,3.0
q84cb66dad0,test,native_brand,Comment régler la hauteur de caisse sur ma Citroën ?,model,8,True,True,0.0,0.0,1.0,0.9183099850868042,0.10807486755843274,0.3598506727623678,8.0,5.0,0.8359383344650269,4.0
q84cb66dad0,test,native_model,Comment régler la hauteur de caisse sur ma CX ?,none,1,True,False,1.0,1.0,0.0,0.0,1.0,1.0,1.0,1.0,1.0,4.0
q84cb66dad0,test,native_full,Comment régler la hauteur de caisse sur ma Citroën CX (1974-1991) ?,none,1,True,False,1.0,1.0,1.0,0.0,1.0,1.0,1.0,1.0,1.0,7.0
qa26747ae6b,test,native_plain,Est-ce que les airbags se déclenchent lors d'un choc arrière ou d'un tonneau ?,vehicle,157,False,False,0.0,0.0,0.0,0.9423397784883566,0.05643230680809811,0.01886044091619592,8.0,5.0,0.9247305989265442,5.0
qa26747ae6b,test,native_brand,Est-ce que les airbags se déclenchent lors d'un choc arrière ou d'un tonneau sur ma Citroën ?,model,8,False,False,0.0,0.0,1.0,0.9264445633791466,0.06422091311378804,0.030621776159237488,8.0,5.0,0.9247305989265442,6.0
qa26747ae6b,test,native_model,Est-ce que les airbags se déclenchent lors d'un choc arrière ou d'un tonneau sur ma Saxo ?,none,1,False,False,1.0,1.0,0.0,0.0,1.0,1.0,1.0,1.0,1.0,6.0
qa26747ae6b,test,native_full,Est-ce que les airbags se déclenchent lors d'un choc arrière ou d'un tonneau sur ma Citroën Saxo (1996-2003) ?,none,1,False,False,1.0,1.0,1.0,0.0,1.0,1.0,1.0,1.0,1.0,9.0
q3c79d130fd,test,native_plain,Que se passe-t-il si la durée limite entre deux vidanges est dépassée avant d'avoir atteint le nombre de kilomètres ?,vehicle,157,True,True,0.0,0.0,0.0,0.9284648058424779,0.07337794755822599,0.10762497979008478,9.0,7.0,0.9022916555404663,10.0
q3c79d130fd,test,native_brand,Que se passe-t-il sur ma Citroën si la durée limite entre deux vidanges est dépassée avant d'avoir atteint le nombre de kilomètres ?,model,8,True,True,0.0,0.0,1.0,0.9035543312121043,0.09504148215155248,0.255485229942412,8.0,6.0,0.8568406105041504,11.0
q3c79d130fd,test,native_model,Que se passe-t-il sur ma Saxo si la durée limite entre deux vidanges est dépassée avant d'avoir atteint le nombre de kilomètres ?,none,1,True,False,1.0,1.0,0.0,0.0,1.0,1.0,1.0,1.0,1.0,11.0
q3c79d130fd,test,native_full,Que se passe-t-il sur ma Citroën Saxo (1996-2003) si la durée limite entre deux vidanges est dépassée avant d'avoir atteint le nombre de kilomètres ?,none,1,True,False,1.0,1.0,1.0,0.0,1.0,1.0,1.0,1.0,1.0,14.0
q3c0507100d,test,native_plain,Quelle vitesse est-il conseillé d'utiliser en descente en hiver pour bénéficier du frein moteur ?,vehicle,157,False,False,0.0,0.0,0.0,0.9330180435114834,0.07048610908035889,0.21954835599779932,8.0,5.0,0.8737516403198242,8.0
q3c0507100d,test,native_brand,Quelle vitesse est-il conseillé d'utiliser sur ma Citroën en descente en hiver pour bénéficier du frein moteur ?,model,8,False,False,0.0,0.0,1.0,0.9387223800989344,0.06154527395488025,0.09702203059776422,8.0,3.0,0.8248438835144043,9.0
q3c0507100d,test,native_model,Quelle vitesse est-il conseillé d'utiliser sur ma Saxo en descente en hiver pour bénéficier du frein moteur ?,none,1,False,False,1.0,1.0,0.0,0.0,1.0,1.0,1.0,1.0,1.0,9.0
q3c0507100d,test,native_full,Quelle vitesse est-il conseillé d'utiliser sur ma Citroën Saxo (1996-2003) en descente en hiver pour bénéficier du frein moteur ?,none,1,False,False,1.0,1.0,1.0,0.0,1.0,1.0,1.0,1.0,1.0,12.0
q9f11dc1351,test,native_plain,Quel équipement risque d'être abîmé si on pose des objets durs sur la tablette arrière ?,vehicle,157,False,False,0.0,0.0,0.0,0.9596088593899113,0.04602635548470824,0.030719565159213227,10.0,4.0,0.8978095054626465,8.0
q9f11dc1351,test,native_brand,Quel équipement risque d'être abîmé si on pose des objets durs sur la tablette arrière de ma Citroën ?,model,8,False,False,0.0,0.0,1.0,0.9609671975996794,0.046462194917472326,0.03793817002394777,9.0,2.0,0.9390093684196472,9.0
q9f11dc1351,test,native_model,Quel équipement risque d'être abîmé si on pose des objets durs sur la tablette arrière de ma Saxo ?,none,1,False,False,1.0,1.0,0.0,0.0,1.0,1.0,1.0,1.0,1.0,9.0
q9f11dc1351,test,native_full,Quel équipement risque d'être abîmé si on pose des objets durs sur la tablette arrière de ma Citroën Saxo (1996-2003) ?,none,1,False,False,1.0,1.0,1.0,0.0,1.0,1.0,1.0,1.0,1.0,12.0
q3783e617ff,test,native_plain,Combien de temps faut-il attendre avant d'ouvrir le réservoir de liquide de refroidissement si le moteur est chaud ?,vehicle,157,False,False,0.0,0.0,0.0,0.9397144908381749,0.068071994233441,0.06470656683772459,7.0,3.0,0.919320285320282,9.0
q3783e617ff,test,native_brand,Combien de temps faut-il attendre avant d'ouvrir le réservoir de liquide de refroidissement sur ma Citroën si le moteur est chaud ?,model,8,False,False,0.0,0.0,1.0,0.9418050251904457,0.06041204823670064,0.0389501871299449,10.0,3.0,0.8894792795181274,10.0
q3783e617ff,test,native_model,Combien de temps faut-il attendre avant d'ouvrir le réservoir de liquide de refroidissement sur ma Saxo si le moteur est chaud ?,none,1,False,False,1.0,1.0,0.0,0.0,1.0,1.0,1.0,1.0,1.0,10.0
q3783e617ff,test,native_full,Combien de temps faut-il attendre avant d'ouvrir le réservoir de liquide de refroidissement sur ma Citroën Saxo (1996-2003) si le moteur est chaud ?,none,1,False,False,1.0,1.0,1.0,0.0,1.0,1.0,1.0,1.0,1.0,13.0
qdaf3e4b869,dev,native_plain,Quel est le risque si l'on installe un siège bébé dos à la route sur le siège passager avant sans désactiver l'airbag ?,vehicle,157,False,False,0.0,0.0,0.0,0.9557975353712517,0.05216830028941918,0.012936466436007748,10.0,6.0,0.9472993612289429,10.0
qdaf3e4b869,dev,native_brand,Quel est le risque si l'on installe un siège bébé dos à la route sur le siège passager avant de ma Citroën sans désactiver l'airbag ?,model,8,False,False,0.0,0.0,1.0,0.9422413102258018,0.07697706785464643,0.2873202540837498,10.0,5.0,0.9472994804382324,11.0
qdaf3e4b869,dev,native_model,Quel est le risque si l'on installe un siège bébé dos à la route sur le siège passager avant de ma Saxo sans désactiver l'airbag ?,none,1,False,False,1.0,1.0,0.0,0.0,1.0,1.0,1.0,1.0,1.0,11.0
qdaf3e4b869,dev,native_full,Quel est le risque si l'on installe un siège bébé dos à la route sur le siège passager avant de ma Citroën Saxo (1996-2003) sans désactiver l'airbag ?,none,1,False,False,1.0,1.0,1.0,0.0,1.0,1.0,1.0,1.0,1.0,14.0
qc35f89d019,dev,native_plain,Quelle est la taille maximale d'un trou sur la bande de roulement que le kit de gonflage peut réparer ?,vehicle,157,True,True,0.0,0.0,0.0,0.9460503252703274,0.06033189206686393,0.19171179043219783,10.0,3.0,0.9615544080734253,8.0
qc35f89d019,dev,native_brand,Quelle est la taille maximale d'un trou sur la bande de roulement que le kit de gonflage de ma Renault peut réparer ?,model,20,True,True,0.0,0.0,1.0,0.9310906705265307,0.06732099756756167,0.03834138763278382,9.0,2.0,0.9470653533935547,9.0
qc35f89d019,dev,native_model,Quelle est la taille maximale d'un trou sur la bande de roulement que le kit de gonflage de ma Clio 4 peut réparer ?,none,1,True,False,1.0,1.0,0.0,0.0,1.0,1.0,1.0,1.0,1.0,9.0
qc35f89d019,dev,native_full,Quelle est la taille maximale d'un trou sur la bande de roulement que le kit de gonflage de ma Renault Clio 4 (2012-2019) peut réparer ?,none,1,True,False,1.0,1.0,1.0,0.0,1.0,1.0,1.0,1.0,1.0,12.0
qf0c5fece77,dev,native_plain,Quelle est la vitesse maximale à ne pas dépasser lors de l'aide au parking automatique ?,vehicle,157,True,True,0.0,0.0,0.0,0.9516021727469084,0.06386979405815749,0.08001234036585289,9.0,5.0,0.8249709010124207,6.0
qf0c5fece77,dev,native_brand,Quelle est la vitesse maximale à ne pas dépasser lors de l'aide au parking automatique sur ma Renault ?,model,20,True,True,0.0,0.0,1.0,0.9528480336826163,0.054476461148380534,0.08990492088742935,7.0,4.0,0.8576766848564148,7.0
qf0c5fece77,dev,native_model,Quelle est la vitesse maximale à ne pas dépasser lors de l'aide au parking automatique sur ma Clio 4 ?,none,1,True,False,1.0,1.0,0.0,0.0,1.0,1.0,1.0,1.0,1.0,7.0
qf0c5fece77,dev,native_full,Quelle est la vitesse maximale à ne pas dépasser lors de l'aide au parking automatique sur ma Renault Clio 4 (2012-2019) ?,none,1,True,False,1.0,1.0,1.0,0.0,1.0,1.0,1.0,1.0,1.0,10.0
qa31d54bf6e,test,native_plain,Est-il possible d'installer un siège auto avec jambe de force sur la place centrale arrière ?,vehicle,157,True,True,0.0,0.0,0.0,0.9096515704361693,0.07768922302792418,0.034686525500837194,9.0,2.0,0.9499101638793945,9.0
qa31d54bf6e,test,native_brand,Est-il possible d'installer un siège auto avec jambe de force sur la place centrale arrière de ma Renault ?,model,20,True,True,0.0,0.0,1.0,0.89516006413635,0.13222188980384622,0.4409264025849396,9.0,2.0,0.9169862866401672,10.0
qa31d54bf6e,test,native_model,Est-il possible d'installer un siège auto avec jambe de force sur la place centrale arrière de ma Clio 4 ?,none,1,True,False,1.0,1.0,0.0,0.0,1.0,1.0,1.0,1.0,1.0,10.0
qa31d54bf6e,test,native_full,Est-il possible d'installer un siège auto avec jambe de force sur la place centrale arrière de ma Renault Clio 4 (2012-2019) ?,none,1,True,False,1.0,1.0,1.0,0.0,1.0,1.0,1.0,1.0,1.0,13.0
q3c3cf104e3,test,native_plain,Quelle quantité minimale de gazole faut-il ajouter dans le réservoir après une panne sèche ?,vehicle,157,True,True,0.0,0.0,0.0,0.9081387668981512,0.11011649909469418,0.0893591767802856,9.0,5.0,0.8814061880111694,7.0
q3c3cf104e3,test,native_brand,Quelle quantité minimale de gazole faut-il ajouter dans le réservoir après une panne sèche sur ma Renault ?,model,20,True,True,0.0,0.0,1.0,0.9331774754001312,0.09125273431651322,0.09643360750213681,9.0,6.0,0.8493816256523132,8.0
q3c3cf104e3,test,native_model,Quelle quantité minimale de gazole faut-il ajouter dans le réservoir après une panne sèche sur ma Clio 4 ?,none,1,True,False,1.0,1.0,0.0,0.0,1.0,1.0,1.0,1.0,1.0,8.0
q3c3cf104e3,test,native_full,Quelle quantité minimale de gazole faut-il ajouter dans le réservoir après une panne sèche sur ma Renault Clio 4 (2012-2019) ?,none,1,True,False,1.0,1.0,1.0,0.0,1.0,1.0,1.0,1.0,1.0,11.0
qee160d5731,dev,native_plain,À quelle vitesse le signal sonore de ceinture non bouclée commence-t-il à retentir ?,vehicle,157,True,True,0.0,0.0,0.0,0.957736719698793,0.0702484686582712,0.10256812583949293,9.0,5.0,0.9205600619316101,8.0
qee160d5731,dev,native_brand,À quelle vitesse le signal sonore de ceinture non bouclée commence-t-il à retentir sur ma Renault ?,model,20,True,True,0.0,0.0,1.0,0.9548140916497061,0.07175387442045496,0.034225388932680914,9.0,4.0,0.9117799997329712,9.0
qee160d5731,dev,native_model,À quelle vitesse le signal sonore de ceinture non bouclée commence-t-il à retentir sur ma Clio 4 ?,none,1,True,False,1.0,1.0,0.0,0.0,1.0,1.0,1.0,1.0,1.0,9.0
qee160d5731,dev,native_full,À quelle vitesse le signal sonore de ceinture non bouclée commence-t-il à retentir sur ma Renault Clio 4 (2012-2019) ?,none,1,True,False,1.0,1.0,1.0,0.0,1.0,1.0,1.0,1.0,1.0,12.0
q5d7b98e004,test,native_plain,Quels sont les risques si on utilise le recyclage d'air de manière prolongée ?,vehicle,157,False,False,0.0,0.0,0.0,0.9533158858369343,0.06265853959289379,0.33574536289432405,10.0,8.0,0.902880072593689,6.0
q5d7b98e004,test,native_brand,Quels sont les risques si on utilise le recyclage d'air de manière prolongée sur une Renault ?,model,20,False,False,0.0,0.0,1.0,0.9423714065543668,0.07417350357531056,0.20883925431285305,8.0,3.0,0.8990333676338196,7.0
q5d7b98e004,test,native_model,Quels sont les risques si on utilise le recyclage d'air de manière prolongée sur une Clio 4 ?,none,1,False,False,1.0,1.0,0.0,0.0,1.0,1.0,1.0,1.0,1.0,7.0
q5d7b98e004,test,native_full,Quels sont les risques si on utilise le recyclage d'air de manière prolongée sur une Renault Clio 4 (2012-2019) ?,none,1,False,False,1.0,1.0,1.0,0.0,1.0,1.0,1.0,1.0,1.0,10.0
q11b5c86999,test,native_plain,Quelle est l'intensité maximale du courant pour la recharge en courant alternatif ?,vehicle,157,True,True,0.0,0.0,0.0,0.9241840905052569,0.10157829344615377,0.3177987192507132,7.0,5.0,0.8990963697433472,6.0
q11b5c86999,test,native_brand,Quelle est l'intensité maximale du courant pour la recharge en courant alternatif sur ma Cupra ?,none,1,True,False,0.0,0.0,1.0,0.913338410783761,0.12874009310993756,0.36937752637855026,6.0,6.0,0.8604138493537903,7.0
q11b5c86999,test,native_model,Quelle est l'intensité maximale du courant pour la recharge en courant alternatif sur ma Formentor ?,none,1,True,False,1.0,1.0,0.0,0.0,1.0,1.0,1.0,1.0,1.0,7.0
q11b5c86999,test,native_full,Quelle est l'intensité maximale du courant pour la recharge en courant alternatif sur ma Cupra Formentor (2021) ?,none,1,True,False,1.0,1.0,1.0,0.0,1.0,1.0,1.0,1.0,1.0,9.0
q41697fdb1d,test,native_plain,Où faut-il poser la clé dans l'habitacle si elle n'est pas reconnue pour démarrer ?,vehicle,157,True,True,0.0,0.0,0.0,0.9340484831960781,0.08834667144803897,0.15130537211741255,9.0,5.0,0.858564019203186,5.0
q41697fdb1d,test,native_brand,Où faut-il poser la clé dans l'habitacle de ma Cupra si elle n'est pas reconnue pour démarrer ?,none,1,True,False,0.0,0.0,1.0,0.8954683855421265,0.16542057858812603,0.5921340710793574,5.0,3.0,0.8957706689834595,6.0
q41697fdb1d,test,native_model,Où faut-il poser la clé dans l'habitacle de ma Formentor si elle n'est pas reconnue pour démarrer ?,none,1,True,False,1.0,1.0,0.0,0.0,1.0,1.0,1.0,1.0,1.0,6.0
q41697fdb1d,test,native_full,Où faut-il poser la clé dans l'habitacle de ma Cupra Formentor (2021) si elle n'est pas reconnue pour démarrer ?,none,1,True,False,1.0,1.0,1.0,0.0,1.0,1.0,1.0,1.0,1.0,8.0
q8b6cc2ae7c,test,native_plain,Comment peut-on régler la date et l'heure dans la voiture ?,vehicle,157,True,True,0.0,0.0,0.0,0.9443038942257577,0.06166453856362729,0.07025435227780005,10.0,4.0,0.9215008020401001,4.0
q8b6cc2ae7c,test,native_brand,Comment peut-on régler la date et l'heure dans ma Cupra ?,none,1,True,False,0.0,0.0,1.0,0.9401649139127585,0.07673332261303878,0.1902747715609956,7.0,3.0,0.9322532415390015,4.0
q8b6cc2ae7c,test,native_model,Comment peut-on régler la date et l'heure dans ma Formentor ?,none,1,True,False,1.0,1.0,0.0,0.0,1.0,1.0,1.0,1.0,1.0,4.0
q8b6cc2ae7c,test,native_full,Comment peut-on régler la date et l'heure dans ma Cupra Formentor (2021) ?,none,1,True,False,1.0,1.0,1.0,0.0,1.0,1.0,1.0,1.0,1.0,6.0
q13b3b0b32d,test,native_plain,Où doit-on se rendre pour désactiver l'airbag passager si la voiture n'a pas d'interrupteur à clé ?,vehicle,157,True,True,0.0,0.0,0.0,0.94550408556582,0.05822850847522356,0.009621815792309507,9.0,5.0,0.9201609492301941,7.0
q13b3b0b32d,test,native_brand,Où doit-on se rendre pour désactiver l'airbag passager si ma Cupra n'a pas d'interrupteur à clé ?,none,1,True,False,0.0,0.0,1.0,0.9436513392824013,0.06589498000708308,0.08542690930510485,10.0,7.0,0.9201610684394836,7.0
q13b3b0b32d,test,native_model,Où doit-on se rendre pour désactiver l'airbag passager si ma Formentor n'a pas d'interrupteur à clé ?,none,1,True,False,1.0,1.0,0.0,0.0,1.0,1.0,1.0,1.0,1.0,7.0
q13b3b0b32d,test,native_full,Où doit-on se rendre pour désactiver l'airbag passager si ma Cupra Formentor (2021) n'a pas d'interrupteur à clé ?,none,1,True,False,1.0,1.0,1.0,0.0,1.0,1.0,1.0,1.0,1.0,9.0
q0f8fe8d7aa,test,native_plain,Où peut-on ranger la plage arrière du coffre lorsqu'on la retire ?,vehicle,157,True,True,0.0,0.0,0.0,0.8973857491076148,0.11987138013759348,0.27323152386481586,7.0,4.0,0.9127295613288879,6.0
q0f8fe8d7aa,test,native_brand,Où peut-on ranger la plage arrière du coffre lorsqu'on la retire sur ma Cupra ?,none,1,True,False,0.0,0.0,1.0,0.8968701671588711,0.12035462317674908,0.2130140090863479,7.0,4.0,0.8984248042106628,7.0
q0f8fe8d7aa,test,native_model,Où peut-on ranger la plage arrière du coffre lorsqu'on la retire sur ma Formentor ?,none,1,True,False,1.0,1.0,0.0,0.0,1.0,1.0,1.0,1.0,1.0,7.0
q0f8fe8d7aa,test,native_full,Où peut-on ranger la plage arrière du coffre lorsqu'on la retire sur ma Cupra Formentor (2021) ?,none,1,True,False,1.0,1.0,1.0,0.0,1.0,1.0,1.0,1.0,1.0,9.0
qbe9ec1334b,dev,native_plain,Quel type d'essence est recommandé pour le moteur hybride rechargeable 1.5 TSI ?,vehicle,157,True,True,0.0,0.0,0.0,0.9604608892673943,0.04939010781908701,0.042530387136820745,9.0,7.0,0.8112059831619263,7.0
qbe9ec1334b,dev,native_brand,Quel type d'essence est recommandé pour le moteur hybride rechargeable 1.5 TSI de ma Cupra ?,none,1,True,False,0.0,0.0,1.0,0.9353994709918089,0.07648231985225612,0.16026792998511127,7.0,4.0,0.8335832357406616,8.0
qbe9ec1334b,dev,native_model,Quel type d'essence est recommandé pour le moteur hybride rechargeable 1.5 TSI de ma Formentor ?,none,1,True,False,1.0,1.0,0.0,0.0,1.0,1.0,1.0,1.0,1.0,8.0
qbe9ec1334b,dev,native_full,Quel type d'essence est recommandé pour le moteur hybride rechargeable 1.5 TSI de ma Cupra Formentor (2021) ?,none,1,True,False,1.0,1.0,1.0,0.0,1.0,1.0,1.0,1.0,1.0,10.0
q7eb7834629,test,native_plain,What is the maximum pressure allowed when washing the car with a pressure washer?,vehicle,157,True,True,0.0,0.0,0.0,0.9530990274300029,0.0807510017730124,0.4627538596518874,9.0,6.0,0.868273913860321,6.0
q7eb7834629,test,native_brand,What is the maximum pressure allowed when washing my Dacia with a pressure washer?,model,5,True,True,0.0,0.0,1.0,0.9467017005943941,0.06684011350219289,0.027745668125328176,10.0,7.0,0.868273913860321,7.0
q7eb7834629,test,native_model,What is the maximum pressure allowed when washing my Duster with a pressure washer?,none,1,True,False,1.0,1.0,0.0,0.0,1.0,1.0,1.0,1.0,1.0,7.0
q7eb7834629,test,native_full,What is the maximum pressure allowed when washing my Dacia Duster (2024) with a pressure washer?,none,1,True,False,1.0,1.0,1.0,0.0,1.0,1.0,1.0,1.0,1.0,9.0
q1c93833e47,test,native_plain,Where is the 12V battery located?,vehicle,157,True,True,0.0,0.0,0.0,0.9318253666407682,0.08346209970179054,0.06872373903596472,10.0,7.0,0.8927310705184937,3.0
q1c93833e47,test,native_brand,Where is the 12V battery located in my Dacia?,model,5,True,True,0.0,0.0,1.0,0.9359537686917426,0.07691550845903909,0.08009159684883041,10.0,6.0,0.8957245945930481,4.0
q1c93833e47,test,native_model,Where is the 12V battery located in my Duster?,none,1,True,False,1.0,1.0,0.0,0.0,1.0,1.0,1.0,1.0,1.0,4.0
q1c93833e47,test,native_full,Where is the 12V battery located in my Dacia Duster (2024)?,none,1,True,False,1.0,1.0,1.0,0.0,1.0,1.0,1.0,1.0,1.0,6.0
qb400e1f8fc,dev,native_plain,How do I replace the right front fog light bulb?,vehicle,157,True,True,0.0,0.0,0.0,0.8770929498876364,0.15376993996472232,0.15774240141386373,5.0,5.0,0.837192177772522,6.0
qb400e1f8fc,dev,native_brand,How do I replace the right front fog light bulb on my Dacia?,model,5,True,True,0.0,0.0,1.0,0.9195201955981896,0.10800542555020017,0.08937102941468457,8.0,6.0,0.8558018803596497,7.0
qb400e1f8fc,dev,native_model,How do I replace the right front fog light bulb on my Duster?,none,1,True,False,1.0,1.0,0.0,0.0,1.0,1.0,1.0,1.0,1.0,7.0
qb400e1f8fc,dev,native_full,How do I replace the right front fog light bulb on my Dacia Duster (2024)?,none,1,True,False,1.0,1.0,1.0,0.0,1.0,1.0,1.0,1.0,1.0,9.0
q1ebfdff5f4,test,native_plain,"When backing down a steep hill, are obstacles closer or further away than they appear on the backup camera screen?",vehicle,157,False,False,0.0,0.0,0.0,0.9332729928407357,0.07826525040535252,0.008011227005087823,7.0,3.0,0.9140145182609558,10.0
q1ebfdff5f4,test,native_brand,"When backing down a steep hill in my Dacia, are obstacles closer or further away than they appear on the backup camera screen?",model,5,False,False,0.0,0.0,1.0,0.9349780368050877,0.08708508203525027,0.30361419412643187,6.0,4.0,0.8548111915588379,11.0
q1ebfdff5f4,test,native_model,"When backing down a steep hill in my Duster, are obstacles closer or further away than they appear on the backup camera screen?",none,1,False,False,1.0,1.0,0.0,0.0,1.0,1.0,1.0,1.0,1.0,11.0
q1ebfdff5f4,test,native_full,"When backing down a steep hill in my Dacia Duster (2024), are obstacles closer or further away than they appear on the backup camera screen?",none,1,False,False,1.0,1.0,1.0,0.0,1.0,1.0,1.0,1.0,1.0,13.0
qc284426cf9,dev,native_plain,What are the different sensitivity settings available for the active braking alert?,vehicle,157,True,True,0.0,0.0,0.0,0.8480163084738275,0.23450373362220736,0.5966660853371234,8.0,6.0,0.8643034100532532,7.0
qc284426cf9,dev,native_brand,What are the different sensitivity settings available for the active braking alert on my Dacia?,model,5,True,True,0.0,0.0,1.0,0.9035260500454001,0.14623129841651988,0.3642305753434069,9.0,7.0,0.8499568104743958,8.0
qc284426cf9,dev,native_model,What are the different sensitivity settings available for the active braking alert on my Duster?,none,1,True,False,1.0,1.0,0.0,0.0,1.0,1.0,1.0,1.0,1.0,8.0
qc284426cf9,dev,native_full,What are the different sensitivity settings available for the active braking alert on my Dacia Duster (2024)?,none,1,True,False,1.0,1.0,1.0,0.0,1.0,1.0,1.0,1.0,1.0,10.0
q92c595e516,test,native_plain,In what situations is it helpful to turn off the traction or stability control?,vehicle,157,False,False,0.0,0.0,0.0,0.8823673643815855,0.11444902155292826,0.20507351849533093,5.0,5.0,0.8037286996841431,6.0
q92c595e516,test,native_brand,In what situations is it helpful to turn off the traction or stability control on my Dacia?,model,5,False,False,0.0,0.0,1.0,0.9329418277456442,0.06764102475892053,0.00601834197767069,10.0,8.0,0.7802637219429016,7.0
q92c595e516,test,native_model,In what situations is it helpful to turn off the traction or stability control on my Duster?,none,1,False,False,1.0,1.0,0.0,0.0,1.0,1.0,1.0,1.0,1.0,7.0
q92c595e516,test,native_full,In what situations is it helpful to turn off the traction or stability control on my Dacia Duster (2024)?,none,1,False,False,1.0,1.0,1.0,0.0,1.0,1.0,1.0,1.0,1.0,9.0
q71f7ddabfe,test,native_plain,"Que signifie l'allumage du voyant de batterie en roulant, accompagné d'un signal sonore et du témoin rouge ?",vehicle,157,False,False,0.0,0.0,0.0,0.9473435147841319,0.0657127758240064,0.1507487918703651,10.0,7.0,0.9128482937812805,10.0
q71f7ddabfe,test,native_brand,"Que signifie l'allumage du voyant de batterie en roulant sur ma Dacia, accompagné d'un signal sonore et du témoin rouge ?",model,5,False,False,0.0,0.0,1.0,0.9459336825669908,0.08196063803510124,0.2826579100473106,9.0,6.0,0.864517331123352,11.0
q71f7ddabfe,test,native_model,"Que signifie l'allumage du voyant de batterie en roulant sur ma Jogger, accompagné d'un signal sonore et du témoin rouge ?",none,1,False,False,1.0,1.0,0.0,0.0,1.0,1.0,1.0,1.0,1.0,11.0
q71f7ddabfe,test,native_full,"Que signifie l'allumage du voyant de batterie en roulant sur ma Dacia Jogger (2023), accompagné d'un signal sonore et du témoin rouge ?",none,1,False,False,1.0,1.0,1.0,0.0,1.0,1.0,1.0,1.0,1.0,13.0
q4a3442c2de,test,native_plain,Que faire si la carte ne fonctionne plus pour verrouiller ou déverrouiller les portières ?,vehicle,157,True,True,0.0,0.0,0.0,0.9756463594142797,0.06616297030665018,0.21490641001230715,8.0,3.0,0.9541147351264954,5.0
q4a3442c2de,test,native_brand,Que faire si la carte de ma Dacia ne fonctionne plus pour verrouiller ou déverrouiller les portières ?,model,5,True,True,0.0,0.0,1.0,0.9737466884908157,0.06063540020354269,0.13852712913731932,8.0,3.0,0.9307110905647278,6.0
q4a3442c2de,test,native_model,Que faire si la carte de ma Jogger ne fonctionne plus pour verrouiller ou déverrouiller les portières ?,none,1,True,False,1.0,1.0,0.0,0.0,1.0,1.0,1.0,1.0,1.0,6.0
q4a3442c2de,test,native_full,Que faire si la carte de ma Dacia Jogger (2023) ne fonctionne plus pour verrouiller ou déverrouiller les portières ?,none,1,True,False,1.0,1.0,1.0,0.0,1.0,1.0,1.0,1.0,1.0,8.0
qb3af0c3f68,dev,native_plain,Pourquoi un signal sonore retentit-il quand j'ouvre la portière conducteur après avoir coupé le moteur ?,vehicle,157,False,False,0.0,0.0,0.0,0.9353575988629294,0.07222857596106844,0.06458561525354012,10.0,8.0,0.8841155171394348,10.0
qb3af0c3f68,dev,native_brand,Pourquoi un signal sonore retentit-il quand j'ouvre la portière conducteur de ma Dacia après avoir coupé le moteur ?,model,5,False,False,0.0,0.0,1.0,0.942759583246681,0.07257045197608028,0.2706363567774243,10.0,8.0,0.8727383613586426,11.0
qb3af0c3f68,dev,native_model,Pourquoi un signal sonore retentit-il quand j'ouvre la portière conducteur de ma Jogger après avoir coupé le moteur ?,none,1,False,False,1.0,1.0,0.0,0.0,1.0,1.0,1.0,1.0,1.0,11.0
qb3af0c3f68,dev,native_full,Pourquoi un signal sonore retentit-il quand j'ouvre la portière conducteur de ma Dacia Jogger (2023) après avoir coupé le moteur ?,none,1,False,False,1.0,1.0,1.0,0.0,1.0,1.0,1.0,1.0,1.0,13.0
qca39b05363,dev,native_plain,Comment démonter le plafonnier arrière pour remplacer l'ampoule ?,vehicle,157,True,True,0.0,0.0,0.0,0.858442139235959,0.12816416765626376,0.07951438756407436,7.0,2.0,0.9118134379386902,5.0
qca39b05363,dev,native_brand,Comment démonter le plafonnier arrière pour remplacer l'ampoule sur une Dacia ?,model,5,True,True,0.0,0.0,1.0,0.8640653495541052,0.13129311864412888,0.17014451166113498,7.0,2.0,0.8982260823249817,6.0
qca39b05363,dev,native_model,Comment démonter le plafonnier arrière pour remplacer l'ampoule sur une Jogger ?,none,1,True,False,1.0,1.0,0.0,0.0,1.0,1.0,1.0,1.0,1.0,6.0
qca39b05363,dev,native_full,Comment démonter le plafonnier arrière pour remplacer l'ampoule sur une Dacia Jogger (2023) ?,none,1,True,False,1.0,1.0,1.0,0.0,1.0,1.0,1.0,1.0,1.0,8.0
q389d43d9bc,test,native_plain,Comment le système de surveillance de la pression des pneus détecte-t-il un dégonflage ?,vehicle,157,True,True,0.0,0.0,0.0,0.9294448014249284,0.0739152422233924,0.09276972899783477,8.0,4.0,0.9432777166366577,6.0
q389d43d9bc,test,native_brand,Comment le système de surveillance de la pression des pneus de ma Dacia détecte-t-il un dégonflage ?,model,5,True,True,0.0,0.0,1.0,0.9326189813708887,0.07414954325371051,0.1347246787401019,7.0,4.0,0.9644917249679565,7.0
q389d43d9bc,test,native_model,Comment le système de surveillance de la pression des pneus de ma Jogger détecte-t-il un dégonflage ?,none,1,True,False,1.0,1.0,0.0,0.0,1.0,1.0,1.0,1.0,1.0,7.0
q389d43d9bc,test,native_full,Comment le système de surveillance de la pression des pneus de ma Dacia Jogger (2023) détecte-t-il un dégonflage ?,none,1,True,False,1.0,1.0,1.0,0.0,1.0,1.0,1.0,1.0,1.0,9.0
qf697900b17,dev,native_plain,Peut-on sélectionner deux directions de ventilation en même temps ?,vehicle,157,False,False,0.0,0.0,0.0,0.9543903302868114,0.058396349005720584,0.03516543564865609,10.0,4.0,0.8744710683822632,5.0
qf697900b17,dev,native_brand,Peut-on sélectionner deux directions de ventilation en même temps sur mon Dacia ?,model,5,False,False,0.0,0.0,1.0,0.9224975360454628,0.10451488817992133,0.31771879137511233,9.0,5.0,0.9269634485244751,6.0
qf697900b17,dev,native_model,Peut-on sélectionner deux directions de ventilation en même temps sur mon Jogger ?,none,1,False,False,1.0,1.0,0.0,0.0,1.0,1.0,1.0,1.0,1.0,6.0
qf697900b17,dev,native_full,Peut-on sélectionner deux directions de ventilation en même temps sur mon Dacia Jogger (2023) ?,none,1,False,False,1.0,1.0,1.0,0.0,1.0,1.0,1.0,1.0,1.0,8.0
qe04c0ba900,dev,native_plain,Comment peut-on accéder au centre de notifications sur l'écran ?,vehicle,157,True,True,0.0,0.0,0.0,0.8863359369938494,0.14055460832996874,0.4475948903788986,5.0,3.0,0.8677778244018555,4.0
qe04c0ba900,dev,native_brand,Comment peut-on accéder au centre de notifications sur l'écran de ma Dacia ?,model,5,True,True,0.0,0.0,1.0,0.7823264316042599,0.34240590227208606,0.80980942680716,3.0,2.0,0.8197931051254272,5.0
qe04c0ba900,dev,native_model,Comment peut-on accéder au centre de notifications sur l'écran de ma Dacia Media Nav Live Guide ?,none,1,True,False,1.0,1.0,1.0,0.0,1.0,1.0,1.0,1.0,1.0,9.0
qe04c0ba900,dev,native_full,Comment peut-on accéder au centre de notifications sur l'écran de ma Dacia Media Nav Live Guide ?,none,1,True,False,1.0,1.0,1.0,0.0,1.0,1.0,1.0,1.0,1.0,9.0
q6b0cfa31d0,test,native_plain,Quelles sont les conditions requises pour que la recharge commence ?,vehicle,157,False,False,0.0,0.0,0.0,0.87567357944753,0.114437329962577,0.002080278120905745,8.0,5.0,0.8654891848564148,4.0
q6b0cfa31d0,test,native_brand,Quelles sont les conditions requises pour que la recharge commence sur mon Dacia ?,model,5,False,False,0.0,0.0,1.0,0.9017146360526729,0.11730787498071059,0.06800689362973433,7.0,4.0,0.8487998843193054,5.0
q6b0cfa31d0,test,native_model,Quelles sont les conditions requises pour que la recharge commence sur mon Dacia Media Nav Live Guide ?,none,1,False,False,1.0,1.0,1.0,0.0,1.0,1.0,1.0,1.0,1.0,9.0
q6b0cfa31d0,test,native_full,Quelles sont les conditions requises pour que la recharge commence sur mon Dacia Media Nav Live Guide ?,none,1,False,False,1.0,1.0,1.0,0.0,1.0,1.0,1.0,1.0,1.0,9.0
qcd55fd94ec,dev,native_plain,Comment personnaliser les widgets de l'écran ?,vehicle,157,True,True,0.0,0.0,0.0,0.9384679496849514,0.08918289453536114,0.2178234023482116,8.0,7.0,0.8924514055252075,3.0
qcd55fd94ec,dev,native_brand,Comment personnaliser les widgets de l'écran sur ma Dacia ?,model,5,True,True,0.0,0.0,1.0,0.8890090387072876,0.18359931163944443,0.5648808045805277,6.0,5.0,0.9129505157470703,4.0
qcd55fd94ec,dev,native_model,Comment personnaliser les widgets de l'écran sur ma Dacia Media Nav Live Guide ?,none,1,True,False,1.0,1.0,1.0,0.0,1.0,1.0,1.0,1.0,1.0,8.0
qcd55fd94ec,dev,native_full,Comment personnaliser les widgets de l'écran sur ma Dacia Media Nav Live Guide ?,none,1,True,False,1.0,1.0,1.0,0.0,1.0,1.0,1.0,1.0,1.0,8.0
qcf324a27e1,dev,native_plain,Quelles applications puis-je désinstaller du système ?,vehicle,157,True,True,0.0,0.0,0.0,0.9179491717559848,0.08212962250832237,0.33814908423883394,7.0,2.0,0.8985399007797241,4.0
qcf324a27e1,dev,native_brand,Quelles applications puis-je désinstaller du système de ma Dacia ?,model,5,True,True,0.0,0.0,1.0,0.8271401639541663,0.26976733901148975,0.8144045600761839,3.0,2.0,0.8708032369613647,5.0
qcf324a27e1,dev,native_model,Quelles applications puis-je désinstaller du système de ma Dacia Media Nav Live Guide ?,none,1,True,False,1.0,1.0,1.0,0.0,1.0,1.0,1.0,1.0,1.0,9.0
qcf324a27e1,dev,native_full,Quelles applications puis-je désinstaller du système de ma Dacia Media Nav Live Guide ?,none,1,True,False,1.0,1.0,1.0,0.0,1.0,1.0,1.0,1.0,1.0,9.0
qe8754027c8,dev,native_plain,Que signifie le voyant vert allumé en continu sur le chargeur de téléphone par induction ?,vehicle,157,True,True,0.0,0.0,0.0,0.9365184540194569,0.060071880310185614,0.006967786623043338,10.0,7.0,0.9384153485298157,8.0
qe8754027c8,dev,native_brand,Que signifie le voyant vert allumé en continu sur le chargeur de téléphone par induction de mon Dacia ?,model,5,True,True,0.0,0.0,1.0,0.9289743728240651,0.06453945234950728,0.026127597673225842,10.0,7.0,0.9255918264389038,9.0
qe8754027c8,dev,native_model,Que signifie le voyant vert allumé en continu sur le chargeur de téléphone par induction de mon Dacia Media Nav Live Guide ?,none,1,True,False,1.0,1.0,1.0,0.0,1.0,1.0,1.0,1.0,1.0,13.0
qe8754027c8,dev,native_full,Que signifie le voyant vert allumé en continu sur le chargeur de téléphone par induction de mon Dacia Media Nav Live Guide ?,none,1,True,False,1.0,1.0,1.0,0.0,1.0,1.0,1.0,1.0,1.0,13.0
q22c4ca585d,test,native_plain,Comment autoriser le partage du répertoire de mon téléphone avec le système multimédia ?,vehicle,157,True,True,0.0,0.0,0.0,0.8129573445175317,0.19385870924266957,0.11569597210159162,4.0,4.0,0.8642745018005371,6.0
q22c4ca585d,test,native_brand,Comment autoriser le partage du répertoire de mon téléphone avec le système multimédia de ma Dacia ?,model,5,True,True,0.0,0.0,1.0,0.7296105922484974,0.33053136612839606,0.5702031624377146,3.0,3.0,0.8272324800491333,7.0
q22c4ca585d,test,native_model,Comment autoriser le partage du répertoire de mon téléphone avec le système multimédia de ma Dacia Media Nav Live Guide ?,none,1,True,False,1.0,1.0,1.0,0.0,1.0,1.0,1.0,1.0,1.0,11.0
q22c4ca585d,test,native_full,Comment autoriser le partage du répertoire de mon téléphone avec le système multimédia de ma Dacia Media Nav Live Guide ?,none,1,True,False,1.0,1.0,1.0,0.0,1.0,1.0,1.0,1.0,1.0,11.0
q6c27045e89,test,native_plain,Comment marchent les essuie-glaces si le balayage automatique est en panne ?,vehicle,157,True,True,0.0,0.0,0.0,0.9519691649775072,0.049082482175112296,0.07902885187721143,10.0,8.0,0.8778038024902344,6.0
q6c27045e89,test,native_brand,Comment marchent les essuie-glaces si le balayage automatique est en panne sur ma Dacia ?,model,5,True,True,0.0,0.0,1.0,0.9577623551268739,0.05862061045993034,0.20457539234424718,9.0,8.0,0.8778038024902344,7.0
q6c27045e89,test,native_model,Comment marchent les essuie-glaces si le balayage automatique est en panne sur ma Sandero ?,none,1,True,False,1.0,1.0,0.0,0.0,1.0,1.0,1.0,1.0,1.0,7.0
q6c27045e89,test,native_full,Comment marchent les essuie-glaces si le balayage automatique est en panne sur ma Dacia Sandero (2023) ?,none,1,True,False,1.0,1.0,1.0,0.0,1.0,1.0,1.0,1.0,1.0,9.0
q76c1a026ed,test,native_plain,De combien faut-il augmenter la pression des pneus si l'on dépasse exceptionnellement la masse maximale autorisée en charge ?,vehicle,157,True,True,0.0,0.0,0.0,0.9588074715436187,0.07030895556590627,0.28538269372086333,10.0,3.0,0.9541109800338745,10.0
q76c1a026ed,test,native_brand,De combien faut-il augmenter la pression des pneus sur ma Dacia si l'on dépasse exceptionnellement la masse maximale autorisée en charge ?,model,5,True,True,0.0,0.0,1.0,0.9338192929893909,0.10769780143958012,0.4599645642590831,9.0,4.0,0.8838969469070435,11.0
q76c1a026ed,test,native_model,De combien faut-il augmenter la pression des pneus sur ma Sandero si l'on dépasse exceptionnellement la masse maximale autorisée en charge ?,none,1,True,False,1.0,1.0,0.0,0.0,1.0,1.0,1.0,1.0,1.0,11.0
q76c1a026ed,test,native_full,De combien faut-il augmenter la pression des pneus sur ma Dacia Sandero (2023) si l'on dépasse exceptionnellement la masse maximale autorisée en charge ?,none,1,True,False,1.0,1.0,1.0,0.0,1.0,1.0,1.0,1.0,1.0,13.0
q74937af05f,test,native_plain,À quoi servent les codes QR imprimés dans le guide d'utilisation ?,vehicle,157,False,False,0.0,0.0,0.0,0.9286740045513491,0.07909694296735803,0.00017378268403811547,10.0,6.0,0.8435772657394409,6.0
q74937af05f,test,native_brand,À quoi servent les codes QR imprimés dans le guide d'utilisation de ma Dacia ?,model,5,False,False,1.0,1.0,1.0,0.0,1.0,1.0,1.0,1.0,1.0,7.0
q74937af05f,test,native_model,À quoi servent les codes QR imprimés dans le guide d'utilisation de ma Sandero ?,none,1,False,False,1.0,1.0,0.0,0.0,1.0,1.0,1.0,1.0,1.0,7.0
q74937af05f,test,native_full,À quoi servent les codes QR imprimés dans le guide d'utilisation de ma Dacia Sandero (2023) ?,none,1,False,False,1.0,1.0,1.0,0.0,1.0,1.0,1.0,1.0,1.0,9.0
q265ff3843b,test,native_plain,Dans quels cas le freinage d'urgence automatique ne peut-il pas se déclencher ?,vehicle,157,True,True,0.0,0.0,0.0,0.9274406510675008,0.0851123466015178,0.18722191314642994,6.0,3.0,0.8967524766921997,5.0
q265ff3843b,test,native_brand,Dans quels cas le freinage d'urgence automatique ne peut-il pas se déclencher sur ma Dacia ?,model,5,True,True,0.0,0.0,1.0,0.9249874119367357,0.07630233949935523,0.11380094589869401,6.0,4.0,0.8906177282333374,6.0
q265ff3843b,test,native_model,Dans quels cas le freinage d'urgence automatique ne peut-il pas se déclencher sur ma Sandero ?,none,1,True,False,1.0,1.0,0.0,0.0,1.0,1.0,1.0,1.0,1.0,6.0
q265ff3843b,test,native_full,Dans quels cas le freinage d'urgence automatique ne peut-il pas se déclencher sur ma Dacia Sandero (2023) ?,none,1,True,False,1.0,1.0,1.0,0.0,1.0,1.0,1.0,1.0,1.0,8.0
q947faba5c6,test,native_plain,Que faire si le voyant de contrôle des gaz d'échappement clignote ?,vehicle,157,False,False,0.0,0.0,0.0,0.9461879832052112,0.06898943999607725,0.10906077477869018,10.0,4.0,0.9099406003952026,5.0
q947faba5c6,test,native_brand,Que faire si le voyant de contrôle des gaz d'échappement clignote sur ma Dacia ?,model,5,False,False,0.0,0.0,1.0,0.9189655583682317,0.09970899284688078,0.048025526210263306,9.0,5.0,0.8819639086723328,6.0
q947faba5c6,test,native_model,Que faire si le voyant de contrôle des gaz d'échappement clignote sur ma Sandero ?,none,1,False,False,1.0,1.0,0.0,0.0,1.0,1.0,1.0,1.0,1.0,6.0
q947faba5c6,test,native_full,Que faire si le voyant de contrôle des gaz d'échappement clignote sur ma Dacia Sandero (2023) ?,none,1,False,False,1.0,1.0,1.0,0.0,1.0,1.0,1.0,1.0,1.0,8.0
q6f588984ca,test,native_plain,Comment débloquer le levier de vitesse pour passer au point mort ?,vehicle,157,True,True,0.0,0.0,0.0,0.9095871050880295,0.0955207986663346,0.20568686176439724,7.0,5.0,0.9169682264328003,6.0
q6f588984ca,test,native_brand,Comment débloquer le levier de vitesse pour passer au point mort sur ma Dacia ?,model,5,True,True,0.0,0.0,1.0,0.8916067118590736,0.11323805880496114,0.0673429365544202,9.0,5.0,0.9266160726547241,7.0
q6f588984ca,test,native_model,Comment débloquer le levier de vitesse pour passer au point mort sur ma Sandero ?,none,1,True,False,1.0,1.0,0.0,0.0,1.0,1.0,1.0,1.0,1.0,7.0
q6f588984ca,test,native_full,Comment débloquer le levier de vitesse pour passer au point mort sur ma Dacia Sandero (2023) ?,none,1,True,False,1.0,1.0,1.0,0.0,1.0,1.0,1.0,1.0,1.0,9.0
q7a40d59b61,test,native_plain,Quels types de petits obstacles mobiles risquent de ne pas être repérés par les radars de recul ?,vehicle,157,False,False,0.0,0.0,0.0,0.9310197454273997,0.08953064076562245,0.3704782864400219,10.0,5.0,0.9010065197944641,8.0
q7a40d59b61,test,native_brand,Quels types de petits obstacles mobiles risquent de ne pas être repérés par les radars de recul sur ma Dacia ?,model,5,False,False,0.0,0.0,1.0,0.93580480002944,0.06239297723362908,0.018790732762496345,10.0,4.0,0.9185670018196106,9.0
q7a40d59b61,test,native_model,Quels types de petits obstacles mobiles risquent de ne pas être repérés par les radars de recul sur ma Spring ?,none,1,False,False,1.0,1.0,0.0,0.0,1.0,1.0,1.0,1.0,1.0,9.0
q7a40d59b61,test,native_full,Quels types de petits obstacles mobiles risquent de ne pas être repérés par les radars de recul sur ma Dacia Spring (2024) ?,none,1,False,False,1.0,1.0,1.0,0.0,1.0,1.0,1.0,1.0,1.0,11.0
qab9585bf12,test,native_plain,Comment réactiver la fonction de sécurité avec le bouton ?,vehicle,157,True,True,0.0,0.0,0.0,0.954652425221839,0.05340872142388117,0.04696492317929923,8.0,6.0,0.8711112141609192,4.0
qab9585bf12,test,native_brand,Comment réactiver la fonction de sécurité avec le bouton sur ma Dacia ?,model,5,True,True,0.0,0.0,1.0,0.9169463842931974,0.15630645983666952,0.6770922860394236,9.0,6.0,0.8183711767196655,5.0
qab9585bf12,test,native_model,Comment réactiver la fonction de sécurité avec le bouton sur ma Spring ?,none,1,True,False,1.0,1.0,0.0,0.0,1.0,1.0,1.0,1.0,1.0,5.0
qab9585bf12,test,native_full,Comment réactiver la fonction de sécurité avec le bouton sur ma Dacia Spring (2024) ?,none,1,True,False,1.0,1.0,1.0,0.0,1.0,1.0,1.0,1.0,1.0,7.0
qe2edef38f1,dev,native_plain,Comment arrêter la recharge et débloquer le câble à l'aide de la télécommande ?,vehicle,157,True,True,0.0,0.0,0.0,0.8872831525610521,0.11759374443014083,0.12127804457755031,5.0,3.0,0.8834233283996582,6.0
qe2edef38f1,dev,native_brand,Comment arrêter la recharge et débloquer le câble à l'aide de la télécommande sur ma Dacia ?,model,5,True,True,0.0,0.0,1.0,0.9339955212937233,0.09758512025371228,0.1827343180652184,6.0,4.0,0.8375440835952759,7.0
qe2edef38f1,dev,native_model,Comment arrêter la recharge et débloquer le câble à l'aide de la télécommande sur ma Spring ?,none,1,True,False,1.0,1.0,0.0,0.0,1.0,1.0,1.0,1.0,1.0,7.0
qe2edef38f1,dev,native_full,Comment arrêter la recharge et débloquer le câble à l'aide de la télécommande sur ma Dacia Spring (2024) ?,none,1,True,False,1.0,1.0,1.0,0.0,1.0,1.0,1.0,1.0,1.0,9.0
q342645f67d,test,native_plain,Quel format de documents peut-on ranger dans la boîte à gants ?,vehicle,157,True,True,0.0,0.0,0.0,0.9590661908440538,0.06039286337875872,0.3169132213266357,10.0,6.0,0.9013177752494812,5.0
q342645f67d,test,native_brand,Quel format de documents peut-on ranger dans la boîte à gants de ma Dacia ?,model,5,True,True,0.0,0.0,1.0,0.9567826605833039,0.0662063880089344,0.3288867358003572,10.0,4.0,0.9013177752494812,6.0
q342645f67d,test,native_model,Quel format de documents peut-on ranger dans la boîte à gants de ma Spring ?,none,1,True,False,1.0,1.0,0.0,0.0,1.0,1.0,1.0,1.0,1.0,6.0
q342645f67d,test,native_full,Quel format de documents peut-on ranger dans la boîte à gants de ma Dacia Spring (2024) ?,none,1,True,False,1.0,1.0,1.0,0.0,1.0,1.0,1.0,1.0,1.0,8.0
qf6532e67f6,dev,native_plain,Que faire si le clapet de recharge est bloqué par le gel et refuse de s'ouvrir ?,vehicle,157,True,True,0.0,0.0,0.0,0.7908697188585799,0.1967827619109701,0.09594522308480981,3.0,1.0,0.8847934603691101,6.0
qf6532e67f6,dev,native_brand,Que faire si le clapet de recharge de ma Dacia est bloqué par le gel et refuse de s'ouvrir ?,model,5,True,True,0.0,0.0,1.0,0.8453024152209777,0.153947078639469,0.16858645055073737,3.0,1.0,0.828350841999054,7.0
qf6532e67f6,dev,native_model,Que faire si le clapet de recharge de ma Spring est bloqué par le gel et refuse de s'ouvrir ?,none,1,True,False,1.0,1.0,0.0,0.0,1.0,1.0,1.0,1.0,1.0,7.0
qf6532e67f6,dev,native_full,Que faire si le clapet de recharge de ma Dacia Spring (2024) est bloqué par le gel et refuse de s'ouvrir ?,none,1,True,False,1.0,1.0,1.0,0.0,1.0,1.0,1.0,1.0,1.0,9.0
q290620a223,test,native_plain,Que faut-il vérifier pour que les ceintures de sécurité arrière fonctionnent correctement ?,vehicle,157,False,False,0.0,0.0,0.0,0.9646054827858809,0.0449130953930242,0.18837382153719937,10.0,5.0,0.8984826803207397,6.0
q290620a223,test,native_brand,Que faut-il vérifier pour que les ceintures de sécurité arrière de ma Dacia fonctionnent correctement ?,model,5,False,False,0.0,0.0,1.0,0.9560597401862858,0.05591342995518086,0.1802044004821424,8.0,6.0,0.874264121055603,7.0
q290620a223,test,native_model,Que faut-il vérifier pour que les ceintures de sécurité arrière de ma Spring fonctionnent correctement ?,none,1,False,False,1.0,1.0,0.0,0.0,1.0,1.0,1.0,1.0,1.0,7.0
q290620a223,test,native_full,Que faut-il vérifier pour que les ceintures de sécurité arrière de ma Dacia Spring (2024) fonctionnent correctement ?,none,1,False,False,1.0,1.0,1.0,0.0,1.0,1.0,1.0,1.0,1.0,9.0
qf4cd477e08,dev,native_plain,Comment doit-on ajuster le volume de son téléphone pour écouter de la musique en Bluetooth ?,vehicle,157,False,False,0.0,0.0,0.0,0.924050319491987,0.08967241925207026,0.21834336573166613,10.0,7.0,0.848941445350647,6.0
qf4cd477e08,dev,native_brand,Comment doit-on ajuster le volume de son téléphone pour écouter de la musique en Bluetooth dans une DS ?,model,3,False,False,0.0,0.0,1.0,0.9326336584008634,0.06832402066082859,0.006127504713209946,9.0,7.0,0.8200510144233704,7.0
qf4cd477e08,dev,native_model,Comment doit-on ajuster le volume de son téléphone pour écouter de la musique en Bluetooth dans une 3 Crossback ?,none,1,False,False,1.0,1.0,0.0,0.0,1.0,1.0,1.0,1.0,1.0,7.0
qf4cd477e08,dev,native_full,Comment doit-on ajuster le volume de son téléphone pour écouter de la musique en Bluetooth dans une DS 3 Crossback (2019) ?,none,1,False,False,1.0,1.0,1.0,0.0,1.0,1.0,1.0,1.0,1.0,9.0
q2a4dd08064,test,native_plain,À quelle distance correspondent les lignes bleues de la caméra de recul ?,vehicle,157,True,True,0.0,0.0,0.0,0.9302415680044176,0.10547777852088046,0.4172343352225152,7.0,5.0,0.9014129638671875,6.0
q2a4dd08064,test,native_brand,À quelle distance correspondent les lignes bleues de la caméra de recul sur ma DS ?,model,3,True,True,0.0,0.0,1.0,0.9238134995479629,0.10190835484538749,0.40090774079634883,7.0,4.0,0.9054256677627563,7.0
q2a4dd08064,test,native_model,À quelle distance correspondent les lignes bleues de la caméra de recul sur ma 3 Crossback ?,none,1,True,False,1.0,1.0,0.0,0.0,1.0,1.0,1.0,1.0,1.0,7.0
q2a4dd08064,test,native_full,À quelle distance correspondent les lignes bleues de la caméra de recul sur ma DS 3 Crossback (2019) ?,none,1,True,False,1.0,1.0,1.0,0.0,1.0,1.0,1.0,1.0,1.0,9.0
q15a616180f,test,native_plain,Combien de temps l'écran de la radio peut-il rester éteint si le système surchauffe ?,vehicle,157,True,True,0.0,0.0,0.0,0.9475692174614734,0.058690135779475294,0.1301483209027209,8.0,7.0,0.8068448901176453,8.0
q15a616180f,test,native_brand,Combien de temps l'écran de la radio de ma DS peut-il rester éteint si le système surchauffe ?,model,3,True,True,0.0,0.0,1.0,0.9344406122699092,0.09120820478511533,0.33656785991137156,8.0,7.0,0.801573634147644,9.0
q15a616180f,test,native_model,Combien de temps l'écran de la radio de ma 3 Crossback peut-il rester éteint si le système surchauffe ?,none,1,True,False,1.0,1.0,0.0,0.0,1.0,1.0,1.0,1.0,1.0,9.0
q15a616180f,test,native_full,Combien de temps l'écran de la radio de ma DS 3 Crossback (2019) peut-il rester éteint si le système surchauffe ?,none,1,True,False,1.0,1.0,1.0,0.0,1.0,1.0,1.0,1.0,1.0,11.0
q21bb74fe6a,test,native_plain,Est-il possible de régler son siège et son volant tout en roulant ?,vehicle,157,False,False,0.0,0.0,0.0,0.9655865546384704,0.047964521133798364,0.18976847243987907,10.0,6.0,0.8937910199165344,5.0
q21bb74fe6a,test,native_brand,Est-il possible de régler son siège et son volant tout en roulant à bord d'une DS ?,model,3,False,False,0.0,0.0,1.0,0.952785800143757,0.05809510250034836,0.026156447530718274,10.0,8.0,0.8456814885139465,7.0
q21bb74fe6a,test,native_model,Est-il possible de régler son siège et son volant tout en roulant à bord d'une 3 Crossback ?,none,1,False,False,1.0,1.0,0.0,0.0,1.0,1.0,1.0,1.0,1.0,7.0
q21bb74fe6a,test,native_full,Est-il possible de régler son siège et son volant tout en roulant à bord d'une DS 3 Crossback (2019) ?,none,1,False,False,1.0,1.0,1.0,0.0,1.0,1.0,1.0,1.0,1.0,9.0
q1232c2c94b,test,native_plain,Quel est le délai de reconnexion automatique du dernier téléphone utilisé après le démarrage ?,vehicle,157,True,True,0.0,0.0,0.0,0.9477743784823139,0.060963364776832014,0.2220965002533886,10.0,6.0,0.9164106249809265,7.0
q1232c2c94b,test,native_brand,Quel est le délai de reconnexion automatique du dernier téléphone utilisé après le démarrage sur ma DS ?,model,3,True,True,0.0,0.0,1.0,0.9281340190719192,0.09782360815899983,0.234042006567797,8.0,6.0,0.8661527633666992,8.0
q1232c2c94b,test,native_model,Quel est le délai de reconnexion automatique du dernier téléphone utilisé après le démarrage sur ma 3 Crossback ?,none,1,True,False,1.0,1.0,0.0,0.0,1.0,1.0,1.0,1.0,1.0,8.0
q1232c2c94b,test,native_full,Quel est le délai de reconnexion automatique du dernier téléphone utilisé après le démarrage sur ma DS 3 Crossback (2019) ?,none,1,True,False,1.0,1.0,1.0,0.0,1.0,1.0,1.0,1.0,1.0,10.0
q42c4480fc5,test,native_plain,Comment refroidir l'habitacle plus rapidement ?,vehicle,157,False,False,0.0,0.0,0.0,0.9487827158822052,0.06620212087806293,0.016715762728096106,6.0,4.0,0.9151755571365356,3.0
q42c4480fc5,test,native_brand,Comment refroidir l'habitacle plus rapidement dans ma DS ?,model,3,False,False,0.0,0.0,1.0,0.9464617184741471,0.06185714622737373,0.1412506123738827,7.0,4.0,0.9311839938163757,4.0
q42c4480fc5,test,native_model,Comment refroidir l'habitacle plus rapidement dans ma 3 Crossback ?,none,1,False,False,1.0,1.0,0.0,0.0,1.0,1.0,1.0,1.0,1.0,4.0
q42c4480fc5,test,native_full,Comment refroidir l'habitacle plus rapidement dans ma DS 3 Crossback (2019) ?,none,1,False,False,1.0,1.0,1.0,0.0,1.0,1.0,1.0,1.0,1.0,6.0
q1e5714e985,test,native_plain,Pourquoi le voyant de la vision nocturne reste-t-il allumé en continu ?,vehicle,157,True,True,0.0,0.0,0.0,0.9480535270049093,0.06859269484311734,0.2630958054594426,8.0,6.0,0.8008254766464233,7.0
q1e5714e985,test,native_brand,Pourquoi le voyant de la vision nocturne reste-t-il allumé en continu sur ma DS ?,model,3,True,True,0.0,0.0,1.0,0.903788628676904,0.13061373174581076,0.24371292359495866,5.0,3.0,0.7691917419433594,8.0
q1e5714e985,test,native_model,Pourquoi le voyant de la vision nocturne reste-t-il allumé en continu sur ma DS 4 ?,none,1,True,False,1.0,1.0,1.0,0.0,1.0,1.0,1.0,1.0,1.0,8.0
q1e5714e985,test,native_full,Pourquoi le voyant de la vision nocturne reste-t-il allumé en continu sur ma DS 4 (2021) ?,none,1,True,False,1.0,1.0,1.0,0.0,1.0,1.0,1.0,1.0,1.0,9.0
q1ea2a55153,test,native_plain,Que doit faire le conducteur pour que l'assistance au freinage d'urgence intelligent (iEBA) fonctionne ?,vehicle,157,True,True,0.0,0.0,0.0,0.775637992440783,0.22930507454422216,0.15564820021336606,5.0,4.0,0.9045526385307312,7.0
q1ea2a55153,test,native_brand,Que doit faire le conducteur pour que l'assistance au freinage d'urgence intelligent (iEBA) fonctionne sur ma DS ?,model,3,True,True,0.0,0.0,1.0,0.7902474975910998,0.1923512806967088,0.04375453327661048,5.0,4.0,0.8882827758789062,8.0
q1ea2a55153,test,native_model,Que doit faire le conducteur pour que l'assistance au freinage d'urgence intelligent (iEBA) fonctionne sur ma DS 4 ?,none,1,True,False,1.0,1.0,1.0,0.0,1.0,1.0,1.0,1.0,1.0,8.0
q1ea2a55153,test,native_full,Que doit faire le conducteur pour que l'assistance au freinage d'urgence intelligent (iEBA) fonctionne sur ma DS 4 (2021) ?,none,1,True,False,1.0,1.0,1.0,0.0,1.0,1.0,1.0,1.0,1.0,9.0
qdda4cc4cfc,dev,native_plain,Comment sont triés les voyants lumineux dans l'application d'aide sur l'écran tactile ?,vehicle,157,True,True,0.0,0.0,0.0,0.9067414058842203,0.11913489686576369,0.21195653610645343,9.0,6.0,0.8160115480422974,7.0
qdda4cc4cfc,dev,native_brand,Comment sont triés les voyants lumineux dans l'application d'aide sur l'écran tactile de ma DS ?,model,3,True,True,0.0,0.0,1.0,0.8594668554942598,0.1835466368085497,0.4245744509012825,8.0,6.0,0.8160116076469421,8.0
qdda4cc4cfc,dev,native_model,Comment sont triés les voyants lumineux dans l'application d'aide sur l'écran tactile de ma DS 4 ?,none,1,True,False,1.0,1.0,1.0,0.0,1.0,1.0,1.0,1.0,1.0,8.0
qdda4cc4cfc,dev,native_full,Comment sont triés les voyants lumineux dans l'application d'aide sur l'écran tactile de ma DS 4 (2021) ?,none,1,True,False,1.0,1.0,1.0,0.0,1.0,1.0,1.0,1.0,1.0,9.0
q7f018999ea,test,native_plain,Comment doit-on positionner le siège passager avant pour y installer un siège auto ?,vehicle,157,False,False,0.0,0.0,0.0,0.9423143766736101,0.07487301678191306,0.2245071783131195,9.0,5.0,0.9400238990783691,6.0
q7f018999ea,test,native_brand,Comment doit-on positionner le siège passager avant pour y installer un siège auto sur ma DS ?,model,3,False,False,0.0,0.0,1.0,0.9296477212567502,0.08200833978407382,0.22507108791125516,8.0,4.0,0.9518332481384277,7.0
q7f018999ea,test,native_model,Comment doit-on positionner le siège passager avant pour y installer un siège auto sur ma DS 4 ?,none,1,False,False,1.0,1.0,1.0,0.0,1.0,1.0,1.0,1.0,1.0,7.0
q7f018999ea,test,native_full,Comment doit-on positionner le siège passager avant pour y installer un siège auto sur ma DS 4 (2021) ?,none,1,False,False,1.0,1.0,1.0,0.0,1.0,1.0,1.0,1.0,1.0,8.0
q8e78be69f6,test,native_plain,Combien de temps au maximum prend l'installation d'une mise à jour du système ?,vehicle,157,True,True,0.0,0.0,0.0,0.9556063357578594,0.05643441352560053,0.14571973948928157,8.0,6.0,0.8778330683708191,8.0
q8e78be69f6,test,native_brand,Combien de temps au maximum prend l'installation d'une mise à jour du système sur ma DS ?,model,3,True,True,0.0,0.0,1.0,0.9745207456788832,0.04947666796142475,0.09901646197388228,9.0,6.0,0.8812792897224426,9.0
q8e78be69f6,test,native_model,Combien de temps au maximum prend l'installation d'une mise à jour du système sur ma DS 4 ?,none,1,True,False,1.0,1.0,1.0,0.0,1.0,1.0,1.0,1.0,1.0,9.0
q8e78be69f6,test,native_full,Combien de temps au maximum prend l'installation d'une mise à jour du système sur ma DS 4 (2021) ?,none,1,True,False,1.0,1.0,1.0,0.0,1.0,1.0,1.0,1.0,1.0,10.0
qda41b8e2ff,dev,native_plain,De quelle couleur sont les câbles électriques haute tension ?,vehicle,157,True,True,0.0,0.0,0.0,0.9201513384327298,0.1080732196589174,0.0902752897073232,8.0,6.0,0.9069215059280396,5.0
qda41b8e2ff,dev,native_brand,De quelle couleur sont les câbles électriques haute tension sur ma DS ?,model,3,True,True,0.0,0.0,1.0,0.9153089190079253,0.09981856929875633,0.04760743106502925,8.0,6.0,0.8946652412414551,6.0
qda41b8e2ff,dev,native_model,De quelle couleur sont les câbles électriques haute tension sur ma DS 4 ?,none,1,True,False,1.0,1.0,1.0,0.0,1.0,1.0,1.0,1.0,1.0,6.0
qda41b8e2ff,dev,native_full,De quelle couleur sont les câbles électriques haute tension sur ma DS 4 (2021) ?,none,1,True,False,1.0,1.0,1.0,0.0,1.0,1.0,1.0,1.0,1.0,7.0
qb13d58822a,test,native_plain,Que faut-il vérifier si l'ouverture du coffre mains libres ne fonctionne pas ?,vehicle,157,False,False,0.0,0.0,0.0,0.9331350695546434,0.1072019888158446,0.37803127769174355,5.0,4.0,0.8909040689468384,6.0
qb13d58822a,test,native_brand,Que faut-il vérifier si l'ouverture du coffre mains libres ne fonctionne pas sur ma DS ?,model,3,False,False,0.0,0.0,1.0,0.9259296120534943,0.10797529926748271,0.287147577286001,7.0,4.0,0.8909040689468384,7.0
qb13d58822a,test,native_model,Que faut-il vérifier si l'ouverture du coffre mains libres ne fonctionne pas sur ma DS 9 ?,none,1,False,False,1.0,1.0,1.0,0.0,1.0,1.0,1.0,1.0,1.0,7.0
qb13d58822a,test,native_full,Que faut-il vérifier si l'ouverture du coffre mains libres ne fonctionne pas sur ma DS 9 (2021) ?,none,1,False,False,1.0,1.0,1.0,0.0,1.0,1.0,1.0,1.0,1.0,8.0
q70365a6207,test,native_plain,Que faire si un message signale un problème grave sur le sélecteur de vitesses ?,vehicle,157,False,False,0.0,0.0,0.0,0.9583261905947271,0.06678572664923943,0.3061682547965596,9.0,5.0,0.9221574664115906,6.0
q70365a6207,test,native_brand,Que faire si un message signale un problème grave sur le sélecteur de vitesses de ma DS ?,model,3,False,False,0.0,0.0,1.0,0.9503655670061033,0.05671721490042618,0.05383547914827269,9.0,5.0,0.9221574664115906,7.0
q70365a6207,test,native_model,Que faire si un message signale un problème grave sur le sélecteur de vitesses de ma DS 9 ?,none,1,False,False,1.0,1.0,1.0,0.0,1.0,1.0,1.0,1.0,1.0,7.0
q70365a6207,test,native_full,Que faire si un message signale un problème grave sur le sélecteur de vitesses de ma DS 9 (2021) ?,none,1,False,False,1.0,1.0,1.0,0.0,1.0,1.0,1.0,1.0,1.0,8.0
qdc92c37920,dev,native_plain,Comment se présente l'affichage de la caméra de recul sur l'écran ?,vehicle,157,True,True,0.0,0.0,0.0,0.9691045843683612,0.04156035983404063,0.10432219646194814,10.0,5.0,0.8853607177734375,5.0
qdc92c37920,dev,native_brand,Comment se présente l'affichage de la caméra de recul sur l'écran de ma DS ?,model,3,True,True,0.0,0.0,1.0,0.9666095045497728,0.049174052861720045,0.2184709466480398,9.0,6.0,0.8673269152641296,6.0
qdc92c37920,dev,native_model,Comment se présente l'affichage de la caméra de recul sur l'écran de ma DS 9 ?,none,1,True,False,1.0,1.0,1.0,0.0,1.0,1.0,1.0,1.0,1.0,6.0
qdc92c37920,dev,native_full,Comment se présente l'affichage de la caméra de recul sur l'écran de ma DS 9 (2021) ?,none,1,True,False,1.0,1.0,1.0,0.0,1.0,1.0,1.0,1.0,1.0,7.0
qe8e079b6a0,dev,native_plain,Comment activer le balayage automatique des essuie-glaces ?,vehicle,157,True,True,0.0,0.0,0.0,0.9559467227514186,0.04577625172695511,0.021573656347859706,10.0,7.0,0.9362470507621765,5.0
qe8e079b6a0,dev,native_brand,Comment activer le balayage automatique des essuie-glaces sur ma DS ?,model,3,True,True,0.0,0.0,1.0,0.9563130473742553,0.057623097471032975,0.19777466715176692,10.0,5.0,0.9037598371505737,6.0
qe8e079b6a0,dev,native_model,Comment activer le balayage automatique des essuie-glaces sur ma DS 9 ?,none,1,True,False,1.0,1.0,1.0,0.0,1.0,1.0,1.0,1.0,1.0,6.0
qe8e079b6a0,dev,native_full,Comment activer le balayage automatique des essuie-glaces sur ma DS 9 (2021) ?,none,1,True,False,1.0,1.0,1.0,0.0,1.0,1.0,1.0,1.0,1.0,7.0
qdea20ad70d,dev,native_plain,Quelle différence de température maximale est conseillée entre le côté gauche et le côté droit de l'habitacle ?,vehicle,157,True,True,0.0,0.0,0.0,0.9534538555157547,0.05486775987458186,0.1540078072888446,9.0,6.0,0.8444421887397766,9.0
qdea20ad70d,dev,native_brand,Quelle différence de température maximale est conseillée entre le côté gauche et le côté droit de l'habitacle sur ma DS ?,model,3,True,True,0.0,0.0,1.0,0.9482404081042582,0.06505575820207432,0.18829156731490243,9.0,6.0,0.8001447916030884,10.0
qdea20ad70d,dev,native_model,Quelle différence de température maximale est conseillée entre le côté gauche et le côté droit de l'habitacle sur ma DS 9 ?,none,1,True,False,1.0,1.0,1.0,0.0,1.0,1.0,1.0,1.0,1.0,10.0
qdea20ad70d,dev,native_full,Quelle différence de température maximale est conseillée entre le côté gauche et le côté droit de l'habitacle sur ma DS 9 (2021) ?,none,1,True,False,1.0,1.0,1.0,0.0,1.0,1.0,1.0,1.0,1.0,11.0
q94fc53d918,test,native_plain,Où est-il conseillé d'utiliser le DS Drive Assist ?,vehicle,157,True,True,0.0,0.0,1.0,0.8587457146423233,0.23292146726377577,0.668277037496738,3.0,1.0,0.8627316355705261,5.0
q94fc53d918,test,native_brand,Où est-il conseillé d'utiliser le DS Drive Assist sur ma DS ?,model,3,True,True,0.0,0.0,1.0,0.8175301721516876,0.27412753756228836,0.6083999789504727,3.0,1.0,0.8627317547798157,6.0
q94fc53d918,test,native_model,Où est-il conseillé d'utiliser le DS Drive Assist sur ma DS 9 ?,none,1,True,False,1.0,1.0,1.0,0.0,1.0,1.0,1.0,1.0,1.0,6.0
q94fc53d918,test,native_full,Où est-il conseillé d'utiliser le DS Drive Assist sur ma DS 9 (2021) ?,none,1,True,False,1.0,1.0,1.0,0.0,1.0,1.0,1.0,1.0,1.0,7.0
q403cbc64e3,test,native_plain,À quelle vitesse est-il conseillé de relever le spoiler avant lorsque le toit est ouvert à l'horizontale ?,vehicle,157,True,True,0.0,0.0,0.0,0.9529066034088048,0.08477462638957708,0.4143827006133518,8.0,5.0,0.8594757914543152,7.0
q403cbc64e3,test,native_brand,À quelle vitesse est-il conseillé de relever le spoiler avant sur ma Fiat lorsque le toit est ouvert à l'horizontale ?,model,6,True,True,0.0,0.0,1.0,0.9443689604543702,0.08485650671437348,0.39830784739975966,9.0,6.0,0.8252874612808228,8.0
q403cbc64e3,test,native_model,À quelle vitesse est-il conseillé de relever le spoiler avant sur ma 500 lorsque le toit est ouvert à l'horizontale ?,none,1,True,False,1.0,1.0,0.0,0.0,1.0,1.0,1.0,1.0,1.0,8.0
q403cbc64e3,test,native_full,À quelle vitesse est-il conseillé de relever le spoiler avant sur ma Fiat 500 (2020) lorsque le toit est ouvert à l'horizontale ?,none,1,True,False,1.0,1.0,1.0,0.0,1.0,1.0,1.0,1.0,1.0,10.0
q6b4fe2b47b,test,native_plain,À quelle distance minimale doit-on tenir l'embout d'un nettoyeur haute pression pour laver les capteurs de recul ?,vehicle,157,True,True,0.0,0.0,0.0,0.9327986846189517,0.07078612705524226,0.034935975711617995,10.0,3.0,0.928905189037323,10.0
q6b4fe2b47b,test,native_brand,À quelle distance minimale doit-on tenir l'embout d'un nettoyeur haute pression pour laver les capteurs de recul sur ma Fiat ?,model,6,True,True,0.0,0.0,1.0,0.9311257856788672,0.07701770237042675,0.053057606399879276,10.0,3.0,0.9289600253105164,11.0
q6b4fe2b47b,test,native_model,À quelle distance minimale doit-on tenir l'embout d'un nettoyeur haute pression pour laver les capteurs de recul sur ma 500 ?,none,1,True,False,1.0,1.0,0.0,0.0,1.0,1.0,1.0,1.0,1.0,11.0
q6b4fe2b47b,test,native_full,À quelle distance minimale doit-on tenir l'embout d'un nettoyeur haute pression pour laver les capteurs de recul sur ma Fiat 500 (2020) ?,none,1,True,False,1.0,1.0,1.0,0.0,1.0,1.0,1.0,1.0,1.0,13.0
q9792375d0e,test,native_plain,Est-ce que la voiture avance toute seule quand on relâche le frein en mode RANGE ?,vehicle,157,True,True,0.0,0.0,0.0,0.9360887752239159,0.09250048457505984,0.39582376122065416,8.0,5.0,0.9108926057815552,7.0
q9792375d0e,test,native_brand,Est-ce que la voiture avance toute seule quand on relâche le frein en mode RANGE sur ma Fiat ?,model,6,True,True,0.0,0.0,1.0,0.9342772176940116,0.08469162069000254,0.331083165637397,7.0,5.0,0.9121899604797363,8.0
q9792375d0e,test,native_model,Est-ce que la voiture avance toute seule quand on relâche le frein en mode RANGE sur ma 500 ?,none,1,True,False,1.0,1.0,0.0,0.0,1.0,1.0,1.0,1.0,1.0,8.0
q9792375d0e,test,native_full,Est-ce que la voiture avance toute seule quand on relâche le frein en mode RANGE sur ma Fiat 500 (2020) ?,none,1,True,False,1.0,1.0,1.0,0.0,1.0,1.0,1.0,1.0,1.0,10.0
qcef24c45f2,dev,native_plain,Que se passe-t-il si on laisse les feux de stationnement allumés en ouvrant la portière conducteur ?,vehicle,157,False,False,0.0,0.0,0.0,0.9522109110394994,0.07439382033628623,0.39011383550692497,10.0,5.0,0.9227336049079895,8.0
qcef24c45f2,dev,native_brand,Que se passe-t-il si on laisse les feux de stationnement allumés en ouvrant la portière conducteur sur une Fiat ?,model,6,False,False,0.0,0.0,1.0,0.9375568774114863,0.08644260425416736,0.3123781782905353,9.0,7.0,0.8991873860359192,9.0
qcef24c45f2,dev,native_model,Que se passe-t-il si on laisse les feux de stationnement allumés en ouvrant la portière conducteur sur une 500 ?,none,1,False,False,1.0,1.0,0.0,0.0,1.0,1.0,1.0,1.0,1.0,9.0
qcef24c45f2,dev,native_full,Que se passe-t-il si on laisse les feux de stationnement allumés en ouvrant la portière conducteur sur une Fiat 500 (2020) ?,none,1,False,False,1.0,1.0,1.0,0.0,1.0,1.0,1.0,1.0,1.0,11.0
q832c8f9816,test,native_plain,Que signifie le voyant jaune allumé sur le boîtier de recharge ?,vehicle,157,True,True,0.0,0.0,0.0,0.9402781159020214,0.07148396132854368,0.20842558649172788,9.0,6.0,0.9052712321281433,6.0
q832c8f9816,test,native_brand,Que signifie le voyant jaune allumé sur le boîtier de recharge de ma Fiat ?,model,6,True,True,0.0,0.0,1.0,0.79695165808385,0.19154372515645293,0.0505466260000709,4.0,2.0,0.8541630506515503,7.0
q832c8f9816,test,native_model,Que signifie le voyant jaune allumé sur le boîtier de recharge de ma 500 ?,none,1,True,False,1.0,1.0,0.0,0.0,1.0,1.0,1.0,1.0,1.0,7.0
q832c8f9816,test,native_full,Que signifie le voyant jaune allumé sur le boîtier de recharge de ma Fiat 500 (2020) ?,none,1,True,False,1.0,1.0,1.0,0.0,1.0,1.0,1.0,1.0,1.0,9.0
q0837abaabf,test,native_plain,Quelle est l'épaisseur minimale de gomme sous laquelle il faut remplacer les pneus neige ?,vehicle,157,False,False,0.0,0.0,0.0,0.9519909263018006,0.05319381478901228,0.11700600132932377,8.0,5.0,0.87261563539505,7.0
q0837abaabf,test,native_brand,Quelle est l'épaisseur minimale de gomme sous laquelle il faut remplacer les pneus neige sur ma Fiat ?,model,6,False,False,0.0,0.0,1.0,0.9394136790016734,0.06093551081931295,0.14113208550565007,9.0,4.0,0.925033450126648,8.0
q0837abaabf,test,native_model,Quelle est l'épaisseur minimale de gomme sous laquelle il faut remplacer les pneus neige sur ma 500 ?,none,1,False,False,1.0,1.0,0.0,0.0,1.0,1.0,1.0,1.0,1.0,8.0
q0837abaabf,test,native_full,Quelle est l'épaisseur minimale de gomme sous laquelle il faut remplacer les pneus neige sur ma Fiat 500 (2020) ?,none,1,False,False,1.0,1.0,1.0,0.0,1.0,1.0,1.0,1.0,1.0,10.0
q4760e64d60,test,native_plain,Pourquoi la batterie de secours de 48 V peut-elle cesser de se recharger lors des décélérations ?,vehicle,157,True,True,0.0,0.0,0.0,0.9169066014762848,0.1180708338621356,0.41449051423615313,7.0,4.0,0.8338711857795715,7.0
q4760e64d60,test,native_brand,Pourquoi la batterie de secours de 48 V peut-elle cesser de se recharger lors des décélérations sur ma Fiat ?,model,6,True,True,0.0,0.0,1.0,0.8312367126712534,0.21183840142342542,0.398611760995955,3.0,1.0,0.84674471616745,8.0
q4760e64d60,test,native_model,Pourquoi la batterie de secours de 48 V peut-elle cesser de se recharger lors des décélérations sur ma 500X ?,none,1,True,False,1.0,1.0,0.0,0.0,1.0,1.0,1.0,1.0,1.0,8.0
q4760e64d60,test,native_full,Pourquoi la batterie de secours de 48 V peut-elle cesser de se recharger lors des décélérations sur ma Fiat 500X (2019) ?,none,1,True,False,1.0,1.0,1.0,0.0,1.0,1.0,1.0,1.0,1.0,10.0
q57c96dcd85,test,native_plain,Comment repérer les endroits où sont situés les airbags dans l'habitacle ?,vehicle,157,False,False,0.0,0.0,0.0,0.9317580174062661,0.0687641276374739,0.049716940975419434,7.0,7.0,0.8587093353271484,5.0
q57c96dcd85,test,native_brand,Comment repérer les endroits où sont situés les airbags dans l'habitacle de ma Fiat ?,model,6,False,False,0.0,0.0,1.0,0.9398659615696512,0.07811406198617496,0.2249651223757582,7.0,5.0,0.8477358818054199,6.0
q57c96dcd85,test,native_model,Comment repérer les endroits où sont situés les airbags dans l'habitacle de ma 500X ?,none,1,False,False,1.0,1.0,0.0,0.0,1.0,1.0,1.0,1.0,1.0,6.0
q57c96dcd85,test,native_full,Comment repérer les endroits où sont situés les airbags dans l'habitacle de ma Fiat 500X (2019) ?,none,1,False,False,1.0,1.0,1.0,0.0,1.0,1.0,1.0,1.0,1.0,8.0
q1a57b38d4f,test,native_plain,Qu'est-ce qui peut causer un aveuglement temporaire de la caméra de bord ?,vehicle,157,False,False,0.0,0.0,0.0,0.9591726949383272,0.05039777499084349,0.06977573692009464,9.0,6.0,0.9159772992134094,5.0
q1a57b38d4f,test,native_brand,Qu'est-ce qui peut causer un aveuglement temporaire de la caméra de bord sur ma Fiat ?,model,6,False,False,0.0,0.0,1.0,0.9035962548142393,0.1159796649134007,0.06034539667818315,4.0,1.0,0.9221442937850952,6.0
q1a57b38d4f,test,native_model,Qu'est-ce qui peut causer un aveuglement temporaire de la caméra de bord sur ma 500X ?,none,1,False,False,1.0,1.0,0.0,0.0,1.0,1.0,1.0,1.0,1.0,6.0
q1a57b38d4f,test,native_full,Qu'est-ce qui peut causer un aveuglement temporaire de la caméra de bord sur ma Fiat 500X (2019) ?,none,1,False,False,1.0,1.0,1.0,0.0,1.0,1.0,1.0,1.0,1.0,8.0
q558cf82213,test,native_plain,Peut-on rouler avec les rétroviseurs rabattus ?,vehicle,157,False,False,0.0,0.0,0.0,0.9715904578830006,0.03757700704110401,0.05599430594414051,10.0,5.0,0.8862131237983704,3.0
q558cf82213,test,native_brand,Peut-on rouler avec les rétroviseurs rabattus sur ma Fiat ?,model,6,False,False,0.0,0.0,1.0,0.9742397280891889,0.03574842498291392,0.0005961361589241192,10.0,6.0,0.8747547268867493,4.0
q558cf82213,test,native_model,Peut-on rouler avec les rétroviseurs rabattus sur ma 500X ?,none,1,False,False,1.0,1.0,0.0,0.0,1.0,1.0,1.0,1.0,1.0,4.0
q558cf82213,test,native_full,Peut-on rouler avec les rétroviseurs rabattus sur ma Fiat 500X (2019) ?,none,1,False,False,1.0,1.0,1.0,0.0,1.0,1.0,1.0,1.0,1.0,6.0
q2af552bee7,test,native_plain,Quelle est la tension maximale que peut avoir un booster de batterie pour démarrer la voiture ?,vehicle,157,False,False,0.0,0.0,0.0,0.949384804037466,0.06639482208794303,0.14385324378349104,9.0,6.0,0.9380605816841125,7.0
q2af552bee7,test,native_brand,Quelle est la tension maximale que peut avoir un booster de batterie pour démarrer ma Fiat ?,model,6,False,False,0.0,0.0,1.0,0.8984118054637636,0.16603999730435917,0.6360037406491886,8.0,6.0,0.8834284543991089,7.0
q2af552bee7,test,native_model,Quelle est la tension maximale que peut avoir un booster de batterie pour démarrer ma 500X ?,none,1,False,False,1.0,1.0,0.0,0.0,1.0,1.0,1.0,1.0,1.0,7.0
q2af552bee7,test,native_full,Quelle est la tension maximale que peut avoir un booster de batterie pour démarrer ma Fiat 500X (2019) ?,none,1,False,False,1.0,1.0,1.0,0.0,1.0,1.0,1.0,1.0,1.0,9.0
q6d205c9a83,test,native_plain,À quelle fréquence doit-on faire la vidange de l'huile de transmission ?,vehicle,157,True,True,0.0,0.0,0.0,0.8762392934096817,0.13619976286862187,0.1007773207857995,8.0,6.0,0.8229690790176392,4.0
q6d205c9a83,test,native_brand,À quelle fréquence doit-on faire la vidange de l'huile de transmission sur une Fiat ?,model,6,True,True,0.0,0.0,1.0,0.8868275436576968,0.09994491237262995,0.0324133555355875,8.0,5.0,0.8640486001968384,5.0
q6d205c9a83,test,native_model,À quelle fréquence doit-on faire la vidange de l'huile de transmission sur une 500X ?,none,1,True,False,1.0,1.0,0.0,0.0,1.0,1.0,1.0,1.0,1.0,5.0
q6d205c9a83,test,native_full,À quelle fréquence doit-on faire la vidange de l'huile de transmission sur une Fiat 500X (2019) ?,none,1,True,False,1.0,1.0,1.0,0.0,1.0,1.0,1.0,1.0,1.0,7.0
q6a7e6f27a0,test,native_plain,Comment peut-on allumer ou éteindre l'écran multimédia ?,vehicle,157,True,True,0.0,0.0,0.0,0.8980264535593193,0.14865648446458357,0.5656950971510286,8.0,7.0,0.887636661529541,4.0
q6a7e6f27a0,test,native_brand,Comment peut-on allumer ou éteindre l'écran multimédia sur ma Fiat ?,model,6,True,True,0.0,0.0,1.0,0.8250703312742791,0.14537461313467312,0.041746428908710276,7.0,3.0,0.8032420873641968,5.0
q6a7e6f27a0,test,native_model,Comment peut-on allumer ou éteindre l'écran multimédia sur ma Panda ?,none,1,True,False,1.0,1.0,0.0,0.0,1.0,1.0,1.0,1.0,1.0,5.0
q6a7e6f27a0,test,native_full,Comment peut-on allumer ou éteindre l'écran multimédia sur ma Fiat Panda (2012) ?,none,1,True,False,1.0,1.0,1.0,0.0,1.0,1.0,1.0,1.0,1.0,7.0
qe169727d29,dev,native_plain,À quoi sert l'option de rappel du dernier état pour le démarrage de la radio ?,vehicle,157,True,True,0.0,0.0,0.0,0.9392897140717985,0.05426124817023685,0.13132562133790815,8.0,5.0,0.841960608959198,7.0
qe169727d29,dev,native_brand,À quoi sert l'option de rappel du dernier état pour le démarrage de la radio sur ma Fiat ?,model,6,True,True,0.0,0.0,1.0,0.9146369968060394,0.0866200131175309,0.08729410698766549,7.0,4.0,0.7854019999504089,8.0
qe169727d29,dev,native_model,À quoi sert l'option de rappel du dernier état pour le démarrage de la radio sur ma Panda ?,none,1,True,False,1.0,1.0,0.0,0.0,1.0,1.0,1.0,1.0,1.0,8.0
qe169727d29,dev,native_full,À quoi sert l'option de rappel du dernier état pour le démarrage de la radio sur ma Fiat Panda (2012) ?,none,1,True,False,1.0,1.0,1.0,0.0,1.0,1.0,1.0,1.0,1.0,10.0
q91d831005b,test,native_plain,Dans quelles conditions de température doit-on contrôler le niveau du liquide de refroidissement ?,vehicle,157,False,False,0.0,0.0,0.0,0.9682178045569361,0.05299481442224134,0.28232031343680464,10.0,8.0,0.8448303937911987,6.0
q91d831005b,test,native_brand,Dans quelles conditions de température doit-on contrôler le niveau du liquide de refroidissement sur ma Fiat ?,model,6,False,False,0.0,0.0,1.0,0.9388970239829441,0.08494885921923787,0.23683401303187795,6.0,3.0,0.8850324749946594,7.0
q91d831005b,test,native_model,Dans quelles conditions de température doit-on contrôler le niveau du liquide de refroidissement sur ma Panda ?,none,1,False,False,1.0,1.0,0.0,0.0,1.0,1.0,1.0,1.0,1.0,7.0
q91d831005b,test,native_full,Dans quelles conditions de température doit-on contrôler le niveau du liquide de refroidissement sur ma Fiat Panda (2012) ?,none,1,False,False,1.0,1.0,1.0,0.0,1.0,1.0,1.0,1.0,1.0,9.0
qd7f454a60f,dev,native_plain,Combien de kilomètres de rodage sont nécessaires pour que les freins soient totalement efficaces ?,vehicle,157,True,True,0.0,0.0,0.0,0.9512248256764361,0.051305013873398614,0.09027216898450742,9.0,8.0,0.8730193376541138,8.0
qd7f454a60f,dev,native_brand,Combien de kilomètres de rodage sont nécessaires pour que les freins de ma Fiat soient totalement efficaces ?,model,6,True,True,0.0,0.0,1.0,0.9508123670058855,0.0458368909317208,0.01455535606547013,10.0,6.0,0.8481758832931519,9.0
qd7f454a60f,dev,native_model,Combien de kilomètres de rodage sont nécessaires pour que les freins de ma Panda soient totalement efficaces ?,none,1,True,False,1.0,1.0,0.0,0.0,1.0,1.0,1.0,1.0,1.0,9.0
qd7f454a60f,dev,native_full,Combien de kilomètres de rodage sont nécessaires pour que les freins de ma Fiat Panda (2012) soient totalement efficaces ?,none,1,True,False,1.0,1.0,1.0,0.0,1.0,1.0,1.0,1.0,1.0,11.0
q178ff418bc,test,native_plain,Combien de clignotements se produisent lorsqu'on donne une brève impulsion sur le levier de clignotant pour changer de file ?,vehicle,157,True,True,0.0,0.0,0.0,0.9566494268068884,0.07340268499872363,0.4400736047923146,10.0,7.0,0.8741762042045593,11.0
q178ff418bc,test,native_brand,Combien de clignotements se produisent lorsqu'on donne une brève impulsion sur le levier de clignotant pour changer de file sur ma Fiat ?,model,6,True,True,0.0,0.0,1.0,0.9491628186434552,0.07005487207281072,0.3527726889863064,10.0,8.0,0.8699716329574585,12.0
q178ff418bc,test,native_model,Combien de clignotements se produisent lorsqu'on donne une brève impulsion sur le levier de clignotant pour changer de file sur ma Panda ?,none,1,True,False,1.0,1.0,0.0,0.0,1.0,1.0,1.0,1.0,1.0,12.0
q178ff418bc,test,native_full,Combien de clignotements se produisent lorsqu'on donne une brève impulsion sur le levier de clignotant pour changer de file sur ma Fiat Panda (2012) ?,none,1,True,False,1.0,1.0,1.0,0.0,1.0,1.0,1.0,1.0,1.0,14.0
q6aab4fe8fb,test,native_plain,Comment peut-on activer ou désactiver le système de détection de fatigue ?,vehicle,157,True,True,0.0,0.0,0.0,0.9400314731747093,0.08001165757054034,0.2374535563015358,5.0,3.0,0.9069674611091614,5.0
q6aab4fe8fb,test,native_brand,Comment peut-on activer ou désactiver le système de détection de fatigue sur ma Fiat ?,model,6,True,True,0.0,0.0,1.0,0.8420891191286023,0.15467024436895638,0.1334446875097659,8.0,4.0,0.8893072009086609,6.0
q6aab4fe8fb,test,native_model,Comment peut-on activer ou désactiver le système de détection de fatigue sur ma Panda ?,none,1,True,False,1.0,1.0,0.0,0.0,1.0,1.0,1.0,1.0,1.0,6.0
q6aab4fe8fb,test,native_full,Comment peut-on activer ou désactiver le système de détection de fatigue sur ma Fiat Panda (2012) ?,none,1,True,False,1.0,1.0,1.0,0.0,1.0,1.0,1.0,1.0,1.0,8.0
qcb2651e8a8,dev,native_plain,De combien faut-il augmenter la pression des pneus si l'on prévoit de ne pas utiliser la voiture pendant un long moment ?,vehicle,157,True,True,0.0,0.0,0.0,0.9638242790125873,0.04363102232362032,0.07291178495295281,9.0,5.0,0.921959400177002,10.0
qcb2651e8a8,dev,native_brand,De combien faut-il augmenter la pression des pneus si l'on prévoit de ne pas utiliser ma Fiat pendant un long moment ?,model,6,True,True,0.0,0.0,1.0,0.9041705228115392,0.11121475061497707,0.08329472874332179,5.0,1.0,0.9239034652709961,10.0
qcb2651e8a8,dev,native_model,De combien faut-il augmenter la pression des pneus si l'on prévoit de ne pas utiliser ma Punto pendant un long moment ?,none,1,True,False,1.0,1.0,0.0,0.0,1.0,1.0,1.0,1.0,1.0,10.0
qcb2651e8a8,dev,native_full,De combien faut-il augmenter la pression des pneus si l'on prévoit de ne pas utiliser ma Fiat Punto (1993-2018) pendant un long moment ?,none,1,True,False,1.0,1.0,1.0,0.0,1.0,1.0,1.0,1.0,1.0,13.0
q09a8a8e5ed,test,native_plain,À partir de quelle vitesse les portes se verrouillent-elles automatiquement en roulant ?,vehicle,157,True,True,0.0,0.0,0.0,0.959428517355966,0.06496042070265709,0.12297152392777977,10.0,8.0,0.8906925320625305,6.0
q09a8a8e5ed,test,native_brand,À partir de quelle vitesse les portes de ma Fiat se verrouillent-elles automatiquement en roulant ?,model,6,True,True,0.0,0.0,1.0,0.9582859364779551,0.06158947071493797,0.0926043763417966,10.0,7.0,0.9065057039260864,7.0
q09a8a8e5ed,test,native_model,À partir de quelle vitesse les portes de ma Punto se verrouillent-elles automatiquement en roulant ?,none,1,True,False,1.0,1.0,0.0,0.0,1.0,1.0,1.0,1.0,1.0,7.0
q09a8a8e5ed,test,native_full,À partir de quelle vitesse les portes de ma Fiat Punto (1993-2018) se verrouillent-elles automatiquement en roulant ?,none,1,True,False,1.0,1.0,1.0,0.0,1.0,1.0,1.0,1.0,1.0,10.0
q623bbc011f,test,native_plain,Est-ce que l'airbag latéral passager est désactivé si je coupe l'airbag frontal ?,vehicle,157,True,True,0.0,0.0,0.0,0.9429220007309002,0.06156836213097566,0.1479124979703587,9.0,9.0,0.9039008021354675,7.0
q623bbc011f,test,native_brand,Est-ce que l'airbag latéral passager de ma Fiat est désactivé si je coupe l'airbag frontal ?,model,6,True,True,0.0,0.0,1.0,0.9522527704857257,0.05596626907703606,0.10127851972258936,9.0,8.0,0.8980305790901184,8.0
q623bbc011f,test,native_model,Est-ce que l'airbag latéral passager de ma Punto est désactivé si je coupe l'airbag frontal ?,none,1,True,False,1.0,1.0,0.0,0.0,1.0,1.0,1.0,1.0,1.0,8.0
q623bbc011f,test,native_full,Est-ce que l'airbag latéral passager de ma Fiat Punto (1993-2018) est désactivé si je coupe l'airbag frontal ?,none,1,True,False,1.0,1.0,1.0,0.0,1.0,1.0,1.0,1.0,1.0,11.0
q7b64706aa6,test,native_plain,Combien de temps l'aide au démarrage en côte maintient-elle les freins serrés ?,vehicle,157,True,True,0.0,0.0,0.0,0.9654573522095662,0.03700242680277961,0.03053932735997255,9.0,5.0,0.9763220548629761,8.0
q7b64706aa6,test,native_brand,Combien de temps l'aide au démarrage en côte maintient-elle les freins serrés sur ma Fiat ?,model,6,True,True,0.0,0.0,1.0,0.9642584185427846,0.0375476731939405,0.055218654497152304,9.0,5.0,0.9763220548629761,9.0
q7b64706aa6,test,native_model,Combien de temps l'aide au démarrage en côte maintient-elle les freins serrés sur ma Punto ?,none,1,True,False,1.0,1.0,0.0,0.0,1.0,1.0,1.0,1.0,1.0,9.0
q7b64706aa6,test,native_full,Combien de temps l'aide au démarrage en côte maintient-elle les freins serrés sur ma Fiat Punto (1993-2018) ?,none,1,True,False,1.0,1.0,1.0,0.0,1.0,1.0,1.0,1.0,1.0,12.0
qa25b8ced48,test,native_plain,Que signifie le nombre 35 à la fin du code d'identification d'une jante ?,vehicle,157,False,False,0.0,0.0,0.0,0.9481363338941944,0.0779915367153269,0.38634632478025827,8.0,6.0,0.849502444267273,7.0
qa25b8ced48,test,native_brand,Que signifie le nombre 35 à la fin du code d'identification d'une jante sur ma Fiat ?,model,6,False,False,0.0,0.0,1.0,0.9219355721819072,0.10084433844057568,0.35648795099713715,7.0,4.0,0.8081825971603394,8.0
qa25b8ced48,test,native_model,Que signifie le nombre 35 à la fin du code d'identification d'une jante sur ma Punto ?,none,1,False,False,1.0,1.0,0.0,0.0,1.0,1.0,1.0,1.0,1.0,8.0
qa25b8ced48,test,native_full,Que signifie le nombre 35 à la fin du code d'identification d'une jante sur ma Fiat Punto (1993-2018) ?,none,1,False,False,1.0,1.0,1.0,0.0,1.0,1.0,1.0,1.0,1.0,11.0
q9cf6c64c05,test,native_plain,De quoi a-t-on besoin pour faire faire un double des clés ?,vehicle,157,True,True,0.0,0.0,0.0,0.9506408086257307,0.07607145917871203,0.19719828023233116,9.0,3.0,0.88127201795578,3.0
q9cf6c64c05,test,native_brand,De quoi a-t-on besoin pour faire faire un double des clés de ma Fiat ?,model,6,True,True,0.0,0.0,1.0,0.8896350043401209,0.12734133141252446,0.17621073131569526,10.0,3.0,0.8539589047431946,4.0
q9cf6c64c05,test,native_model,De quoi a-t-on besoin pour faire faire un double des clés de ma Punto ?,none,1,True,False,1.0,1.0,0.0,0.0,1.0,1.0,1.0,1.0,1.0,4.0
q9cf6c64c05,test,native_full,De quoi a-t-on besoin pour faire faire un double des clés de ma Fiat Punto (1993-2018) ?,none,1,True,False,1.0,1.0,1.0,0.0,1.0,1.0,1.0,1.0,1.0,7.0
q08177a91b9,test,native_plain,Comment le système EOBD indique-t-il qu'une pièce est usée ou endommagée ?,vehicle,157,False,False,0.0,0.0,0.0,0.9355534729924853,0.08091773050569134,0.23432405567600836,8.0,2.0,0.9139750599861145,6.0
q08177a91b9,test,native_brand,Comment le système EOBD indique-t-il qu'une pièce est usée ou endommagée sur ma Fiat ?,model,6,False,False,0.0,0.0,1.0,0.8779980155732586,0.1328681908473256,0.195432655330871,8.0,2.0,0.9216858744621277,7.0
q08177a91b9,test,native_model,Comment le système EOBD indique-t-il qu'une pièce est usée ou endommagée sur ma Tipo ?,none,1,False,False,1.0,1.0,0.0,0.0,1.0,1.0,1.0,1.0,1.0,7.0
q08177a91b9,test,native_full,Comment le système EOBD indique-t-il qu'une pièce est usée ou endommagée sur ma Fiat Tipo (2016) ?,none,1,False,False,1.0,1.0,1.0,0.0,1.0,1.0,1.0,1.0,1.0,9.0
q371f706baf,test,native_plain,Faut-il laisser tourner le moteur à l'arrêt pour le faire chauffer après le démarrage ?,vehicle,157,False,False,0.0,0.0,0.0,0.9596247078340518,0.03946143963238794,0.033360512189712595,9.0,5.0,0.8775930404663086,6.0
q371f706baf,test,native_brand,Faut-il laisser tourner le moteur à l'arrêt pour le faire chauffer après le démarrage sur ma Fiat ?,model,6,False,False,0.0,0.0,1.0,0.8707039254735105,0.1736917844970359,0.44505968349750036,5.0,3.0,0.8503891825675964,7.0
q371f706baf,test,native_model,Faut-il laisser tourner le moteur à l'arrêt pour le faire chauffer après le démarrage sur ma Tipo ?,none,1,False,False,1.0,1.0,0.0,0.0,1.0,1.0,1.0,1.0,1.0,7.0
q371f706baf,test,native_full,Faut-il laisser tourner le moteur à l'arrêt pour le faire chauffer après le démarrage sur ma Fiat Tipo (2016) ?,none,1,False,False,1.0,1.0,1.0,0.0,1.0,1.0,1.0,1.0,1.0,9.0
qf6a52dceff,dev,native_plain,À quelle fréquence doit-on remplacer le liquide de frein ?,vehicle,157,False,False,0.0,0.0,0.0,0.9357464581508277,0.09357251405493115,0.10509821395326963,9.0,5.0,0.8855546712875366,4.0
qf6a52dceff,dev,native_brand,À quelle fréquence doit-on remplacer le liquide de frein sur ma Fiat ?,model,6,False,False,0.0,0.0,1.0,0.8988413424009766,0.11171841824649835,0.1616136862569346,10.0,4.0,0.8630150556564331,5.0
qf6a52dceff,dev,native_model,À quelle fréquence doit-on remplacer le liquide de frein sur ma Tipo ?,none,1,False,False,1.0,1.0,0.0,0.0,1.0,1.0,1.0,1.0,1.0,5.0
qf6a52dceff,dev,native_full,À quelle fréquence doit-on remplacer le liquide de frein sur ma Fiat Tipo (2016) ?,none,1,False,False,1.0,1.0,1.0,0.0,1.0,1.0,1.0,1.0,1.0,7.0
q0c2bcd4314,test,native_plain,Jusqu'à quelle taille un enfant doit-il utiliser un siège auto adapté ?,vehicle,157,False,False,0.0,0.0,0.0,0.9605681432375027,0.06275915065839921,0.20703069403766042,9.0,5.0,0.9040316343307495,6.0
q0c2bcd4314,test,native_brand,Jusqu'à quelle taille un enfant doit-il utiliser un siège auto adapté dans ma Fiat ?,model,6,False,False,0.0,0.0,1.0,0.9108818945040236,0.08861459370869158,0.13055668610255022,7.0,2.0,0.9355515241622925,7.0
q0c2bcd4314,test,native_model,Jusqu'à quelle taille un enfant doit-il utiliser un siège auto adapté dans ma Tipo ?,none,1,False,False,1.0,1.0,0.0,0.0,1.0,1.0,1.0,1.0,1.0,7.0
q0c2bcd4314,test,native_full,Jusqu'à quelle taille un enfant doit-il utiliser un siège auto adapté dans ma Fiat Tipo (2016) ?,none,1,False,False,1.0,1.0,1.0,0.0,1.0,1.0,1.0,1.0,1.0,9.0
q22e4736026,test,native_plain,Où se trouve l'étiquette qui récapitule les différents symboles des composants ?,vehicle,157,True,True,0.0,0.0,0.0,0.9354643178592513,0.09413068594887637,0.4540663602265443,9.0,4.0,0.8513511419296265,6.0
q22e4736026,test,native_brand,Où se trouve l'étiquette qui récapitule les différents symboles des composants sur ma Fiat ?,model,6,True,True,0.0,0.0,1.0,0.8859610406817777,0.11706243860825917,0.20451695917220036,8.0,2.0,0.8893531560897827,7.0
q22e4736026,test,native_model,Où se trouve l'étiquette qui récapitule les différents symboles des composants sur ma Tipo ?,none,1,True,False,1.0,1.0,0.0,0.0,1.0,1.0,1.0,1.0,1.0,7.0
q22e4736026,test,native_full,Où se trouve l'étiquette qui récapitule les différents symboles des composants sur ma Fiat Tipo (2016) ?,none,1,True,False,1.0,1.0,1.0,0.0,1.0,1.0,1.0,1.0,1.0,9.0
qbf62a5b054,dev,native_plain,Après combien de kilomètres la consommation de carburant commence-t-elle à se stabiliser ?,vehicle,157,True,True,0.0,0.0,0.0,0.9555602259394974,0.05167068843776554,0.047523748530423834,9.0,8.0,0.8050223588943481,6.0
qbf62a5b054,dev,native_brand,Après combien de kilomètres la consommation de carburant commence-t-elle à se stabiliser sur ma Fiat ?,model,6,True,True,0.0,0.0,1.0,0.9425032123156613,0.08542098880435833,0.4284780462464494,10.0,6.0,0.8370417356491089,7.0
qbf62a5b054,dev,native_model,Après combien de kilomètres la consommation de carburant commence-t-elle à se stabiliser sur ma Tipo ?,none,1,True,False,1.0,1.0,0.0,0.0,1.0,1.0,1.0,1.0,1.0,7.0
qbf62a5b054,dev,native_full,Après combien de kilomètres la consommation de carburant commence-t-elle à se stabiliser sur ma Fiat Tipo (2016) ?,none,1,True,False,1.0,1.0,1.0,0.0,1.0,1.0,1.0,1.0,1.0,9.0
q43e709fdee,test,native_plain,Comment accéder à l'ampoule du feu antibrouillard avant ?,vehicle,157,True,True,0.0,0.0,0.0,0.9226157300484562,0.1027172921094322,0.43386316748948767,9.0,7.0,0.8880139589309692,4.0
q43e709fdee,test,native_brand,Comment accéder à l'ampoule du feu antibrouillard avant sur ma Fiat ?,model,6,True,True,0.0,0.0,1.0,0.90312998358391,0.11384193146269399,0.27425235176030993,6.0,2.0,0.9205701947212219,5.0
q43e709fdee,test,native_model,Comment accéder à l'ampoule du feu antibrouillard avant sur ma Uno ?,none,1,True,False,1.0,1.0,0.0,0.0,1.0,1.0,1.0,1.0,1.0,5.0
q43e709fdee,test,native_full,Comment accéder à l'ampoule du feu antibrouillard avant sur ma Fiat Uno (1983-1995) ?,none,1,True,False,1.0,1.0,1.0,0.0,1.0,1.0,1.0,1.0,1.0,8.0
qe4671f4999,dev,native_plain,Qui dois-je contacter avant d'installer une alarme ou un autoradio pour éviter de décharger la batterie ?,vehicle,157,True,True,0.0,0.0,0.0,0.9520559045045813,0.08414569587766293,0.5585138363565776,9.0,4.0,0.859844982624054,7.0
qe4671f4999,dev,native_brand,Qui dois-je contacter avant d'installer une alarme ou un autoradio sur ma Fiat pour éviter de décharger la batterie ?,model,6,True,True,0.0,0.0,1.0,0.7931474652770595,0.1812696559193032,0.13029387476171633,8.0,3.0,0.925212562084198,8.0
qe4671f4999,dev,native_model,Qui dois-je contacter avant d'installer une alarme ou un autoradio sur ma Uno pour éviter de décharger la batterie ?,none,1,True,False,1.0,1.0,0.0,0.0,1.0,1.0,1.0,1.0,1.0,8.0
qe4671f4999,dev,native_full,Qui dois-je contacter avant d'installer une alarme ou un autoradio sur ma Fiat Uno (1983-1995) pour éviter de décharger la batterie ?,none,1,True,False,1.0,1.0,1.0,0.0,1.0,1.0,1.0,1.0,1.0,11.0
q75973d1c11,test,native_plain,Comment nettoyer les ceintures de sécurité ?,vehicle,157,False,False,0.0,0.0,0.0,0.9641219746275572,0.037951117058529306,0.022128582084197494,9.0,5.0,0.9153062105178833,3.0
q75973d1c11,test,native_brand,Comment nettoyer les ceintures de sécurité sur ma Fiat ?,model,6,False,False,0.0,0.0,1.0,0.953012685634593,0.061621908459870575,0.3025966287417932,9.0,5.0,0.9039584994316101,4.0
q75973d1c11,test,native_model,Comment nettoyer les ceintures de sécurité sur ma Uno ?,none,1,False,False,1.0,1.0,0.0,0.0,1.0,1.0,1.0,1.0,1.0,4.0
q75973d1c11,test,native_full,Comment nettoyer les ceintures de sécurité sur ma Fiat Uno (1983-1995) ?,none,1,False,False,1.0,1.0,1.0,0.0,1.0,1.0,1.0,1.0,1.0,7.0
q751bd4a160,test,native_plain,Où se situe la commande permettant de régler la hauteur des phares depuis l'intérieur de la voiture ?,vehicle,157,True,True,0.0,0.0,0.0,0.9283853621878322,0.07041084028938452,0.2128477377235436,7.0,3.0,0.8753576278686523,9.0
q751bd4a160,test,native_brand,Où se situe la commande permettant de régler la hauteur des phares depuis l'intérieur de ma Fiat ?,model,6,True,True,0.0,0.0,1.0,0.9339935146826943,0.06361955739496518,0.016641795709459162,9.0,5.0,0.8682448267936707,9.0
q751bd4a160,test,native_model,Où se situe la commande permettant de régler la hauteur des phares depuis l'intérieur de ma Uno ?,none,1,True,False,1.0,1.0,0.0,0.0,1.0,1.0,1.0,1.0,1.0,9.0
q751bd4a160,test,native_full,Où se situe la commande permettant de régler la hauteur des phares depuis l'intérieur de ma Fiat Uno (1983-1995) ?,none,1,True,False,1.0,1.0,1.0,0.0,1.0,1.0,1.0,1.0,1.0,12.0
q40ad54e13c,test,native_plain,Quels éclairages sont surveillés par le témoin de panne des feux extérieurs ?,vehicle,157,True,True,0.0,0.0,0.0,0.9159731280671101,0.14811821627840632,0.5966483879392689,7.0,4.0,0.8870090246200562,6.0
q40ad54e13c,test,native_brand,Quels éclairages sont surveillés par le témoin de panne des feux extérieurs sur ma Fiat ?,model,6,True,True,0.0,0.0,1.0,0.8259313253923691,0.1572514760682749,0.1268459483972925,5.0,2.0,0.8723853230476379,7.0
q40ad54e13c,test,native_model,Quels éclairages sont surveillés par le témoin de panne des feux extérieurs sur ma Uno ?,none,1,True,False,1.0,1.0,0.0,0.0,1.0,1.0,1.0,1.0,1.0,7.0
q40ad54e13c,test,native_full,Quels éclairages sont surveillés par le témoin de panne des feux extérieurs sur ma Fiat Uno (1983-1995) ?,none,1,True,False,1.0,1.0,1.0,0.0,1.0,1.0,1.0,1.0,1.0,10.0
qf147cd4749,dev,native_plain,Quel type de prise électrique doit-on utiliser pour brancher une remorque ?,vehicle,157,True,True,0.0,0.0,0.0,0.8887382275545715,0.08864487478663886,0.057045665043513515,7.0,3.0,0.9354994893074036,6.0
qf147cd4749,dev,native_brand,Quel type de prise électrique doit-on utiliser pour brancher une remorque sur ma Fiat ?,model,6,True,True,0.0,0.0,1.0,0.917467058880662,0.07509496155835471,0.023087942767886716,8.0,6.0,0.8584237098693848,7.0
qf147cd4749,dev,native_model,Quel type de prise électrique doit-on utiliser pour brancher une remorque sur ma Uno ?,none,1,True,False,1.0,1.0,0.0,0.0,1.0,1.0,1.0,1.0,1.0,7.0
qf147cd4749,dev,native_full,Quel type de prise électrique doit-on utiliser pour brancher une remorque sur ma Fiat Uno (1983-1995) ?,none,1,True,False,1.0,1.0,1.0,0.0,1.0,1.0,1.0,1.0,1.0,10.0
qd50b2e03e1,dev,native_plain,Quel est l'indice d'octane minimal requis pour l'essence sans plomb ?,vehicle,157,True,True,0.0,0.0,0.0,0.9418045580503582,0.08210039844940235,0.11091528303052238,10.0,8.0,0.8892529606819153,6.0
qd50b2e03e1,dev,native_brand,Quel est l'indice d'octane minimal requis pour l'essence sans plomb sur ma Ford ?,model,5,True,True,0.0,0.0,1.0,0.9420890101790816,0.07864407561077025,0.16777854058067485,8.0,6.0,0.8910115957260132,7.0
qd50b2e03e1,dev,native_model,Quel est l'indice d'octane minimal requis pour l'essence sans plomb sur ma Fiesta ?,none,1,True,False,1.0,1.0,0.0,0.0,1.0,1.0,1.0,1.0,1.0,7.0
qd50b2e03e1,dev,native_full,Quel est l'indice d'octane minimal requis pour l'essence sans plomb sur ma Ford Fiesta (2017) ?,none,1,True,False,1.0,1.0,1.0,0.0,1.0,1.0,1.0,1.0,1.0,9.0
qda3a568910,dev,native_plain,Est-ce que les feux de détresse s'activent tout seuls en cas de freinage d'urgence ?,vehicle,157,False,False,0.0,0.0,0.0,0.9546682816872368,0.05227772179961096,0.25391774824027696,8.0,3.0,0.913260817527771,7.0
qda3a568910,dev,native_brand,Est-ce que les feux de détresse s'activent tout seuls sur ma Ford en cas de freinage d'urgence ?,model,5,False,False,0.0,0.0,1.0,0.9551601099286586,0.06841279983021827,0.34029749506069656,9.0,3.0,0.9338424801826477,8.0
qda3a568910,dev,native_model,Est-ce que les feux de détresse s'activent tout seuls sur ma Fiesta en cas de freinage d'urgence ?,none,1,False,False,1.0,1.0,0.0,0.0,1.0,1.0,1.0,1.0,1.0,8.0
qda3a568910,dev,native_full,Est-ce que les feux de détresse s'activent tout seuls sur ma Ford Fiesta (2017) en cas de freinage d'urgence ?,none,1,False,False,1.0,1.0,1.0,0.0,1.0,1.0,1.0,1.0,1.0,10.0
qa51ae1e58d,test,native_plain,Combien de temps l'autoradio reste-t-il actif après avoir coupé le contact ?,vehicle,157,True,True,0.0,0.0,0.0,0.964750391521837,0.04417632412994849,0.09501125943867982,9.0,6.0,0.832964301109314,8.0
qa51ae1e58d,test,native_brand,Combien de temps l'autoradio reste-t-il actif après avoir coupé le contact sur ma Ford ?,model,5,True,True,0.0,0.0,1.0,0.9630437943604856,0.04468783267330866,0.006822514363648337,9.0,7.0,0.8133270144462585,9.0
qa51ae1e58d,test,native_model,Combien de temps l'autoradio reste-t-il actif après avoir coupé le contact sur ma Fiesta ?,none,1,True,False,1.0,1.0,0.0,0.0,1.0,1.0,1.0,1.0,1.0,9.0
qa51ae1e58d,test,native_full,Combien de temps l'autoradio reste-t-il actif après avoir coupé le contact sur ma Ford Fiesta (2017) ?,none,1,True,False,1.0,1.0,1.0,0.0,1.0,1.0,1.0,1.0,1.0,11.0
qcb25d4dccb,dev,native_plain,Qu'advient-il du chauffage du pare-brise et de la lunette arrière lorsqu'on éteint le dégivrage maximal ?,vehicle,157,True,True,0.0,0.0,0.0,0.9387381646616334,0.06851316165529461,0.006969461469336364,6.0,2.0,0.9410252571105957,10.0
qcb25d4dccb,dev,native_brand,Qu'advient-il du chauffage du pare-brise et de la lunette arrière lorsqu'on éteint le dégivrage maximal sur une Ford ?,model,5,True,True,0.0,0.0,1.0,0.9351449831298965,0.06890997919962524,0.006526255940559064,6.0,2.0,0.9503426551818848,11.0
qcb25d4dccb,dev,native_model,Qu'advient-il du chauffage du pare-brise et de la lunette arrière lorsqu'on éteint le dégivrage maximal sur une Fiesta ?,none,1,True,False,1.0,1.0,0.0,0.0,1.0,1.0,1.0,1.0,1.0,11.0
qcb25d4dccb,dev,native_full,Qu'advient-il du chauffage du pare-brise et de la lunette arrière lorsqu'on éteint le dégivrage maximal sur une Ford Fiesta (2017) ?,none,1,True,False,1.0,1.0,1.0,0.0,1.0,1.0,1.0,1.0,1.0,13.0
q39d3873ac5,test,native_plain,Que doit-on faire si l'on est obligé de rouler avec le coffre ouvert ?,vehicle,157,False,False,0.0,0.0,0.0,0.9534188663770093,0.050511212906746004,0.0018071110211700923,9.0,6.0,0.9716324806213379,4.0
q39d3873ac5,test,native_brand,Que doit-on faire si l'on est obligé de rouler avec le coffre ouvert sur ma Ford ?,model,5,False,False,0.0,0.0,1.0,0.9295527670540791,0.11489613685228338,0.5626897602189838,10.0,7.0,0.9984687566757202,5.0
q39d3873ac5,test,native_model,Que doit-on faire si l'on est obligé de rouler avec le coffre ouvert sur ma Fiesta ?,none,1,False,False,1.0,1.0,0.0,0.0,1.0,1.0,1.0,1.0,1.0,5.0
q39d3873ac5,test,native_full,Que doit-on faire si l'on est obligé de rouler avec le coffre ouvert sur ma Ford Fiesta (2017) ?,none,1,False,False,1.0,1.0,1.0,0.0,1.0,1.0,1.0,1.0,1.0,7.0
qbe5748fcfd,dev,native_plain,Comment basculer du régulateur de vitesse adaptatif au régulateur classique ?,vehicle,157,True,True,0.0,0.0,0.0,0.859344764417352,0.11368836962294357,0.08632672387541375,6.0,3.0,0.917952835559845,6.0
qbe5748fcfd,dev,native_brand,Comment basculer du régulateur de vitesse adaptatif au régulateur classique sur ma Ford ?,model,5,True,True,0.0,0.0,1.0,0.8536378249298762,0.14800011845185607,0.28773516840940955,6.0,2.0,0.9181521534919739,7.0
qbe5748fcfd,dev,native_model,Comment basculer du régulateur de vitesse adaptatif au régulateur classique sur ma Fiesta ?,none,1,True,False,1.0,1.0,0.0,0.0,1.0,1.0,1.0,1.0,1.0,7.0
qbe5748fcfd,dev,native_full,Comment basculer du régulateur de vitesse adaptatif au régulateur classique sur ma Ford Fiesta (2017) ?,none,1,True,False,1.0,1.0,1.0,0.0,1.0,1.0,1.0,1.0,1.0,9.0
q4ccbd88c19,test,native_plain,Que faut-il faire si la remorque commence à osciller ou à bouger anormalement ?,vehicle,157,False,False,0.0,0.0,0.0,0.9477614908456847,0.061998085284246024,0.15342556226521858,10.0,7.0,0.9398398399353027,5.0
q4ccbd88c19,test,native_brand,Que faut-il faire si la remorque de ma Ford commence à osciller ou à bouger anormalement ?,model,5,False,False,0.0,0.0,1.0,0.9594305766637992,0.04990610742602358,0.045783286199315,9.0,6.0,0.9310247302055359,6.0
q4ccbd88c19,test,native_model,Que faut-il faire si la remorque de ma Focus commence à osciller ou à bouger anormalement ?,none,1,False,False,1.0,1.0,0.0,0.0,1.0,1.0,1.0,1.0,1.0,6.0
q4ccbd88c19,test,native_full,Que faut-il faire si la remorque de ma Ford Focus (2018) commence à osciller ou à bouger anormalement ?,none,1,False,False,1.0,1.0,1.0,0.0,1.0,1.0,1.0,1.0,1.0,8.0
qb7f93efceb,dev,native_plain,De quoi a-t-on besoin pour accéder aux services connectés de la voiture ?,vehicle,157,False,False,0.0,0.0,0.0,0.9184685277130551,0.09801473856473912,0.25346463420908105,8.0,5.0,0.8583658933639526,5.0
qb7f93efceb,dev,native_brand,De quoi a-t-on besoin pour accéder aux services connectés sur ma Ford ?,model,5,False,False,0.0,0.0,1.0,0.7869335850693482,0.23782440037527955,0.3809486707890402,5.0,1.0,0.9934612512588501,5.0
qb7f93efceb,dev,native_model,De quoi a-t-on besoin pour accéder aux services connectés sur ma Focus ?,none,1,False,False,1.0,1.0,0.0,0.0,1.0,1.0,1.0,1.0,1.0,5.0
qb7f93efceb,dev,native_full,De quoi a-t-on besoin pour accéder aux services connectés sur ma Ford Focus (2018) ?,none,1,False,False,1.0,1.0,1.0,0.0,1.0,1.0,1.0,1.0,1.0,7.0
q3aff7ab3f1,test,native_plain,Comment régler la température conducteur et passager en même temps ?,vehicle,157,False,False,0.0,0.0,0.0,0.9345386582761561,0.07292832573718372,0.1610766544766968,8.0,7.0,0.8725765943527222,5.0
q3aff7ab3f1,test,native_brand,Comment régler la température conducteur et passager en même temps sur ma Ford ?,model,5,False,False,0.0,0.0,1.0,0.9368450089810476,0.07000070296488418,0.2610214248253654,9.0,8.0,0.8646348714828491,6.0
q3aff7ab3f1,test,native_model,Comment régler la température conducteur et passager en même temps sur ma Focus ?,none,1,False,False,1.0,1.0,0.0,0.0,1.0,1.0,1.0,1.0,1.0,6.0
q3aff7ab3f1,test,native_full,Comment régler la température conducteur et passager en même temps sur ma Ford Focus (2018) ?,none,1,False,False,1.0,1.0,1.0,0.0,1.0,1.0,1.0,1.0,1.0,8.0
qe5edf1f165,dev,native_plain,Comment faire pour allumer les antibrouillards si les feux sont réglés sur automatique ?,vehicle,157,False,False,0.0,0.0,0.0,0.9764313404820457,0.03656478944467619,0.10048332042136587,10.0,7.0,0.9464918375015259,5.0
qe5edf1f165,dev,native_brand,Comment faire pour allumer les antibrouillards si les feux de ma Ford sont réglés sur automatique ?,model,5,False,False,0.0,0.0,1.0,0.9712517134158744,0.04710329304018014,0.32098142886710435,10.0,7.0,0.9472697973251343,6.0
qe5edf1f165,dev,native_model,Comment faire pour allumer les antibrouillards si les feux de ma Focus sont réglés sur automatique ?,none,1,False,False,1.0,1.0,0.0,0.0,1.0,1.0,1.0,1.0,1.0,6.0
qe5edf1f165,dev,native_full,Comment faire pour allumer les antibrouillards si les feux de ma Ford Focus (2018) sont réglés sur automatique ?,none,1,False,False,1.0,1.0,1.0,0.0,1.0,1.0,1.0,1.0,1.0,8.0
q14daec1b03,test,native_plain,Que faire en cas de contact du liquide de frein avec la peau ou les yeux ?,vehicle,157,False,False,0.0,0.0,0.0,0.962154368532138,0.06569783057902634,0.5042230109244153,7.0,4.0,0.9051445126533508,6.0
q14daec1b03,test,native_brand,Que faire en cas de contact du liquide de frein avec la peau ou les yeux sur ma Ford ?,model,5,False,False,0.0,0.0,1.0,0.9579416915069523,0.06574214442581082,0.40083155613450944,8.0,4.0,0.8800240755081177,7.0
q14daec1b03,test,native_model,Que faire en cas de contact du liquide de frein avec la peau ou les yeux sur ma Focus ?,none,1,False,False,1.0,1.0,0.0,0.0,1.0,1.0,1.0,1.0,1.0,7.0
q14daec1b03,test,native_full,Que faire en cas de contact du liquide de frein avec la peau ou les yeux sur ma Ford Focus (2018) ?,none,1,False,False,1.0,1.0,1.0,0.0,1.0,1.0,1.0,1.0,1.0,9.0
qf5fd15d097,dev,native_plain,Pourquoi le kilométrage associé à la clé MyKey n'augmente-t-il pas ?,vehicle,157,True,True,0.0,0.0,0.0,0.698731056416248,0.28697140754488687,0.24437972759749155,3.0,1.0,0.879376232624054,6.0
qf5fd15d097,dev,native_brand,Pourquoi le kilométrage associé à la clé MyKey n'augmente-t-il pas sur ma Ford ?,model,5,True,True,0.0,0.0,1.0,0.6858884392528215,0.30051289449739116,0.22119242140346032,3.0,1.0,0.8587892651557922,7.0
qf5fd15d097,dev,native_model,Pourquoi le kilométrage associé à la clé MyKey n'augmente-t-il pas sur ma Focus ?,none,1,True,False,1.0,1.0,0.0,0.0,1.0,1.0,1.0,1.0,1.0,7.0
qf5fd15d097,dev,native_full,Pourquoi le kilométrage associé à la clé MyKey n'augmente-t-il pas sur ma Ford Focus (2018) ?,none,1,True,False,1.0,1.0,1.0,0.0,1.0,1.0,1.0,1.0,1.0,9.0
q1788a81248,test,native_plain,À quelle distance minimale des airbags et des modules électroniques doit-on installer les câbles d'antenne et d'alimentation ?,vehicle,157,True,True,0.0,0.0,0.0,0.9490977939549753,0.07962797424502198,0.3541234006850413,10.0,6.0,0.8105441927909851,9.0
q1788a81248,test,native_brand,À quelle distance minimale des airbags et des modules électroniques doit-on installer les câbles d'antenne et d'alimentation sur une Ford ?,model,5,True,True,0.0,0.0,1.0,0.9456953651701706,0.07737174922838871,0.38168282120754693,10.0,4.0,0.8170602917671204,10.0
q1788a81248,test,native_model,À quelle distance minimale des airbags et des modules électroniques doit-on installer les câbles d'antenne et d'alimentation sur une Mustang ?,none,1,True,False,1.0,1.0,0.0,0.0,1.0,1.0,1.0,1.0,1.0,10.0
q1788a81248,test,native_full,À quelle distance minimale des airbags et des modules électroniques doit-on installer les câbles d'antenne et d'alimentation sur une Ford Mustang (1964-2024) ?,none,1,True,False,1.0,1.0,1.0,0.0,1.0,1.0,1.0,1.0,1.0,13.0
q5ae9b4127c,test,native_plain,Comment trouver de l'aide si mes applications de téléphone ne fonctionnent pas sur l'écran ?,vehicle,157,True,True,0.0,0.0,0.0,0.9284020918030087,0.11084506504263095,0.20170206611262795,9.0,5.0,0.8910068273544312,6.0
q5ae9b4127c,test,native_brand,Comment trouver de l'aide si mes applications de téléphone ne fonctionnent pas sur l'écran de ma Ford ?,model,5,True,True,0.0,0.0,1.0,0.8519430536901806,0.1734258351048987,0.15860377839483,4.0,1.0,0.8121086359024048,7.0
q5ae9b4127c,test,native_model,Comment trouver de l'aide si mes applications de téléphone ne fonctionnent pas sur l'écran de ma Mustang ?,none,1,True,False,1.0,1.0,0.0,0.0,1.0,1.0,1.0,1.0,1.0,7.0
q5ae9b4127c,test,native_full,Comment trouver de l'aide si mes applications de téléphone ne fonctionnent pas sur l'écran de ma Ford Mustang (1964-2024) ?,none,1,True,False,1.0,1.0,1.0,0.0,1.0,1.0,1.0,1.0,1.0,10.0
qb489e54ecc,dev,native_plain,Comment peut-on contourner l'avertisseur de sortie sécuritaire à l'aide du verrouillage de sécurité enfants ?,vehicle,157,True,True,0.0,0.0,0.0,0.9114934186148198,0.14773073370674225,0.5151249837353832,8.0,5.0,0.8954206705093384,8.0
qb489e54ecc,dev,native_brand,Comment peut-on contourner l'avertisseur de sortie sécuritaire à l'aide du verrouillage de sécurité enfants sur ma Ford ?,model,5,True,True,0.0,0.0,1.0,0.9145199242229469,0.15306391775410533,0.5478980334992787,8.0,5.0,0.8599427342414856,9.0
qb489e54ecc,dev,native_model,Comment peut-on contourner l'avertisseur de sortie sécuritaire à l'aide du verrouillage de sécurité enfants sur ma Mustang ?,none,1,True,False,1.0,1.0,0.0,0.0,1.0,1.0,1.0,1.0,1.0,9.0
qb489e54ecc,dev,native_full,Comment peut-on contourner l'avertisseur de sortie sécuritaire à l'aide du verrouillage de sécurité enfants sur ma Ford Mustang (1964-2024) ?,none,1,True,False,1.0,1.0,1.0,0.0,1.0,1.0,1.0,1.0,1.0,12.0
q6cb70eaf09,test,native_plain,Combien de positions de mémorisation peut-on enregistrer au maximum ?,vehicle,157,True,True,0.0,0.0,0.0,0.9507108713692031,0.05563821006930423,0.07366688146004036,9.0,5.0,0.8504111170768738,5.0
q6cb70eaf09,test,native_brand,Combien de positions de mémorisation peut-on enregistrer au maximum sur ma Ford ?,model,5,True,True,0.0,0.0,1.0,0.9566172627254506,0.06381558798219235,0.09514641004363454,8.0,7.0,0.8569694757461548,6.0
q6cb70eaf09,test,native_model,Combien de positions de mémorisation peut-on enregistrer au maximum sur ma Mustang ?,none,1,True,False,1.0,1.0,0.0,0.0,1.0,1.0,1.0,1.0,1.0,6.0
q6cb70eaf09,test,native_full,Combien de positions de mémorisation peut-on enregistrer au maximum sur ma Ford Mustang (1964-2024) ?,none,1,True,False,1.0,1.0,1.0,0.0,1.0,1.0,1.0,1.0,1.0,9.0
q3c45d3054e,test,native_plain,Quelle est la vitesse minimale pour pouvoir enclencher le régulateur de vitesse adaptatif si on ne suit personne ?,vehicle,157,True,True,0.0,0.0,0.0,0.9393429706909387,0.07505947717296099,0.07374799396770267,7.0,4.0,0.9013730883598328,9.0
q3c45d3054e,test,native_brand,Quelle est la vitesse minimale pour pouvoir enclencher le régulateur de vitesse adaptatif sur ma Ford si on ne suit personne ?,model,5,True,True,0.0,0.0,1.0,0.9307710422196416,0.07416370116938252,0.039936239110189446,7.0,3.0,0.9013730883598328,10.0
q3c45d3054e,test,native_model,Quelle est la vitesse minimale pour pouvoir enclencher le régulateur de vitesse adaptatif sur ma Mustang si on ne suit personne ?,none,1,True,False,1.0,1.0,0.0,0.0,1.0,1.0,1.0,1.0,1.0,10.0
q3c45d3054e,test,native_full,Quelle est la vitesse minimale pour pouvoir enclencher le régulateur de vitesse adaptatif sur ma Ford Mustang (1964-2024) si on ne suit personne ?,none,1,True,False,1.0,1.0,1.0,0.0,1.0,1.0,1.0,1.0,1.0,13.0
q547070578a,test,native_plain,Quel doit être le poids d'un enfant pour qu'il puisse utiliser un rehausseur ?,vehicle,157,False,False,0.0,0.0,0.0,0.9551388872068367,0.06509454209956846,0.10972148140033973,8.0,4.0,0.8762815594673157,5.0
q547070578a,test,native_brand,Quel doit être le poids d'un enfant pour qu'il puisse utiliser un rehausseur dans ma Ford ?,model,5,False,False,0.0,0.0,1.0,0.9414870632804471,0.06839846533122002,0.0728035584112998,6.0,2.0,0.8792997598648071,6.0
q547070578a,test,native_model,Quel doit être le poids d'un enfant pour qu'il puisse utiliser un rehausseur dans ma Mustang ?,none,1,False,False,1.0,1.0,0.0,0.0,1.0,1.0,1.0,1.0,1.0,6.0
q547070578a,test,native_full,Quel doit être le poids d'un enfant pour qu'il puisse utiliser un rehausseur dans ma Ford Mustang (1964-2024) ?,none,1,False,False,1.0,1.0,1.0,0.0,1.0,1.0,1.0,1.0,1.0,9.0
qba859015c7,dev,native_plain,Comment peut-on retirer l'enjoliveur de la roue ?,vehicle,157,True,True,0.0,0.0,0.0,0.9610521328119022,0.0710096938229252,0.42638693761705543,10.0,5.0,0.9225919842720032,3.0
qba859015c7,dev,native_brand,Comment peut-on retirer l'enjoliveur de la roue sur une Ford ?,model,5,True,True,0.0,0.0,1.0,0.9592971021196515,0.07713808408090102,0.4324932176955911,9.0,5.0,0.923643946647644,4.0
qba859015c7,dev,native_model,Comment peut-on retirer l'enjoliveur de la roue sur une Puma ?,none,1,True,False,1.0,1.0,0.0,0.0,1.0,1.0,1.0,1.0,1.0,4.0
qba859015c7,dev,native_full,Comment peut-on retirer l'enjoliveur de la roue sur une Ford Puma (2020) ?,none,1,True,False,1.0,1.0,1.0,0.0,1.0,1.0,1.0,1.0,1.0,6.0
q314f1d0498,test,native_plain,Qu'est-ce qui peut bloquer la lumière et empêcher le fonctionnement du rétroviseur intérieur anti-éblouissement ?,vehicle,157,False,False,0.0,0.0,0.0,0.9517853327898378,0.04233903907905932,0.005099898820210125,10.0,4.0,0.8826430439949036,8.0
q314f1d0498,test,native_brand,Qu'est-ce qui peut bloquer la lumière et empêcher le fonctionnement du rétroviseur intérieur anti-éblouissement sur ma Ford ?,model,5,False,False,0.0,0.0,1.0,0.9472727802882239,0.06943288817066424,0.2021380416874067,8.0,2.0,0.8789401054382324,9.0
q314f1d0498,test,native_model,Qu'est-ce qui peut bloquer la lumière et empêcher le fonctionnement du rétroviseur intérieur anti-éblouissement sur ma Puma ?,none,1,False,False,1.0,1.0,0.0,0.0,1.0,1.0,1.0,1.0,1.0,9.0
q314f1d0498,test,native_full,Qu'est-ce qui peut bloquer la lumière et empêcher le fonctionnement du rétroviseur intérieur anti-éblouissement sur ma Ford Puma (2020) ?,none,1,False,False,1.0,1.0,1.0,0.0,1.0,1.0,1.0,1.0,1.0,11.0
q5a99aedfd3,test,native_plain,Quel type de kit de suspension peut perturber le fonctionnement de la reconnaissance des panneaux ?,vehicle,157,True,True,0.0,0.0,0.0,0.8772487465983075,0.12205975522074519,0.006787897565133911,7.0,3.0,0.9011284708976746,7.0
q5a99aedfd3,test,native_brand,Quel type de kit de suspension peut perturber le fonctionnement de la reconnaissance des panneaux sur ma Ford ?,model,5,True,True,0.0,0.0,1.0,0.8581537008250951,0.1148981535898825,0.1000795378498382,5.0,1.0,0.9087165594100952,8.0
q5a99aedfd3,test,native_model,Quel type de kit de suspension peut perturber le fonctionnement de la reconnaissance des panneaux sur ma Puma ?,none,1,True,False,1.0,1.0,0.0,0.0,1.0,1.0,1.0,1.0,1.0,8.0
q5a99aedfd3,test,native_full,Quel type de kit de suspension peut perturber le fonctionnement de la reconnaissance des panneaux sur ma Ford Puma (2020) ?,none,1,True,False,1.0,1.0,1.0,0.0,1.0,1.0,1.0,1.0,1.0,10.0
q4b551b40e7,test,native_plain,À quelle vitesse fonctionne le freinage automatique d'urgence en marche arrière ?,vehicle,157,True,True,0.0,0.0,0.0,0.9513427831775241,0.06936409642968382,0.17007897612908524,9.0,8.0,0.9010891914367676,7.0
q4b551b40e7,test,native_brand,À quelle vitesse fonctionne le freinage automatique d'urgence en marche arrière sur ma Ford ?,model,5,True,True,0.0,0.0,1.0,0.9506982191882948,0.052532142491136795,0.14540536537484247,10.0,7.0,0.9044240117073059,8.0
q4b551b40e7,test,native_model,À quelle vitesse fonctionne le freinage automatique d'urgence en marche arrière sur ma Puma ?,none,1,True,False,1.0,1.0,0.0,0.0,1.0,1.0,1.0,1.0,1.0,8.0
q4b551b40e7,test,native_full,À quelle vitesse fonctionne le freinage automatique d'urgence en marche arrière sur ma Ford Puma (2020) ?,none,1,True,False,1.0,1.0,1.0,0.0,1.0,1.0,1.0,1.0,1.0,10.0
q02e1d57f1e,test,native_plain,À partir de quelle vitesse minimale peut-on activer le régulateur de vitesse ?,vehicle,157,True,True,0.0,0.0,0.0,0.9559990600652634,0.05476990010895204,0.0019033674092525164,10.0,6.0,0.9281331300735474,6.0
q02e1d57f1e,test,native_brand,À partir de quelle vitesse minimale peut-on activer le régulateur de vitesse sur une Ford ?,model,5,True,True,0.0,0.0,1.0,0.9369521619069537,0.06985737781155468,0.01797925964597788,10.0,5.0,0.91937255859375,7.0
q02e1d57f1e,test,native_model,À partir de quelle vitesse minimale peut-on activer le régulateur de vitesse sur une Puma ?,none,1,True,False,1.0,1.0,0.0,0.0,1.0,1.0,1.0,1.0,1.0,7.0
q02e1d57f1e,test,native_full,À partir de quelle vitesse minimale peut-on activer le régulateur de vitesse sur une Ford Puma (2020) ?,none,1,True,False,1.0,1.0,1.0,0.0,1.0,1.0,1.0,1.0,1.0,9.0
q482e3d9047,test,native_plain,Où se trouve la batterie de 12 V ?,vehicle,157,True,True,0.0,0.0,0.0,0.9224173172177321,0.0860650628277473,0.12672669095648975,7.0,4.0,0.9040957689285278,3.0
q482e3d9047,test,native_brand,Où se trouve la batterie de 12 V sur ma Ford ?,model,5,True,True,0.0,0.0,1.0,0.9233626271034928,0.0773064946475972,0.0660405098719296,8.0,5.0,0.9092990159988403,4.0
q482e3d9047,test,native_model,Où se trouve la batterie de 12 V sur ma Puma ?,none,1,True,False,1.0,1.0,0.0,0.0,1.0,1.0,1.0,1.0,1.0,4.0
q482e3d9047,test,native_full,Où se trouve la batterie de 12 V sur ma Ford Puma (2020) ?,none,1,True,False,1.0,1.0,1.0,0.0,1.0,1.0,1.0,1.0,1.0,6.0
qc7efd36984,dev,native_plain,Que faut-il faire avec le bouchon du réservoir de liquide de frein pour éviter de contaminer le liquide ?,vehicle,157,False,False,0.0,0.0,0.0,0.9568975549361525,0.0577003331494633,0.07715466584991015,10.0,5.0,0.8874993324279785,7.0
qc7efd36984,dev,native_brand,Que faut-il faire avec le bouchon du réservoir de liquide de frein de mon Ford pour éviter de contaminer le liquide ?,model,5,False,False,0.0,0.0,1.0,0.9435530665251106,0.0768332330650186,0.19957305950453244,10.0,6.0,0.8958139419555664,8.0
qc7efd36984,dev,native_model,Que faut-il faire avec le bouchon du réservoir de liquide de frein de mon Ranger pour éviter de contaminer le liquide ?,none,1,False,False,1.0,1.0,0.0,0.0,1.0,1.0,1.0,1.0,1.0,8.0
qc7efd36984,dev,native_full,Que faut-il faire avec le bouchon du réservoir de liquide de frein de mon Ford Ranger (2023) pour éviter de contaminer le liquide ?,none,1,False,False,1.0,1.0,1.0,0.0,1.0,1.0,1.0,1.0,1.0,10.0
q0c017fd3e3,test,native_plain,Quelle est la vitesse maximale autorisée pour remorquer le véhicule avec les quatre roues au sol en cas de panne ?,vehicle,157,True,True,0.0,0.0,0.0,0.9512329952432195,0.05432882833659956,0.06832466019854265,9.0,5.0,0.9350074529647827,10.0
q0c017fd3e3,test,native_brand,Quelle est la vitesse maximale autorisée pour remorquer ma Ford avec les quatre roues au sol en cas de panne ?,model,5,True,True,0.0,0.0,1.0,0.9491687043040092,0.07438000049671618,0.28613325877809126,6.0,3.0,0.9321718215942383,10.0
q0c017fd3e3,test,native_model,Quelle est la vitesse maximale autorisée pour remorquer ma Ranger avec les quatre roues au sol en cas de panne ?,none,1,True,False,1.0,1.0,0.0,0.0,1.0,1.0,1.0,1.0,1.0,10.0
q0c017fd3e3,test,native_full,Quelle est la vitesse maximale autorisée pour remorquer ma Ford Ranger (2023) avec les quatre roues au sol en cas de panne ?,none,1,True,False,1.0,1.0,1.0,0.0,1.0,1.0,1.0,1.0,1.0,12.0
qa151d2e4a6,test,native_plain,Que se passe-t-il si la fonction de station régionale de la radio est désactivée ?,vehicle,157,False,False,0.0,0.0,0.0,0.9283726435336317,0.0869358563238443,0.37960325846454335,8.0,7.0,0.8788197636604309,6.0
qa151d2e4a6,test,native_brand,Que se passe-t-il si la fonction de station régionale de la radio est désactivée sur mon Ford ?,model,5,False,False,0.0,0.0,1.0,0.9257727160387027,0.08801602381594675,0.3586942202124993,10.0,9.0,0.8788197636604309,7.0
qa151d2e4a6,test,native_model,Que se passe-t-il si la fonction de station régionale de la radio est désactivée sur mon Ranger ?,none,1,False,False,1.0,1.0,0.0,0.0,1.0,1.0,1.0,1.0,1.0,7.0
qa151d2e4a6,test,native_full,Que se passe-t-il si la fonction de station régionale de la radio est désactivée sur mon Ford Ranger (2023) ?,none,1,False,False,1.0,1.0,1.0,0.0,1.0,1.0,1.0,1.0,1.0,9.0
qb7f0a568c9,dev,native_plain,Pourquoi est-ce que j'ai un message disant que l'assistance d'angle mort n'est pas disponible quand j'attache une remorque ?,vehicle,157,True,True,0.0,0.0,0.0,0.8055179681696052,0.19398843599501395,0.008538384079046992,6.0,2.0,0.9179632067680359,10.0
qb7f0a568c9,dev,native_brand,Pourquoi est-ce que j'ai un message disant que l'assistance d'angle mort n'est pas disponible quand j'attache une remorque sur mon Ford ?,model,5,True,True,0.0,0.0,1.0,0.801862766131864,0.19293783299880263,0.054659642616457046,7.0,2.0,0.9179632067680359,11.0
qb7f0a568c9,dev,native_model,Pourquoi est-ce que j'ai un message disant que l'assistance d'angle mort n'est pas disponible quand j'attache une remorque sur mon Ranger ?,none,1,True,False,1.0,1.0,0.0,0.0,1.0,1.0,1.0,1.0,1.0,11.0
qb7f0a568c9,dev,native_full,Pourquoi est-ce que j'ai un message disant que l'assistance d'angle mort n'est pas disponible quand j'attache une remorque sur mon Ford Ranger (2023) ?,none,1,True,False,1.0,1.0,1.0,0.0,1.0,1.0,1.0,1.0,1.0,13.0
q740397ddea,test,native_plain,Comment puis-je vérifier que mon téléphone est bien en train de charger sans fil ?,vehicle,157,True,True,0.0,0.0,0.0,0.9297342272696844,0.06737945933293132,0.054585322986687376,8.0,4.0,0.9131065607070923,6.0
q740397ddea,test,native_brand,Comment puis-je vérifier que mon téléphone est bien en train de charger sans fil sur mon Ford ?,model,5,True,True,0.0,0.0,1.0,0.9264456824342835,0.08634387023202914,0.19559262006818726,8.0,3.0,0.8404223322868347,7.0
q740397ddea,test,native_model,Comment puis-je vérifier que mon téléphone est bien en train de charger sans fil sur mon Ranger ?,none,1,True,False,1.0,1.0,0.0,0.0,1.0,1.0,1.0,1.0,1.0,7.0
q740397ddea,test,native_full,Comment puis-je vérifier que mon téléphone est bien en train de charger sans fil sur mon Ford Ranger (2023) ?,none,1,True,False,1.0,1.0,1.0,0.0,1.0,1.0,1.0,1.0,1.0,9.0
q2b6dda4e1e,test,native_plain,Qu'est-ce qui peut provoquer l'affichage d'un message indiquant que le capteur est temporairement indisponible ?,vehicle,157,False,False,0.0,0.0,0.0,0.9216221665953128,0.1403621803276072,0.6176120267583313,10.0,6.0,0.8458587527275085,7.0
q2b6dda4e1e,test,native_brand,Qu'est-ce qui peut provoquer l'affichage d'un message indiquant que le capteur est temporairement indisponible sur mon Ford ?,model,5,False,False,0.0,0.0,1.0,0.9299819144850793,0.12195381349897913,0.4349778913749197,10.0,7.0,0.8433438539505005,8.0
q2b6dda4e1e,test,native_model,Qu'est-ce qui peut provoquer l'affichage d'un message indiquant que le capteur est temporairement indisponible sur mon Ranger ?,none,1,False,False,1.0,1.0,0.0,0.0,1.0,1.0,1.0,1.0,1.0,8.0
q2b6dda4e1e,test,native_full,Qu'est-ce qui peut provoquer l'affichage d'un message indiquant que le capteur est temporairement indisponible sur mon Ford Ranger (2023) ?,none,1,False,False,1.0,1.0,1.0,0.0,1.0,1.0,1.0,1.0,1.0,10.0
q5d9e90d922,test,native_plain,How do I completely turn off the adaptive cruise control?,vehicle,157,True,True,0.0,0.0,0.0,0.8605505690011067,0.14156247726696367,0.010475317040083582,8.0,5.0,0.8648494482040405,5.0
q5d9e90d922,test,native_brand,How do I completely turn off the adaptive cruise control on my Genesis?,model,2,True,True,0.0,0.0,1.0,0.894838517482984,0.1206920200386442,0.1371454654163297,6.0,5.0,0.8428220748901367,6.0
q5d9e90d922,test,native_model,How do I completely turn off the adaptive cruise control on my G80?,version,2,True,True,2.0,0.0,0.0,0.38148514485071544,0.9257780636289696,0.9198275058710218,2.0,1.0,0.8636153936386108,6.0
q5d9e90d922,test,native_full,How do I completely turn off the adaptive cruise control on my Genesis G80 2023 Quick Reference Guide?,none,1,True,False,1.0,1.0,1.0,0.0,1.0,1.0,1.0,1.0,1.0,11.0
q071873c266,test,native_plain,What happens to the volume when I switch to a different audio source?,vehicle,157,False,False,0.0,0.0,0.0,0.927163157699662,0.10897816325106433,0.23561648953452557,7.0,4.0,0.8562602996826172,6.0
q071873c266,test,native_brand,What happens to the volume when I switch to a different audio source in my Genesis?,model,2,False,False,0.0,0.0,1.0,0.916578107400929,0.12838084384511494,0.2748250897959777,6.0,5.0,0.8406192064285278,7.0
q071873c266,test,native_model,What happens to the volume when I switch to a different audio source in my G80?,version,2,False,False,2.0,0.0,0.0,0.4538948601991394,0.9047069323817506,0.8946696833997072,2.0,1.0,0.8442027568817139,7.0
q071873c266,test,native_full,What happens to the volume when I switch to a different audio source in my Genesis G80 2023 Quick Reference Guide?,none,1,False,False,1.0,1.0,1.0,0.0,1.0,1.0,1.0,1.0,1.0,12.0
q25664c21e8,test,native_plain,Where in the screen menu do I go to change the driver's seat easy access setting?,vehicle,157,True,True,0.0,0.0,0.0,0.8364641604245682,0.19163449260340676,0.4242127162223706,7.0,3.0,0.9253276586532593,9.0
q25664c21e8,test,native_brand,Where in the screen menu do I go to change the driver's seat easy access setting on my Genesis?,model,2,True,True,0.0,0.0,1.0,0.7982633397586191,0.19759734112257915,0.0040838898023097025,6.0,3.0,0.8561464548110962,10.0
q25664c21e8,test,native_model,Where in the screen menu do I go to change the driver's seat easy access setting on my G80?,version,2,True,True,2.0,0.0,0.0,0.6805025840741268,0.8198053948976479,0.7801983175228443,2.0,1.0,0.8935906887054443,10.0
q25664c21e8,test,native_full,Where in the screen menu do I go to change the driver's seat easy access setting on my Genesis G80 2023 Quick Reference Guide?,none,1,True,False,1.0,1.0,1.0,0.0,1.0,1.0,1.0,1.0,1.0,15.0
qcec0d7deeb,dev,native_plain,How can I clean the climate controls without scratching them?,vehicle,157,False,False,0.0,0.0,0.0,0.8805138019942812,0.12941583915148594,0.28999706583913787,8.0,5.0,0.7942884564399719,5.0
qcec0d7deeb,dev,native_brand,How can I clean the climate controls on my Genesis without scratching them?,model,2,False,False,0.0,0.0,1.0,0.745511152906749,0.32556160707656445,0.5785600536563161,4.0,3.0,0.7580386996269226,6.0
qcec0d7deeb,dev,native_model,How can I clean the climate controls on my G80 without scratching them?,version,2,False,False,2.0,0.0,0.0,0.6201096128417645,0.8458578821237158,0.8177683022953267,2.0,1.0,0.8313808441162109,6.0
qcec0d7deeb,dev,native_full,How can I clean the climate controls on my Genesis G80 2023 Quick Reference Guide without scratching them?,none,1,False,False,1.0,1.0,1.0,0.0,1.0,1.0,1.0,1.0,1.0,11.0
qbed3fa0da0,dev,native_plain,How do I turn on the head-up display?,vehicle,157,True,True,0.0,0.0,0.0,0.7945182152348202,0.27605238619410427,0.5419167234528813,5.0,4.0,0.8647643327713013,3.0
qbed3fa0da0,dev,native_brand,How do I turn on the head-up display in my Genesis?,model,2,True,True,0.0,0.0,1.0,0.7292535905835793,0.36137555340735583,0.46716819335420334,4.0,3.0,0.8280831575393677,4.0
qbed3fa0da0,dev,native_model,How do I turn on the head-up display in my G80?,version,2,True,True,2.0,0.0,0.0,0.6159812948070587,0.8475323532999179,0.8201040395609204,2.0,1.0,0.88242506980896,4.0
qbed3fa0da0,dev,native_full,How do I turn on the head-up display in my Genesis G80 2023 Quick Reference Guide?,none,1,True,False,1.0,1.0,1.0,0.0,1.0,1.0,1.0,1.0,1.0,9.0
q71283b16df,test,native_plain,How do I activate Apple CarPlay voice commands using the steering wheel controls?,vehicle,157,False,False,0.0,0.0,0.0,0.9098449175152795,0.11137415283977256,0.1711709238020424,9.0,5.0,0.883247971534729,9.0
q71283b16df,test,native_brand,How do I activate Apple CarPlay voice commands using the steering wheel controls on my Genesis?,model,2,False,False,0.0,0.0,1.0,0.9048081421718628,0.11513961601189493,0.1992931486272175,8.0,5.0,0.8224989771842957,10.0
q71283b16df,test,native_model,How do I activate Apple CarPlay voice commands using the steering wheel controls on my G80?,version,2,False,False,2.0,0.0,0.0,0.7856312218319158,0.7655834636877875,0.6938066880611076,2.0,1.0,0.8021408319473267,10.0
q71283b16df,test,native_full,How do I activate Apple CarPlay voice commands using the steering wheel controls on my Genesis G80 2023 Quick Reference Guide?,none,1,False,False,1.0,1.0,1.0,0.0,1.0,1.0,1.0,1.0,1.0,15.0
qf56f649a57,dev,native_plain,How do I reset the safe exit warning after clearing dirt off the rear sensors?,vehicle,157,True,True,0.0,0.0,0.0,0.8252497219926411,0.17714082771905884,0.03488831571884101,5.0,2.0,0.9113880395889282,8.0
qf56f649a57,dev,native_brand,How do I reset the safe exit warning on my Genesis after clearing dirt off the rear sensors?,model,2,True,True,0.0,0.0,1.0,0.6652504192597426,0.5126328805430076,0.8314178089536706,4.0,2.0,0.9039348363876343,9.0
qf56f649a57,dev,native_model,How do I reset the safe exit warning on my G80 after clearing dirt off the rear sensors?,version,2,True,True,2.0,0.0,0.0,0.13114689678010785,0.9818111670527514,0.9814742044523198,1.0,1.0,0.8020344972610474,9.0
qf56f649a57,dev,native_full,How do I reset the safe exit warning on my Genesis G80 (2024) after clearing dirt off the rear sensors?,none,1,True,False,1.0,1.0,1.0,0.0,1.0,1.0,1.0,1.0,1.0,11.0
q78dcde2296,test,native_plain,How fast do I need to drive forward for the rear window sunshade to automatically go back up?,vehicle,157,True,True,0.0,0.0,0.0,0.8597085259608921,0.15410168227674273,0.037262529324427675,6.0,5.0,0.813971221446991,10.0
q78dcde2296,test,native_brand,How fast do I need to drive forward in my Genesis for the rear window sunshade to automatically go back up?,model,2,True,True,0.0,0.0,1.0,0.7877140888628134,0.31969588786810993,0.7683892617014627,2.0,1.0,0.7645538449287415,11.0
q78dcde2296,test,native_model,How fast do I need to drive forward in my G80 for the rear window sunshade to automatically go back up?,version,2,True,True,2.0,0.0,0.0,0.3831291039675971,0.9253259310507177,0.9192997121949353,2.0,1.0,0.8676435947418213,11.0
q78dcde2296,test,native_full,How fast do I need to drive forward in my Genesis G80 (2024) for the rear window sunshade to automatically go back up?,none,1,True,False,1.0,1.0,1.0,0.0,1.0,1.0,1.0,1.0,1.0,13.0
qd65721d471,dev,native_plain,What type of water should be used to top up the coolant?,vehicle,157,False,False,0.0,0.0,0.0,0.8544246501474329,0.1778698849267474,0.5456224317855575,9.0,5.0,0.9139328002929688,5.0
qd65721d471,dev,native_brand,What type of water should be used to top up the coolant in my Genesis ?,model,2,False,False,0.0,0.0,1.0,0.7930824159849648,0.2861495122472404,0.5622971235474301,6.0,2.0,0.9139328002929688,6.0
qd65721d471,dev,native_model,What type of water should be used to top up the coolant in my G80 ?,version,2,False,False,2.0,0.0,0.0,0.23213898302170366,0.9621943735498374,0.9607089508217702,1.0,1.0,0.8603378534317017,6.0
qd65721d471,dev,native_full,What type of water should be used to top up the coolant in my Genesis G80 (2024) ?,none,1,False,False,1.0,1.0,1.0,0.0,1.0,1.0,1.0,1.0,1.0,8.0
q75926804a4,test,native_plain,What damage can occur if I drive on the temporary spare tire for too long?,vehicle,157,True,True,0.0,0.0,0.0,0.8881059000271033,0.11807890476918434,0.01850402888133651,7.0,4.0,0.8916977047920227,7.0
q75926804a4,test,native_brand,What damage can occur if I drive on the temporary spare tire for too long on my Genesis?,model,2,True,True,0.0,0.0,1.0,0.7379185176473827,0.4472167194564624,0.847454642776226,4.0,3.0,0.8636561632156372,8.0
q75926804a4,test,native_model,What damage can occur if I drive on the temporary spare tire for too long on my G80?,version,2,True,True,2.0,0.0,0.0,0.11450096380536341,0.9846444681530712,0.9844049986126141,1.0,1.0,0.781238317489624,8.0
q75926804a4,test,native_full,What damage can occur if I drive on the temporary spare tire for too long on my Genesis G80 (2024)?,none,1,True,False,1.0,1.0,1.0,0.0,1.0,1.0,1.0,1.0,1.0,10.0
q90ee8408eb,test,native_plain,How can I manually display the camera view on the screen while parked?,vehicle,157,True,True,0.0,0.0,0.0,0.8775384319978591,0.1385980769606673,0.16482436756665705,6.0,5.0,0.8488616943359375,6.0
q90ee8408eb,test,native_brand,How can I manually display the camera view on the screen while parked in my Genesis?,model,2,True,True,0.0,0.0,1.0,0.8218449413681478,0.15396570138485163,0.03501627295301819,5.0,5.0,0.8336661458015442,7.0
q90ee8408eb,test,native_model,How can I manually display the camera view on the screen while parked in my G80?,version,2,True,True,2.0,0.0,0.0,0.38475709012936193,0.9248770301342021,0.9187751804638316,1.0,1.0,0.7889249324798584,7.0
q90ee8408eb,test,native_full,How can I manually display the camera view on the screen while parked in my Genesis G80 (2024)?,none,1,True,False,1.0,1.0,1.0,0.0,1.0,1.0,1.0,1.0,1.0,9.0
q39561a0676,test,native_plain,What should I select in the screen settings when putting on snow chains?,vehicle,157,True,True,0.0,0.0,0.0,0.936435280931067,0.08844367285659573,0.47569356179062683,7.0,5.0,0.8331645727157593,6.0
q39561a0676,test,native_brand,What should I select in the screen settings when putting on snow chains on my Genesis?,model,2,True,True,0.0,0.0,1.0,0.9205257158244633,0.15182585260084625,0.7172453772915336,8.0,5.0,0.8164834976196289,7.0
q39561a0676,test,native_model,What should I select in the screen settings when putting on snow chains on my G80?,version,2,True,True,2.0,0.0,0.0,0.3566863712269101,0.9324571607493701,0.9275646731091121,1.0,1.0,0.783246636390686,7.0
q39561a0676,test,native_full,What should I select in the screen settings when putting on snow chains on my Genesis G80 (2024)?,none,1,True,False,1.0,1.0,1.0,0.0,1.0,1.0,1.0,1.0,1.0,9.0
qdfccb5c3d5,dev,native_plain,Où est diffusée la sonnerie du téléphone si on choisit le réglage Véhicule ?,vehicle,157,True,True,0.0,0.0,0.0,0.9394913601628627,0.05573834403799015,0.011120774808775841,10.0,6.0,0.8868294954299927,6.0
qdfccb5c3d5,dev,native_brand,Où est diffusée la sonnerie du téléphone si on choisit le réglage Véhicule sur ma Honda ?,model,2,True,True,0.0,0.0,1.0,0.8624590837842255,0.17890883877712727,0.123880610082996,8.0,5.0,0.9159004092216492,7.0
qdfccb5c3d5,dev,native_model,Où est diffusée la sonnerie du téléphone si on choisit le réglage Véhicule sur ma Civic ?,version,2,True,True,2.0,0.0,0.0,0.9941820973375272,0.544873372481492,0.16471119620739502,2.0,1.0,0.9844826459884644,7.0
qdfccb5c3d5,dev,native_full,Où est diffusée la sonnerie du téléphone si on choisit le réglage Véhicule sur ma Honda Civic (1972-2021) ?,none,1,True,False,1.0,1.0,1.0,0.0,1.0,1.0,1.0,1.0,1.0,10.0
qff9ad59d93,dev,native_plain,Que dois-je faire si un accessoire d'origine tombe en panne ?,vehicle,157,False,False,0.0,0.0,0.0,0.9638320756621134,0.051657637182846015,0.12784168782860658,9.0,7.0,0.8533620834350586,4.0
qff9ad59d93,dev,native_brand,Que dois-je faire si un accessoire d'origine tombe en panne sur ma Honda ?,model,2,False,False,0.0,0.0,1.0,0.8598264363911696,0.14066982212619963,0.10019136306619335,2.0,1.0,0.8146798014640808,5.0
qff9ad59d93,dev,native_model,Que dois-je faire si un accessoire d'origine tombe en panne sur ma Civic ?,version,2,False,False,2.0,0.0,0.0,0.9934756936849953,0.5475156991231199,0.17356835319688263,2.0,1.0,0.8564145565032959,5.0
qff9ad59d93,dev,native_full,Que dois-je faire si un accessoire d'origine tombe en panne sur ma Honda Civic (1972-2021) ?,none,1,False,False,1.0,1.0,1.0,0.0,1.0,1.0,1.0,1.0,1.0,8.0
qf15a234dc3,dev,native_plain,Comment peut-on remettre à zéro l'affichage de la consommation moyenne de carburant ?,vehicle,157,False,False,0.0,0.0,0.0,0.8987376710457521,0.09687366731242832,0.2519262428613364,6.0,3.0,0.9065905809402466,6.0
qf15a234dc3,dev,native_brand,Comment peut-on remettre à zéro l'affichage de la consommation moyenne de carburant sur ma Honda ?,model,2,False,False,0.0,0.0,1.0,0.9066249355385599,0.0810848591054827,0.009898880748015385,7.0,4.0,0.906590461730957,7.0
qf15a234dc3,dev,native_model,Comment peut-on remettre à zéro l'affichage de la consommation moyenne de carburant sur ma Civic ?,version,2,False,False,2.0,0.0,0.0,0.9991674366612887,0.516984962640169,0.0657077627690724,2.0,1.0,0.9474682807922363,7.0
qf15a234dc3,dev,native_full,Comment peut-on remettre à zéro l'affichage de la consommation moyenne de carburant sur ma Honda Civic (1972-2021) ?,none,1,False,False,1.0,1.0,1.0,0.0,1.0,1.0,1.0,1.0,1.0,10.0
q8e7fc8a2f2,test,native_plain,Comment est-il possible de dépasser la vitesse maximale définie par le limiteur intelligent ?,vehicle,157,False,False,0.0,0.0,0.0,0.841574459438313,0.14846749407153717,0.18519161002488518,4.0,1.0,0.9311755895614624,7.0
q8e7fc8a2f2,test,native_brand,Comment est-il possible de dépasser la vitesse maximale définie par le limiteur intelligent sur ma Honda ?,model,2,False,False,0.0,0.0,1.0,0.8858033136442023,0.11965290836674887,0.07495193096573294,7.0,4.0,0.8790890574455261,8.0
q8e7fc8a2f2,test,native_model,Comment est-il possible de dépasser la vitesse maximale définie par le limiteur intelligent sur ma Civic ?,version,2,False,False,2.0,0.0,0.0,0.9711889447334694,0.5995916809518991,0.33219834135720294,2.0,1.0,0.9443924427032471,8.0
q8e7fc8a2f2,test,native_full,Comment est-il possible de dépasser la vitesse maximale définie par le limiteur intelligent sur ma Honda Civic (1972-2021) ?,none,1,False,False,1.0,1.0,1.0,0.0,1.0,1.0,1.0,1.0,1.0,11.0
qc1f251a0cf,dev,native_plain,Comment peut-on activer ou désactiver le système de surveillance des angles morts ?,vehicle,157,True,True,0.0,0.0,0.0,0.9001398569907549,0.0905661298286668,0.1561705511839417,7.0,3.0,0.8753353357315063,6.0
qc1f251a0cf,dev,native_brand,Comment peut-on activer ou désactiver le système de surveillance des angles morts sur ma Honda ?,model,2,True,True,0.0,0.0,1.0,0.9144098078583319,0.08419787859899262,0.06131167816914946,8.0,6.0,0.8613313436508179,7.0
qc1f251a0cf,dev,native_model,Comment peut-on activer ou désactiver le système de surveillance des angles morts sur ma Civic ?,version,2,True,True,2.0,0.0,0.0,0.9973838714295857,0.5301020413192904,0.11357074288706379,2.0,1.0,0.9395811557769775,7.0
qc1f251a0cf,dev,native_full,Comment peut-on activer ou désactiver le système de surveillance des angles morts sur ma Honda Civic (1972-2021) ?,none,1,True,False,1.0,1.0,1.0,0.0,1.0,1.0,1.0,1.0,1.0,10.0
q0e42e58175,test,native_plain,Pourquoi l'aide au maintien dans la voie peut-elle être perturbée sur une route déformée ?,vehicle,157,False,False,0.0,0.0,0.0,0.9301280591297484,0.07255761366120043,0.12644233158105367,9.0,4.0,0.9174480438232422,7.0
q0e42e58175,test,native_brand,Pourquoi l'aide au maintien dans la voie de ma Honda peut-elle être perturbée sur une route déformée ?,model,2,False,False,0.0,0.0,1.0,0.9334877738262884,0.07325095943980836,0.031470986619719456,8.0,3.0,0.90882807970047,8.0
q0e42e58175,test,native_model,Pourquoi l'aide au maintien dans la voie de ma Civic peut-elle être perturbée sur une route déformée ?,version,2,False,False,2.0,0.0,0.0,0.9400129779257179,0.6431786722041146,0.44522207713590495,2.0,1.0,0.9336166381835938,8.0
q0e42e58175,test,native_full,Pourquoi l'aide au maintien dans la voie de ma Honda Civic (1972-2021) peut-elle être perturbée sur une route déformée ?,none,1,False,False,1.0,1.0,1.0,0.0,1.0,1.0,1.0,1.0,1.0,11.0
q35ad07b46f,test,native_plain,Où se trouve l'airbag central ?,vehicle,157,True,True,0.0,0.0,0.0,0.9203968994138448,0.08447283989664048,0.04275007147485603,5.0,4.0,0.8995272517204285,3.0
q35ad07b46f,test,native_brand,Où se trouve l'airbag central sur ma Honda ?,model,2,True,True,0.0,0.0,1.0,0.8884112689203705,0.15098379846892945,0.29579420472258605,5.0,4.0,0.8995272517204285,4.0
q35ad07b46f,test,native_model,Où se trouve l'airbag central sur ma Civic ?,version,2,True,True,2.0,0.0,0.0,0.9792599150355094,0.5845780973256657,0.2893645783603405,2.0,1.0,0.9807703495025635,4.0
q35ad07b46f,test,native_full,Où se trouve l'airbag central sur ma Honda Civic (2022-2025) ?,none,1,True,False,1.0,1.0,1.0,0.0,1.0,1.0,1.0,1.0,1.0,7.0
q0898aab948,test,native_plain,Comment modifier la distance de sécurité du régulateur de vitesse adaptatif ?,vehicle,157,True,True,0.0,0.0,0.0,0.9374287197889553,0.059816375145429486,0.011585114567914846,10.0,6.0,0.900488018989563,6.0
q0898aab948,test,native_brand,Comment modifier la distance de sécurité du régulateur de vitesse adaptatif sur ma Honda ?,model,2,True,True,0.0,0.0,1.0,0.9219654804304449,0.11192867032639316,0.3675300605903705,10.0,7.0,0.8713952898979187,7.0
q0898aab948,test,native_model,Comment modifier la distance de sécurité du régulateur de vitesse adaptatif sur ma Civic ?,version,2,True,True,2.0,0.0,0.0,0.9705154394752507,0.600741079909358,0.33538934918370555,2.0,1.0,0.9558148384094238,7.0
q0898aab948,test,native_full,Comment modifier la distance de sécurité du régulateur de vitesse adaptatif sur ma Honda Civic (2022-2025) ?,none,1,True,False,1.0,1.0,1.0,0.0,1.0,1.0,1.0,1.0,1.0,10.0
qab8d5540a3,test,native_plain,À partir de quelle vitesse basse l'aide au maintien dans la voie cesse-t-elle temporairement de fonctionner ?,vehicle,157,True,True,0.0,0.0,0.0,0.9059376093925414,0.09834718617401578,0.027951130570783547,8.0,6.0,0.8779657483100891,9.0
qab8d5540a3,test,native_brand,À partir de quelle vitesse basse l'aide au maintien dans la voie cesse-t-elle temporairement de fonctionner sur ma Honda ?,model,2,True,True,0.0,0.0,1.0,0.876104290039818,0.1282108266501268,0.010191823074468115,6.0,5.0,0.8383265733718872,10.0
qab8d5540a3,test,native_model,À partir de quelle vitesse basse l'aide au maintien dans la voie cesse-t-elle temporairement de fonctionner sur ma Civic ?,version,2,True,True,2.0,0.0,0.0,0.9823607197432185,0.5780278972198041,0.2699796933507959,2.0,1.0,0.9000829458236694,10.0
qab8d5540a3,test,native_full,À partir de quelle vitesse basse l'aide au maintien dans la voie cesse-t-elle temporairement de fonctionner sur ma Honda Civic (2022-2025) ?,none,1,True,False,1.0,1.0,1.0,0.0,1.0,1.0,1.0,1.0,1.0,13.0
qccddfd58dc,dev,native_plain,Qu'est-ce qui se passe si on appuie sur le bouton de démarrage en roulant ?,vehicle,157,False,False,0.0,0.0,0.0,0.9275026387931837,0.07139680860570405,0.08547826982569069,8.0,6.0,0.8686392903327942,5.0
qccddfd58dc,dev,native_brand,Qu'est-ce qui se passe si on appuie sur le bouton de démarrage en roulant avec ma Honda ?,model,2,False,False,0.0,0.0,1.0,0.9174993948997691,0.1234172690075406,0.3757781163601324,6.0,4.0,0.8210746645927429,6.0
qccddfd58dc,dev,native_model,Qu'est-ce qui se passe si on appuie sur le bouton de démarrage en roulant avec ma Civic ?,version,2,False,False,2.0,0.0,0.0,0.995839101849542,0.5379561658193418,0.1411124854811622,2.0,1.0,0.7930448055267334,6.0
qccddfd58dc,dev,native_full,Qu'est-ce qui se passe si on appuie sur le bouton de démarrage en roulant avec ma Honda Civic (2022-2025) ?,none,1,False,False,1.0,1.0,1.0,0.0,1.0,1.0,1.0,1.0,1.0,9.0
q6eb97a4f0c,test,native_plain,Comment régler la luminosité de l'écran central ?,vehicle,157,True,True,0.0,0.0,0.0,0.9422779782987524,0.06021331889892463,0.05790606897267338,10.0,6.0,0.8962624669075012,4.0
q6eb97a4f0c,test,native_brand,Comment régler la luminosité de l'écran central sur ma Honda ?,model,2,True,True,0.0,0.0,1.0,0.9496987003613072,0.05350663564730532,0.13650089415308642,10.0,7.0,0.8397372364997864,5.0
q6eb97a4f0c,test,native_model,Comment régler la luminosité de l'écran central sur ma Civic ?,version,2,True,True,2.0,0.0,0.0,0.9997279761458697,0.5097092923672959,0.038097372414781734,2.0,1.0,0.8708810806274414,5.0
q6eb97a4f0c,test,native_full,Comment régler la luminosité de l'écran central sur ma Honda Civic (2022-2025) ?,none,1,True,False,1.0,1.0,1.0,0.0,1.0,1.0,1.0,1.0,1.0,8.0
q3571e2f4ca,test,native_plain,Comment contrôler certaines fonctions du système de navigation depuis l'écran du tableau de bord ?,vehicle,157,True,True,0.0,0.0,0.0,0.948214907558558,0.057033004051603345,0.09371618635958555,8.0,5.0,0.8722741007804871,9.0
q3571e2f4ca,test,native_brand,Comment contrôler certaines fonctions du système de navigation depuis l'écran du tableau de bord de ma Honda ?,model,2,True,True,0.0,0.0,1.0,0.9424013942754399,0.05713610161683302,0.05168091509063559,9.0,4.0,0.8103542327880859,10.0
q3571e2f4ca,test,native_model,Comment contrôler certaines fonctions du système de navigation depuis l'écran du tableau de bord de ma Civic ?,version,2,True,True,2.0,0.0,0.0,0.9971161017037542,0.5316040635255169,0.11890075977193834,2.0,1.0,0.9394125938415527,10.0
q3571e2f4ca,test,native_full,Comment contrôler certaines fonctions du système de navigation depuis l'écran du tableau de bord de ma Honda Civic (2022-2025) ?,none,1,True,False,1.0,1.0,1.0,0.0,1.0,1.0,1.0,1.0,1.0,13.0
q6ce895bad7,test,native_plain,How can I search for a destination by selecting a category like a restaurant or gas station on the navigation system?,vehicle,157,False,False,0.0,0.0,0.0,0.8584843657681733,0.19458175959381524,0.33643938072966106,6.0,6.0,0.8211721181869507,10.0
q6ce895bad7,test,native_brand,How can I search for a destination by selecting a category like a restaurant or gas station on the navigation system of my Honda?,model,2,False,False,0.0,0.0,1.0,0.7897767285989097,0.24556924973040534,0.22108742218651484,2.0,2.0,0.8172334432601929,11.0
q6ce895bad7,test,native_model,How can I search for a destination by selecting a category like a restaurant or gas station on the navigation system of my Civic 11?,none,1,False,False,1.0,1.0,0.0,0.0,1.0,1.0,1.0,1.0,1.0,12.0
q6ce895bad7,test,native_full,How can I search for a destination by selecting a category like a restaurant or gas station on the navigation system of my Honda Civic 11 Navigation Manual?,none,1,False,False,1.0,1.0,1.0,0.0,1.0,1.0,1.0,1.0,1.0,15.0
q99b88ae4c9,test,native_plain,What abbreviation should I use to input an interstate highway in the navigation system?,vehicle,157,True,True,0.0,0.0,0.0,0.8574891854301266,0.1486505373890225,0.2759679779599369,6.0,4.0,0.7979084849357605,7.0
q99b88ae4c9,test,native_brand,What abbreviation should I use to input an interstate highway in the navigation system of my Honda?,model,2,True,True,0.0,0.0,1.0,0.8376413572673446,0.20385708390946028,0.4020808413428317,6.0,2.0,0.83488929271698,8.0
q99b88ae4c9,test,native_model,What abbreviation should I use to input an interstate highway in the navigation system of my Civic 11?,none,1,True,False,1.0,1.0,0.0,0.0,1.0,1.0,1.0,1.0,1.0,9.0
q99b88ae4c9,test,native_full,What abbreviation should I use to input an interstate highway in the navigation system of my Honda Civic 11 Navigation Manual?,none,1,True,False,1.0,1.0,1.0,0.0,1.0,1.0,1.0,1.0,1.0,12.0
qbc7ce0ab46,dev,native_plain,What is the default setting for recording breadcrumbs on the navigation map?,vehicle,157,True,True,0.0,0.0,0.0,0.8269242186593091,0.2536350385270448,0.6205039591002559,4.0,4.0,0.7808541059494019,6.0
qbc7ce0ab46,dev,native_brand,What is the default setting for recording breadcrumbs on the navigation map of my Honda?,model,2,True,True,0.0,0.0,1.0,0.7999582446578297,0.31998435222291927,0.7385460093214162,4.0,3.0,0.7888723611831665,7.0
qbc7ce0ab46,dev,native_model,What is the default setting for recording breadcrumbs on the navigation map of my Civic 11?,none,1,True,False,1.0,1.0,0.0,0.0,1.0,1.0,1.0,1.0,1.0,8.0
qbc7ce0ab46,dev,native_full,What is the default setting for recording breadcrumbs on the navigation map of my Honda Civic 11 Navigation Manual?,none,1,True,False,1.0,1.0,1.0,0.0,1.0,1.0,1.0,1.0,1.0,11.0
qba8d68d343,dev,native_plain,Can I rely on the navigation system to find emergency services like hospitals or police stations?,vehicle,157,False,False,0.0,0.0,0.0,0.9168967104864918,0.11058930813482258,0.3248225868056607,6.0,4.0,0.8295236825942993,10.0
qba8d68d343,dev,native_brand,Can I rely on the navigation system in my Honda to find emergency services like hospitals or police stations?,model,2,False,False,0.0,0.0,1.0,0.8410232727906508,0.20216701507339965,0.22223988471849873,4.0,3.0,0.8129938244819641,11.0
qba8d68d343,dev,native_model,Can I rely on the navigation system in my Civic 11 to find emergency services like hospitals or police stations?,none,1,False,False,1.0,1.0,0.0,0.0,1.0,1.0,1.0,1.0,1.0,12.0
qba8d68d343,dev,native_full,Can I rely on the navigation system in my Honda Civic 11 Navigation Manual to find emergency services like hospitals or police stations?,none,1,False,False,1.0,1.0,1.0,0.0,1.0,1.0,1.0,1.0,1.0,15.0
q20e4261ba7,test,native_plain,How do you zoom in on the navigation map using only one finger?,vehicle,157,False,False,0.0,0.0,0.0,0.9317868022277889,0.0943281725646,0.31761414231839846,7.0,5.0,0.8702415227890015,6.0
q20e4261ba7,test,native_brand,How do you zoom in on the navigation map using only one finger on my Honda ?,model,2,False,False,0.0,0.0,1.0,0.9154758499603535,0.10785046644853344,0.15064075921849082,7.0,6.0,0.8243739008903503,7.0
q20e4261ba7,test,native_model,How do you zoom in on the navigation map using only one finger on my Civic 11 ?,none,1,False,False,1.0,1.0,0.0,0.0,1.0,1.0,1.0,1.0,1.0,8.0
q20e4261ba7,test,native_full,How do you zoom in on the navigation map using only one finger on my Honda Civic 11 Navigation Manual ?,none,1,False,False,1.0,1.0,1.0,0.0,1.0,1.0,1.0,1.0,1.0,11.0
qe213265201,dev,native_plain,How can I make the navigation voice guidance louder?,vehicle,157,True,True,0.0,0.0,0.0,0.8916324880448959,0.11449158197226278,0.09826851362183592,9.0,5.0,0.8331893682479858,5.0
qe213265201,dev,native_brand,How can I make the navigation voice guidance louder on my Honda?,model,2,True,True,0.0,0.0,1.0,0.8548903960124788,0.1977100133513037,0.41756648729532087,8.0,5.0,0.851445198059082,6.0
qe213265201,dev,native_model,How can I make the navigation voice guidance louder on my Civic 11?,none,1,True,False,1.0,1.0,0.0,0.0,1.0,1.0,1.0,1.0,1.0,7.0
qe213265201,dev,native_full,How can I make the navigation voice guidance louder on my Honda Civic 11 Navigation Manual?,none,1,True,False,1.0,1.0,1.0,0.0,1.0,1.0,1.0,1.0,1.0,10.0
q4df959c5ab,test,native_plain,Why might the cruise control suddenly accelerate when driving around a bend?,vehicle,157,True,True,0.0,0.0,0.0,0.9364819110207059,0.13179956636247375,0.15958602848978454,8.0,4.0,0.9523696899414062,8.0
q4df959c5ab,test,native_brand,Why might the cruise control suddenly accelerate when driving around a bend in my Hyundai?,model,7,True,True,0.0,0.0,1.0,0.9097975542983331,0.14972757115041913,0.21078202025927664,8.0,4.0,0.9523696899414062,9.0
q4df959c5ab,test,native_model,Why might the cruise control suddenly accelerate when driving around a bend in my Elantra?,none,1,True,False,1.0,1.0,0.0,0.0,1.0,1.0,1.0,1.0,1.0,9.0
q4df959c5ab,test,native_full,Why might the cruise control suddenly accelerate when driving around a bend in my Hyundai Elantra (2024)?,none,1,True,False,1.0,1.0,1.0,0.0,1.0,1.0,1.0,1.0,1.0,11.0
q9916d920fb,test,native_plain,How do I defrost the side mirrors?,vehicle,157,True,True,0.0,0.0,0.0,0.8855005804635598,0.09569568018497383,0.15826212214579563,8.0,4.0,0.958378791809082,3.0
q9916d920fb,test,native_brand,How do I defrost the side mirrors on my Hyundai?,model,7,True,True,0.0,0.0,1.0,0.8818367851120769,0.1066257961837526,0.09309390171311711,9.0,5.0,0.938801109790802,4.0
q9916d920fb,test,native_model,How do I defrost the side mirrors on my Elantra?,none,1,True,False,1.0,1.0,0.0,0.0,1.0,1.0,1.0,1.0,1.0,4.0
q9916d920fb,test,native_full,How do I defrost the side mirrors on my Hyundai Elantra (2024)?,none,1,True,False,1.0,1.0,1.0,0.0,1.0,1.0,1.0,1.0,1.0,6.0
qb6669b356b,dev,native_plain,How long do I need to drive at minimum before the system suggests taking a break?,vehicle,157,True,True,0.0,0.0,0.0,0.9117373710646249,0.1022710438815939,0.23427368923184472,8.0,5.0,0.8802024722099304,8.0
qb6669b356b,dev,native_brand,How long do I need to drive at minimum in my Hyundai before the system suggests taking a break?,model,7,True,True,0.0,0.0,1.0,0.8570656532665051,0.14729343215242705,0.3173863298346961,8.0,5.0,0.8286870718002319,9.0
qb6669b356b,dev,native_model,How long do I need to drive at minimum in my Elantra before the system suggests taking a break?,none,1,True,False,1.0,1.0,0.0,0.0,1.0,1.0,1.0,1.0,1.0,9.0
qb6669b356b,dev,native_full,How long do I need to drive at minimum in my Hyundai Elantra (2024) before the system suggests taking a break?,none,1,True,False,1.0,1.0,1.0,0.0,1.0,1.0,1.0,1.0,1.0,11.0
qa8d85d6151,test,native_plain,Does the forward collision avoidance system turn off if I disable the electronic stability control (ESC)?,vehicle,157,True,True,0.0,0.0,0.0,0.8978043121834748,0.10947797559684232,0.20487666260431395,6.0,2.0,0.869789719581604,10.0
qa8d85d6151,test,native_brand,Does the forward collision avoidance system on my Hyundai turn off if I disable the electronic stability control (ESC)?,model,7,True,True,0.0,0.0,1.0,0.8676149339064074,0.11310755638018168,0.058744212818209254,8.0,4.0,0.8559872508049011,11.0
qa8d85d6151,test,native_model,Does the forward collision avoidance system on my Elantra turn off if I disable the electronic stability control (ESC)?,none,1,True,False,1.0,1.0,0.0,0.0,1.0,1.0,1.0,1.0,1.0,11.0
qa8d85d6151,test,native_full,Does the forward collision avoidance system on my Hyundai Elantra (2024) turn off if I disable the electronic stability control (ESC)?,none,1,True,False,1.0,1.0,1.0,0.0,1.0,1.0,1.0,1.0,1.0,13.0
q797b19194e,test,native_plain,What can I put on the shiny metal trim to protect it during winter?,vehicle,157,False,False,0.0,0.0,0.0,0.8892733782386225,0.10492734736105884,0.273075203598306,8.0,4.0,0.9287837743759155,6.0
q797b19194e,test,native_brand,What can I put on the shiny metal trim of my Hyundai to protect it during winter?,model,7,False,False,0.0,0.0,1.0,0.8307095208755371,0.152063121160666,0.23131443981791402,6.0,2.0,0.9592240452766418,7.0
q797b19194e,test,native_model,What can I put on the shiny metal trim of my Elantra to protect it during winter?,none,1,False,False,1.0,1.0,0.0,0.0,1.0,1.0,1.0,1.0,1.0,7.0
q797b19194e,test,native_full,What can I put on the shiny metal trim of my Hyundai Elantra (2024) to protect it during winter?,none,1,False,False,1.0,1.0,1.0,0.0,1.0,1.0,1.0,1.0,1.0,9.0
q7b52900841,test,native_plain,How can I delete my registered digital card key?,vehicle,157,True,True,0.0,0.0,0.0,0.8009734051891642,0.1960800780063322,0.10528488131706266,6.0,2.0,0.9336482286453247,5.0
q7b52900841,test,native_brand,How can I delete my registered digital card key on my Hyundai?,model,7,True,True,0.0,0.0,1.0,0.795154917212899,0.30978073005750456,0.5911176872178786,6.0,2.0,0.9002189636230469,6.0
q7b52900841,test,native_model,How can I delete my registered digital card key on my Elantra?,none,1,True,False,1.0,1.0,0.0,0.0,1.0,1.0,1.0,1.0,1.0,6.0
q7b52900841,test,native_full,How can I delete my registered digital card key on my Hyundai Elantra (2024)?,none,1,True,False,1.0,1.0,1.0,0.0,1.0,1.0,1.0,1.0,1.0,8.0
q567fd8abc5,test,native_plain,How slow do I need to be driving to turn on the surround view camera?,vehicle,157,True,True,0.0,0.0,0.0,0.8516075137203767,0.15326703995300653,0.16674448815420273,5.0,2.0,0.8921028971672058,7.0
q567fd8abc5,test,native_brand,How slow do I need to be driving to turn on the surround view camera on my Hyundai?,model,7,True,True,0.0,0.0,1.0,0.8344632201120993,0.18196613743659443,0.29633132729506106,5.0,2.0,0.8918155431747437,8.0
q567fd8abc5,test,native_model,How slow do I need to be driving to turn on the surround view camera on my Elantra?,none,1,True,False,1.0,1.0,0.0,0.0,1.0,1.0,1.0,1.0,1.0,8.0
q567fd8abc5,test,native_full,How slow do I need to be driving to turn on the surround view camera on my Hyundai Elantra 2024 Infotainment System?,none,1,True,False,1.0,1.0,1.0,0.0,1.0,1.0,1.0,1.0,1.0,12.0
qe83fffd2db,dev,native_plain,At what speed does the backup camera automatically turn off when driving forward?,vehicle,157,True,True,0.0,0.0,0.0,0.9254277506023434,0.08961571766506532,0.23125445113721257,9.0,7.0,0.8988788723945618,7.0
qe83fffd2db,dev,native_brand,At what speed does the backup camera automatically turn off when driving forward in my Hyundai?,model,7,True,True,0.0,0.0,1.0,0.9177346455157376,0.08227288624730639,0.0773674764627144,8.0,5.0,0.8106160163879395,8.0
qe83fffd2db,dev,native_model,At what speed does the backup camera automatically turn off when driving forward in my Elantra?,none,1,True,False,1.0,1.0,0.0,0.0,1.0,1.0,1.0,1.0,1.0,8.0
qe83fffd2db,dev,native_full,At what speed does the backup camera automatically turn off when driving forward in my Hyundai Elantra 2024 Infotainment System?,none,1,True,False,1.0,1.0,1.0,0.0,1.0,1.0,1.0,1.0,1.0,12.0
qbb295c4db0,dev,native_plain,What should I do if my phone is locked when trying to connect to Android Auto?,vehicle,157,False,False,0.0,0.0,0.0,0.8580157985596972,0.16925357755607512,0.3372945338832109,9.0,6.0,0.8558705449104309,6.0
qbb295c4db0,dev,native_brand,What should I do if my phone is locked when trying to connect to Android Auto in my Hyundai?,model,7,False,False,0.0,0.0,1.0,0.7493554445224202,0.2672631489048051,0.12323837784834296,5.0,2.0,0.8175700902938843,7.0
qbb295c4db0,dev,native_model,What should I do if my phone is locked when trying to connect to Android Auto in my Elantra?,none,1,False,False,1.0,1.0,0.0,0.0,1.0,1.0,1.0,1.0,1.0,7.0
qbb295c4db0,dev,native_full,What should I do if my phone is locked when trying to connect to Android Auto in my Hyundai Elantra 2024 Infotainment System?,none,1,False,False,1.0,1.0,1.0,0.0,1.0,1.0,1.0,1.0,1.0,11.0
q74eb72ad41,test,native_plain,What is the maximum number of folders that can be recognized on a USB flash drive?,vehicle,157,True,True,0.0,0.0,0.0,0.9156951917829018,0.12440100821571788,0.48773812962019447,9.0,6.0,0.8848201632499695,7.0
q74eb72ad41,test,native_brand,What is the maximum number of folders that can be recognized on a USB flash drive in my Hyundai?,model,7,True,True,0.0,0.0,1.0,0.9107820806648631,0.14346375811673467,0.4634151930309534,8.0,5.0,0.8457623720169067,8.0
q74eb72ad41,test,native_model,What is the maximum number of folders that can be recognized on a USB flash drive in my Elantra?,none,1,True,False,1.0,1.0,0.0,0.0,1.0,1.0,1.0,1.0,1.0,8.0
q74eb72ad41,test,native_full,What is the maximum number of folders that can be recognized on a USB flash drive in my Hyundai Elantra 2024 Infotainment System?,none,1,True,False,1.0,1.0,1.0,0.0,1.0,1.0,1.0,1.0,1.0,12.0
q34edaa28b5,test,native_plain,How do I make the radio volume automatically decrease when I am parking so I can hear the proximity warnings?,vehicle,157,True,True,0.0,0.0,0.0,0.8734940310575203,0.13506294447768294,0.07647193831432235,6.0,3.0,0.8375803232192993,9.0
q34edaa28b5,test,native_brand,How do I make the radio volume automatically decrease when I am parking my Hyundai so I can hear the proximity warnings?,model,7,True,True,0.0,0.0,1.0,0.8381162165324554,0.1702151382885853,0.3222173636840592,7.0,4.0,0.8366185426712036,10.0
q34edaa28b5,test,native_model,How do I make the radio volume automatically decrease when I am parking my Elantra so I can hear the proximity warnings?,none,1,True,False,1.0,1.0,0.0,0.0,1.0,1.0,1.0,1.0,1.0,10.0
q34edaa28b5,test,native_full,How do I make the radio volume automatically decrease when I am parking my Hyundai Elantra 2024 Infotainment System so I can hear the proximity warnings?,none,1,True,False,1.0,1.0,1.0,0.0,1.0,1.0,1.0,1.0,1.0,14.0
qce47bb500f,dev,native_plain,How can I hide my personal information on the phone screen?,vehicle,157,True,True,0.0,0.0,0.0,0.7811861432421543,0.1996101517571268,0.001390588621566072,3.0,1.0,0.8176789283752441,5.0
qce47bb500f,dev,native_brand,How can I hide my personal information on the phone screen of my Hyundai?,model,7,True,True,0.0,0.0,1.0,0.7032600209632589,0.2876320834177528,0.21430955445377503,4.0,1.0,0.8630668520927429,6.0
qce47bb500f,dev,native_model,How can I hide my personal information on the phone screen of my Elantra?,none,1,True,False,1.0,1.0,0.0,0.0,1.0,1.0,1.0,1.0,1.0,6.0
qce47bb500f,dev,native_full,How can I hide my personal information on the phone screen of my Hyundai Elantra 2024 Infotainment System?,none,1,True,False,1.0,1.0,1.0,0.0,1.0,1.0,1.0,1.0,1.0,10.0
qac085ed27f,test,native_plain,How can I stop the power sunshade while it is opening or closing?,vehicle,157,True,True,0.0,0.0,0.0,0.825809686216765,0.18056455484728492,0.06990018274502435,5.0,2.0,0.9254878163337708,5.0
qac085ed27f,test,native_brand,How can I stop the power sunshade while it is opening or closing on my Hyundai?,model,7,True,True,0.0,0.0,1.0,0.82368303145519,0.2012007777688676,0.15493024192422652,6.0,3.0,0.9254876971244812,6.0
qac085ed27f,test,native_model,How can I stop the power sunshade while it is opening or closing on my Grandeur?,none,1,True,False,1.0,1.0,0.0,0.0,1.0,1.0,1.0,1.0,1.0,6.0
qac085ed27f,test,native_full,How can I stop the power sunshade while it is opening or closing on my Hyundai Grandeur (2024)?,none,1,True,False,1.0,1.0,1.0,0.0,1.0,1.0,1.0,1.0,1.0,8.0
qfe68b3bcb7,dev,native_plain,How can I turn off or adjust the fake engine noise?,vehicle,157,True,True,0.0,0.0,0.0,0.8715895583337744,0.13079103861835994,0.16834241874851577,8.0,6.0,0.7900952100753784,5.0
qfe68b3bcb7,dev,native_brand,How can I turn off or adjust the fake engine noise on my Hyundai?,model,7,True,True,0.0,0.0,1.0,0.8043438782037066,0.21325701171835656,0.26244152035720486,5.0,2.0,0.7849675416946411,6.0
qfe68b3bcb7,dev,native_model,How can I turn off or adjust the fake engine noise on my Grandeur?,none,1,True,False,1.0,1.0,0.0,0.0,1.0,1.0,1.0,1.0,1.0,6.0
qfe68b3bcb7,dev,native_full,How can I turn off or adjust the fake engine noise on my Hyundai Grandeur (2024)?,none,1,True,False,1.0,1.0,1.0,0.0,1.0,1.0,1.0,1.0,1.0,8.0
qca727abc9c,dev,native_plain,Why does the heated seat automatically lower its temperature or turn off after a while?,vehicle,157,False,False,0.0,0.0,0.0,0.8862989267781899,0.10718443057043443,0.07669725130178966,7.0,4.0,0.8803755044937134,6.0
qca727abc9c,dev,native_brand,Why does the heated seat in my Hyundai automatically lower its temperature or turn off after a while?,model,7,False,False,0.0,0.0,1.0,0.8862387635129281,0.11530796324639889,0.15654678553903756,7.0,3.0,0.8342635035514832,7.0
qca727abc9c,dev,native_model,Why does the heated seat in my Grandeur automatically lower its temperature or turn off after a while?,none,1,False,False,1.0,1.0,0.0,0.0,1.0,1.0,1.0,1.0,1.0,7.0
qca727abc9c,dev,native_full,Why does the heated seat in my Hyundai Grandeur (2024) automatically lower its temperature or turn off after a while?,none,1,False,False,1.0,1.0,1.0,0.0,1.0,1.0,1.0,1.0,1.0,9.0
q71f1d7321b,test,native_plain,How often should the engine oil and filter be replaced under severe driving conditions?,vehicle,157,True,True,0.0,0.0,0.0,0.8451702906074027,0.12395014533536292,0.03285938619730927,6.0,2.0,0.939518928527832,8.0
q71f1d7321b,test,native_brand,How often should the engine oil and filter be replaced under severe driving conditions on my Hyundai?,model,7,True,True,0.0,0.0,1.0,0.8164118205520308,0.15658313532555143,0.12105552649076541,6.0,2.0,0.9240422248840332,9.0
q71f1d7321b,test,native_model,How often should the engine oil and filter be replaced under severe driving conditions on my Grandeur?,none,1,True,False,1.0,1.0,0.0,0.0,1.0,1.0,1.0,1.0,1.0,9.0
q71f1d7321b,test,native_full,How often should the engine oil and filter be replaced under severe driving conditions on my Hyundai Grandeur (2024)?,none,1,True,False,1.0,1.0,1.0,0.0,1.0,1.0,1.0,1.0,1.0,11.0
qe5af67f565,dev,native_plain,How many smart keys can be registered to the car at most?,vehicle,157,True,True,0.0,0.0,0.0,0.8335954115415934,0.18142110100372652,0.19560411985906068,8.0,3.0,0.8423497080802917,4.0
qe5af67f565,dev,native_brand,How many smart keys can be registered to my Hyundai at most?,model,7,True,True,0.0,0.0,1.0,0.8324572886423438,0.17961382161723075,0.07140542116454464,7.0,3.0,0.8990538716316223,5.0
qe5af67f565,dev,native_model,How many smart keys can be registered to my Grandeur at most?,none,1,True,False,1.0,1.0,0.0,0.0,1.0,1.0,1.0,1.0,1.0,5.0
qe5af67f565,dev,native_full,How many smart keys can be registered to my Hyundai Grandeur (2024) at most?,none,1,True,False,1.0,1.0,1.0,0.0,1.0,1.0,1.0,1.0,1.0,7.0
qd9810cb9f8,dev,native_plain,What happens to the vehicle's speed if the highway driving assist is deactivated because I did not hold the steering wheel?,vehicle,157,True,True,0.0,0.0,0.0,0.8233285100249581,0.14068784155269856,0.018649628431019444,6.0,3.0,0.9196263551712036,10.0
qd9810cb9f8,dev,native_brand,What happens to the vehicle's speed if the highway driving assist is deactivated on my Hyundai because I did not hold the steering wheel?,model,7,True,True,0.0,0.0,1.0,0.8404706622609724,0.1678323210532314,0.14248309855078542,6.0,2.0,0.9119455218315125,11.0
qd9810cb9f8,dev,native_model,What happens to the vehicle's speed if the highway driving assist is deactivated on my Grandeur because I did not hold the steering wheel?,none,1,True,False,1.0,1.0,0.0,0.0,1.0,1.0,1.0,1.0,1.0,11.0
qd9810cb9f8,dev,native_full,What happens to the vehicle's speed if the highway driving assist is deactivated on my Hyundai Grandeur (2024) because I did not hold the steering wheel?,none,1,True,False,1.0,1.0,1.0,0.0,1.0,1.0,1.0,1.0,1.0,13.0
q083c75a918,test,native_plain,Quel est le danger si le crochet de remorquage n'est pas bien serré ?,vehicle,157,False,False,0.0,0.0,0.0,0.949128034578886,0.07382746196975899,0.05871587535260534,8.0,5.0,0.8973850011825562,4.0
q083c75a918,test,native_brand,Quel est le danger si le crochet de remorquage de ma Hyundai n'est pas bien serré ?,model,7,False,False,0.0,0.0,1.0,0.942289300177849,0.07963197805996457,0.0011977756877447855,6.0,4.0,0.8687739372253418,5.0
q083c75a918,test,native_model,Quel est le danger si le crochet de remorquage de ma Ioniq 6 n'est pas bien serré ?,none,1,False,False,1.0,1.0,0.0,0.0,1.0,1.0,1.0,1.0,1.0,5.0
q083c75a918,test,native_full,Quel est le danger si le crochet de remorquage de ma Hyundai Ioniq 6 (2023) n'est pas bien serré ?,none,1,False,False,1.0,1.0,1.0,0.0,1.0,1.0,1.0,1.0,1.0,7.0
q98a77f6b82,test,native_plain,Qu'est-ce qui peut provoquer l'allumage du témoin de mise hors tension ?,vehicle,157,True,True,0.0,0.0,0.0,0.9360594641048826,0.07299901010893005,0.03346748994827648,7.0,5.0,0.837470531463623,6.0
q98a77f6b82,test,native_brand,Qu'est-ce qui peut provoquer l'allumage du témoin de mise hors tension sur mon Hyundai ?,model,7,True,True,0.0,0.0,1.0,0.8526066390511975,0.2059930747905526,0.37341949120583207,2.0,1.0,0.8807101249694824,7.0
q98a77f6b82,test,native_model,Qu'est-ce qui peut provoquer l'allumage du témoin de mise hors tension sur mon Ioniq 6 ?,none,1,True,False,1.0,1.0,0.0,0.0,1.0,1.0,1.0,1.0,1.0,7.0
q98a77f6b82,test,native_full,Qu'est-ce qui peut provoquer l'allumage du témoin de mise hors tension sur mon Hyundai Ioniq 6 (2023) ?,none,1,True,False,1.0,1.0,1.0,0.0,1.0,1.0,1.0,1.0,1.0,9.0
q3daf08c6ce,test,native_plain,Comment activer l'affichage de la caméra d'angle mort sur le tableau de bord ?,vehicle,157,True,True,0.0,0.0,0.0,0.9494865255706308,0.06839118926891352,0.16803152115479847,9.0,4.0,0.9007895588874817,7.0
q3daf08c6ce,test,native_brand,Comment activer l'affichage de la caméra d'angle mort sur le tableau de bord de ma Hyundai ?,model,7,True,True,0.0,0.0,1.0,0.910329968607602,0.13412061740075681,0.3524065722975466,6.0,3.0,0.8942239880561829,8.0
q3daf08c6ce,test,native_model,Comment activer l'affichage de la caméra d'angle mort sur le tableau de bord de ma Ioniq 6 ?,none,1,True,False,1.0,1.0,0.0,0.0,1.0,1.0,1.0,1.0,1.0,8.0
q3daf08c6ce,test,native_full,Comment activer l'affichage de la caméra d'angle mort sur le tableau de bord de ma Hyundai Ioniq 6 (2023) ?,none,1,True,False,1.0,1.0,1.0,0.0,1.0,1.0,1.0,1.0,1.0,10.0
q9e0b2f9344,test,native_plain,L'aide à l'évitement de collision transversale arrière fonctionne-t-elle correctement lorsque la voiture est dans une pente ?,vehicle,157,False,False,0.0,0.0,0.0,0.6831790060048498,0.3180420963618043,0.0830798831107138,2.0,1.0,0.8691441416740417,9.0
q9e0b2f9344,test,native_brand,L'aide à l'évitement de collision transversale arrière fonctionne-t-elle correctement lorsque ma Hyundai est dans une pente ?,model,7,False,False,0.0,0.0,1.0,0.5500197972879459,0.45925740795288966,0.2735491258999092,2.0,1.0,0.8141158223152161,9.0
q9e0b2f9344,test,native_model,L'aide à l'évitement de collision transversale arrière fonctionne-t-elle correctement lorsque ma Ioniq 6 est dans une pente ?,none,1,False,False,1.0,1.0,0.0,0.0,1.0,1.0,1.0,1.0,1.0,9.0
q9e0b2f9344,test,native_full,L'aide à l'évitement de collision transversale arrière fonctionne-t-elle correctement lorsque ma Hyundai Ioniq 6 (2023) est dans une pente ?,none,1,False,False,1.0,1.0,1.0,0.0,1.0,1.0,1.0,1.0,1.0,11.0
qfcd0cb8027,dev,native_plain,Comment démonter un siège auto pour enfant attaché avec la ceinture de sécurité ?,vehicle,157,False,False,0.0,0.0,0.0,0.9285657237636988,0.09006672639116094,0.0306224685665013,9.0,7.0,0.886128306388855,7.0
qfcd0cb8027,dev,native_brand,Comment démonter un siège auto pour enfant attaché avec la ceinture de sécurité sur mon Hyundai ?,model,7,False,False,0.0,0.0,1.0,0.8703267328199081,0.20630353279691177,0.5307559667083004,7.0,7.0,0.8707705736160278,8.0
qfcd0cb8027,dev,native_model,Comment démonter un siège auto pour enfant attaché avec la ceinture de sécurité sur mon Ioniq 6 ?,none,1,False,False,1.0,1.0,0.0,0.0,1.0,1.0,1.0,1.0,1.0,8.0
qfcd0cb8027,dev,native_full,Comment démonter un siège auto pour enfant attaché avec la ceinture de sécurité sur mon Hyundai Ioniq 6 (2023) ?,none,1,False,False,1.0,1.0,1.0,0.0,1.0,1.0,1.0,1.0,1.0,10.0
qd61f9ed71c,dev,native_plain,Comment doit être réglé le siège passager avant si un enfant de 13 ans ou plus s'y installe ?,vehicle,157,False,False,0.0,0.0,0.0,0.9685624026792635,0.043685978637005705,0.08592599431814438,10.0,8.0,0.9037925004959106,7.0
qd61f9ed71c,dev,native_brand,Comment doit être réglé le siège passager avant de ma Hyundai si un enfant de 13 ans ou plus s'y installe ?,model,7,False,False,0.0,0.0,1.0,0.9642129003469316,0.04969121339332251,0.12919613619387274,10.0,8.0,0.8713440895080566,8.0
qd61f9ed71c,dev,native_model,Comment doit être réglé le siège passager avant de ma Ioniq 6 si un enfant de 13 ans ou plus s'y installe ?,none,1,False,False,1.0,1.0,0.0,0.0,1.0,1.0,1.0,1.0,1.0,8.0
qd61f9ed71c,dev,native_full,Comment doit être réglé le siège passager avant de ma Hyundai Ioniq 6 (2023) si un enfant de 13 ans ou plus s'y installe ?,none,1,False,False,1.0,1.0,1.0,0.0,1.0,1.0,1.0,1.0,1.0,10.0
q55fbd3814b,test,native_plain,Pourquoi est-il dangereux de mettre du liquide de refroidissement dans le réservoir de lave-glace ?,vehicle,157,False,False,0.0,0.0,0.0,0.9738608258444368,0.04344811989286567,0.048419779623264526,9.0,6.0,0.8902920484542847,8.0
q55fbd3814b,test,native_brand,Pourquoi est-il dangereux de mettre du liquide de refroidissement dans le réservoir de lave-glace de mon Hyundai ?,model,7,False,False,0.0,0.0,1.0,0.9271245004772412,0.12899929579875305,0.6560481263718171,8.0,5.0,0.8572633862495422,9.0
q55fbd3814b,test,native_model,Pourquoi est-il dangereux de mettre du liquide de refroidissement dans le réservoir de lave-glace de mon Kona ?,none,1,False,False,1.0,1.0,0.0,0.0,1.0,1.0,1.0,1.0,1.0,9.0
q55fbd3814b,test,native_full,Pourquoi est-il dangereux de mettre du liquide de refroidissement dans le réservoir de lave-glace de mon Hyundai Kona (2024) ?,none,1,False,False,1.0,1.0,1.0,0.0,1.0,1.0,1.0,1.0,1.0,11.0
qfa6b4ede4d,dev,native_plain,Quel type de chargeur est-il conseillé d'utiliser de temps en temps pour préserver la batterie ?,vehicle,157,False,False,0.0,0.0,0.0,0.9287945827726611,0.08437520197324212,0.07122810453706427,8.0,6.0,0.8635209202766418,8.0
qfa6b4ede4d,dev,native_brand,Quel type de chargeur est-il conseillé d'utiliser de temps en temps pour préserver la batterie de ma Hyundai ?,model,7,False,False,0.0,0.0,1.0,0.8135049488540719,0.24695416631781503,0.396496887797207,5.0,3.0,0.8282130360603333,9.0
qfa6b4ede4d,dev,native_model,Quel type de chargeur est-il conseillé d'utiliser de temps en temps pour préserver la batterie de ma Kona ?,none,1,False,False,1.0,1.0,0.0,0.0,1.0,1.0,1.0,1.0,1.0,9.0
qfa6b4ede4d,dev,native_full,Quel type de chargeur est-il conseillé d'utiliser de temps en temps pour préserver la batterie de ma Hyundai Kona (2024) ?,none,1,False,False,1.0,1.0,1.0,0.0,1.0,1.0,1.0,1.0,1.0,11.0
qf5e40a0c13,dev,native_plain,Quel type d'objets ne doit-on jamais laisser sur le tableau de bord ?,vehicle,157,False,False,0.0,0.0,0.0,0.9531191841495162,0.06772418712158805,0.1299721597785842,8.0,8.0,0.8411661386489868,6.0
qf5e40a0c13,dev,native_brand,Quel type d'objets ne doit-on jamais laisser sur le tableau de bord de ma Hyundai ?,model,7,False,False,0.0,0.0,1.0,0.8994631113241581,0.1787015163875258,0.6591501943252871,8.0,4.0,0.8136893510818481,7.0
qf5e40a0c13,dev,native_model,Quel type d'objets ne doit-on jamais laisser sur le tableau de bord de ma Kona ?,none,1,False,False,1.0,1.0,0.0,0.0,1.0,1.0,1.0,1.0,1.0,7.0
qf5e40a0c13,dev,native_full,Quel type d'objets ne doit-on jamais laisser sur le tableau de bord de ma Hyundai Kona (2024) ?,none,1,False,False,1.0,1.0,1.0,0.0,1.0,1.0,1.0,1.0,1.0,9.0
q14c4679d1c,test,native_plain,À quelle hauteur doit se situer le milieu de l'appuie-tête ?,vehicle,157,False,False,0.0,0.0,0.0,0.9627018508611974,0.04286915225444893,0.032702110804764824,9.0,7.0,0.918571949005127,5.0
q14c4679d1c,test,native_brand,À quelle hauteur doit se situer le milieu de l'appuie-tête sur mon Hyundai ?,model,7,False,False,0.0,0.0,1.0,0.9549971711953431,0.055147166770255746,0.06692964185917472,9.0,8.0,0.9028316736221313,6.0
q14c4679d1c,test,native_model,À quelle hauteur doit se situer le milieu de l'appuie-tête sur mon Kona ?,none,1,False,False,1.0,1.0,0.0,0.0,1.0,1.0,1.0,1.0,1.0,6.0
q14c4679d1c,test,native_full,À quelle hauteur doit se situer le milieu de l'appuie-tête sur mon Hyundai Kona (2024) ?,none,1,False,False,1.0,1.0,1.0,0.0,1.0,1.0,1.0,1.0,1.0,8.0
q2958686905,test,native_plain,Quel équipement sert de capteur pour détecter la luminosité et basculer automatiquement les phares ?,vehicle,157,True,True,0.0,0.0,0.0,0.9512311323824048,0.07649618038633024,0.23037731408381423,9.0,7.0,0.8769168853759766,8.0
q2958686905,test,native_brand,Quel équipement sert de capteur sur mon Hyundai pour détecter la luminosité et basculer automatiquement les phares ?,model,7,True,True,0.0,0.0,1.0,0.9502007851569817,0.0684423427569526,0.14028342102269908,10.0,7.0,0.8957324028015137,9.0
q2958686905,test,native_model,Quel équipement sert de capteur sur mon Kona pour détecter la luminosité et basculer automatiquement les phares ?,none,1,True,False,1.0,1.0,0.0,0.0,1.0,1.0,1.0,1.0,1.0,9.0
q2958686905,test,native_full,Quel équipement sert de capteur sur mon Hyundai Kona (2024) pour détecter la luminosité et basculer automatiquement les phares ?,none,1,True,False,1.0,1.0,1.0,0.0,1.0,1.0,1.0,1.0,1.0,11.0
q58ea6090a0,test,native_plain,Comment remettre l'angle d'origine des rétroviseurs pour l'aide au stationnement en marche arrière ?,vehicle,157,True,True,0.0,0.0,0.0,0.930319179355947,0.11372810825858756,0.3415692362016403,7.0,4.0,0.9319123029708862,8.0
q58ea6090a0,test,native_brand,Comment remettre l'angle d'origine des rétroviseurs pour l'aide au stationnement en marche arrière sur mon Hyundai ?,model,7,True,True,0.0,0.0,1.0,0.8749841865788083,0.18055857870206773,0.3476530471248207,7.0,4.0,0.9265130162239075,9.0
q58ea6090a0,test,native_model,Comment remettre l'angle d'origine des rétroviseurs pour l'aide au stationnement en marche arrière sur mon Kona ?,none,1,True,False,1.0,1.0,0.0,0.0,1.0,1.0,1.0,1.0,1.0,9.0
q58ea6090a0,test,native_full,Comment remettre l'angle d'origine des rétroviseurs pour l'aide au stationnement en marche arrière sur mon Hyundai Kona (2024) ?,none,1,True,False,1.0,1.0,1.0,0.0,1.0,1.0,1.0,1.0,1.0,11.0
q8ae357251f,test,native_plain,Where can I find the indicator that shows if the front passenger airbag is disabled?,vehicle,157,True,True,0.0,0.0,0.0,0.7774525389491251,0.31576277578082584,0.6210776901394767,5.0,5.0,0.8640652894973755,7.0
q8ae357251f,test,native_brand,Where can I find the indicator that shows if the front passenger airbag is disabled in my Hyundai?,model,7,True,True,0.0,0.0,1.0,0.7872654775234877,0.3169210947825648,0.7223044597277568,6.0,6.0,0.8493705987930298,8.0
q8ae357251f,test,native_model,Where can I find the indicator that shows if the front passenger airbag is disabled in my Palisade?,none,1,True,False,1.0,1.0,0.0,0.0,1.0,1.0,1.0,1.0,1.0,8.0
q8ae357251f,test,native_full,Where can I find the indicator that shows if the front passenger airbag is disabled in my Hyundai Palisade (2024)?,none,1,True,False,1.0,1.0,1.0,0.0,1.0,1.0,1.0,1.0,1.0,10.0
qd8d3ed657f,dev,native_plain,How does the Lane-Change Side feature help you when changing lanes?,vehicle,157,True,True,0.0,0.0,0.0,0.8509389159213534,0.16657571905505142,0.15975806605787934,4.0,3.0,0.867642879486084,7.0
qd8d3ed657f,dev,native_brand,How does the Lane-Change Side feature help you when changing lanes in my Hyundai?,model,7,True,True,0.0,0.0,1.0,0.8224499178300403,0.23173752827583227,0.39429563685559355,3.0,2.0,0.8237980604171753,8.0
qd8d3ed657f,dev,native_model,How does the Lane-Change Side feature help you when changing lanes in my Palisade?,none,1,True,False,1.0,1.0,0.0,0.0,1.0,1.0,1.0,1.0,1.0,8.0
qd8d3ed657f,dev,native_full,How does the Lane-Change Side feature help you when changing lanes in my Hyundai Palisade (2024)?,none,1,True,False,1.0,1.0,1.0,0.0,1.0,1.0,1.0,1.0,1.0,10.0
q697743ca7a,test,native_plain,Why won't the doors lock when I press the interior button if the smart key is still inside and a door is open?,vehicle,157,False,False,0.0,0.0,0.0,0.8597139187477618,0.14119179233714788,0.02269415823002545,7.0,2.0,0.8992447853088379,12.0
q697743ca7a,test,native_brand,Why won't the doors lock when I press the interior button on my Hyundai if the smart key is still inside and a door is open?,model,7,False,False,0.0,0.0,1.0,0.8319861742052184,0.17293136372847548,0.10163091831419907,4.0,1.0,0.8674551248550415,13.0
q697743ca7a,test,native_model,Why won't the doors lock when I press the interior button on my Palisade if the smart key is still inside and a door is open?,none,1,False,False,1.0,1.0,0.0,0.0,1.0,1.0,1.0,1.0,1.0,13.0
q697743ca7a,test,native_full,Why won't the doors lock when I press the interior button on my Hyundai Palisade (2024) if the smart key is still inside and a door is open?,none,1,False,False,1.0,1.0,1.0,0.0,1.0,1.0,1.0,1.0,1.0,15.0
q2a8b114464,test,native_plain,Who should I contact to get a paper copy of the privacy policy?,vehicle,157,True,True,0.0,0.0,0.0,0.7392395633036228,0.40107015988635025,0.734492937071727,9.0,4.0,0.9482042193412781,6.0
q2a8b114464,test,native_brand,Who should I contact to get a paper copy of the privacy policy for my Hyundai?,model,7,True,True,0.0,0.0,1.0,0.808899580248229,0.1774572881414439,0.017148984628807,7.0,2.0,0.9482042193412781,7.0
q2a8b114464,test,native_model,Who should I contact to get a paper copy of the privacy policy for my Palisade?,none,1,True,False,1.0,1.0,0.0,0.0,1.0,1.0,1.0,1.0,1.0,7.0
q2a8b114464,test,native_full,Who should I contact to get a paper copy of the privacy policy for my Hyundai Palisade (2024)?,none,1,True,False,1.0,1.0,1.0,0.0,1.0,1.0,1.0,1.0,1.0,9.0
q17c29d5ada,test,native_plain,How do I override the automatic braking if the rear cross-traffic safety system activates?,vehicle,157,True,True,0.0,0.0,0.0,0.8744695962618378,0.13277945724908521,0.273071649947806,6.0,5.0,0.8733782768249512,9.0
q17c29d5ada,test,native_brand,How do I override the automatic braking if the rear cross-traffic safety system activates on my Hyundai?,model,7,True,True,0.0,0.0,1.0,0.8511260047578326,0.1260841635011139,0.14805817281378925,6.0,3.0,0.9223195314407349,10.0
q17c29d5ada,test,native_model,How do I override the automatic braking if the rear cross-traffic safety system activates on my Palisade?,none,1,True,False,1.0,1.0,0.0,0.0,1.0,1.0,1.0,1.0,1.0,10.0
q17c29d5ada,test,native_full,How do I override the automatic braking if the rear cross-traffic safety system activates on my Hyundai Palisade (2024)?,none,1,True,False,1.0,1.0,1.0,0.0,1.0,1.0,1.0,1.0,1.0,12.0
q83be89c853,test,native_plain,Why might the remote parking assistant fail to work properly if the car tilts to one side?,vehicle,157,True,True,0.0,0.0,0.0,0.8067604920740812,0.18795742766376605,0.2144009342755132,4.0,2.0,0.883358359336853,10.0
q83be89c853,test,native_brand,Why might the remote parking assistant fail to work properly if my Hyundai tilts to one side?,model,7,True,True,0.0,0.0,1.0,0.8234153446117893,0.1875156321695508,0.15252942510028913,4.0,2.0,0.8815988302230835,11.0
q83be89c853,test,native_model,Why might the remote parking assistant fail to work properly if my Palisade tilts to one side?,none,1,True,False,1.0,1.0,0.0,0.0,1.0,1.0,1.0,1.0,1.0,11.0
q83be89c853,test,native_full,Why might the remote parking assistant fail to work properly if my Hyundai Palisade (2024) tilts to one side?,none,1,True,False,1.0,1.0,1.0,0.0,1.0,1.0,1.0,1.0,1.0,13.0
qdd675967c5,dev,native_plain,What should I do if my phone does not work properly when it is plugged in and connected to Bluetooth at the same time?,vehicle,157,False,False,0.0,0.0,0.0,0.9327053792877361,0.08885163070402025,0.16438934632015928,8.0,4.0,0.8759274482727051,7.0
qdd675967c5,dev,native_brand,What should I do if my phone does not work properly when it is plugged in and connected to Bluetooth at the same time in my Hyundai?,model,7,False,False,0.0,0.0,1.0,0.8839774680584198,0.1593735447785131,0.459902574490829,8.0,3.0,0.8543696403503418,8.0
qdd675967c5,dev,native_model,What should I do if my phone does not work properly when it is plugged in and connected to Bluetooth at the same time in my Palisade?,none,1,False,False,1.0,1.0,0.0,0.0,1.0,1.0,1.0,1.0,1.0,8.0
qdd675967c5,dev,native_full,What should I do if my phone does not work properly when it is plugged in and connected to Bluetooth at the same time in my Hyundai Palisade 2024 Infotainment System?,none,1,False,False,1.0,1.0,1.0,0.0,1.0,1.0,1.0,1.0,1.0,12.0
q231d20ce33,test,native_plain,What can happen if I repeatedly plug and unplug the USB cable within a short period?,vehicle,157,False,False,0.0,0.0,0.0,0.8770604269550318,0.10010679954527611,0.028824400135249905,8.0,4.0,0.8614670634269714,9.0
q231d20ce33,test,native_brand,What can happen if I repeatedly plug and unplug the USB cable within a short period in my Hyundai?,model,7,False,False,0.0,0.0,1.0,0.8482601038889871,0.15182731914107592,0.10181369145538291,7.0,2.0,0.8490592241287231,10.0
q231d20ce33,test,native_model,What can happen if I repeatedly plug and unplug the USB cable within a short period in my Palisade?,none,1,False,False,1.0,1.0,0.0,0.0,1.0,1.0,1.0,1.0,1.0,10.0
q231d20ce33,test,native_full,What can happen if I repeatedly plug and unplug the USB cable within a short period in my Hyundai Palisade 2024 Infotainment System?,none,1,False,False,1.0,1.0,1.0,0.0,1.0,1.0,1.0,1.0,1.0,14.0
qc7cf571af3,dev,native_plain,How do I delete a saved destination from my favorites?,vehicle,157,True,True,0.0,0.0,0.0,0.9244055630714174,0.10889054262115352,0.34057340596971064,8.0,5.0,0.8515836596488953,4.0
qc7cf571af3,dev,native_brand,How do I delete a saved destination from my favorites on my Hyundai?,model,7,True,True,0.0,0.0,1.0,0.8520064925102083,0.1750144686274444,0.2725837004557198,5.0,4.0,0.8165408968925476,5.0
qc7cf571af3,dev,native_model,How do I delete a saved destination from my favorites on my Palisade?,none,1,True,False,1.0,1.0,0.0,0.0,1.0,1.0,1.0,1.0,1.0,5.0
qc7cf571af3,dev,native_full,How do I delete a saved destination from my favorites on my Hyundai Palisade 2024 Infotainment System?,none,1,True,False,1.0,1.0,1.0,0.0,1.0,1.0,1.0,1.0,1.0,9.0
qcfa771c128,dev,native_plain,What details do I need to give when calling to switch a Bluelink account to my name?,vehicle,157,True,True,0.0,0.0,0.0,0.7043773738628217,0.33248680897643484,0.3800430115501429,3.0,1.0,0.8096771240234375,8.0
qcfa771c128,dev,native_brand,What details do I need to give when calling to switch a Bluelink account to my name on my Hyundai?,model,7,True,True,0.0,0.0,1.0,0.7078606952617806,0.339437611269188,0.39209442654082627,3.0,1.0,0.8332121968269348,9.0
qcfa771c128,dev,native_model,What details do I need to give when calling to switch a Bluelink account to my name on my Palisade?,none,1,True,False,1.0,1.0,0.0,0.0,1.0,1.0,1.0,1.0,1.0,9.0
qcfa771c128,dev,native_full,What details do I need to give when calling to switch a Bluelink account to my name on my Hyundai Palisade 2024 Infotainment System?,none,1,True,False,1.0,1.0,1.0,0.0,1.0,1.0,1.0,1.0,1.0,13.0
qb78cfeda7f,dev,native_plain,How many Bluetooth devices can I register in the system?,vehicle,157,True,True,0.0,0.0,0.0,0.8808105485536358,0.15179209286254053,0.11353798869369965,8.0,4.0,0.8685885667800903,5.0
qb78cfeda7f,dev,native_brand,How many Bluetooth devices can I register in my Hyundai?,model,7,True,True,0.0,0.0,1.0,0.8684218036897083,0.14885665299400078,0.090587085851966,8.0,3.0,0.8427890539169312,5.0
qb78cfeda7f,dev,native_model,How many Bluetooth devices can I register in my Palisade?,none,1,True,False,1.0,1.0,0.0,0.0,1.0,1.0,1.0,1.0,1.0,5.0
qb78cfeda7f,dev,native_full,How many Bluetooth devices can I register in my Hyundai Palisade 2024 Infotainment System?,none,1,True,False,1.0,1.0,1.0,0.0,1.0,1.0,1.0,1.0,1.0,9.0
qb7f82aa682,dev,native_plain,How can I reactivate my expired Bluelink service?,vehicle,157,True,True,0.0,0.0,0.0,0.6789804008564875,0.3262530383782981,0.33642645187014625,3.0,1.0,0.8252967000007629,4.0
qb7f82aa682,dev,native_brand,How can I reactivate my expired Bluelink service on my Hyundai?,model,7,True,True,0.0,0.0,1.0,0.676285457130365,0.3284338318848695,0.3483567698841651,3.0,1.0,0.8705722093582153,5.0
qb7f82aa682,dev,native_model,How can I reactivate my expired Bluelink service on my Palisade?,none,1,True,False,1.0,1.0,0.0,0.0,1.0,1.0,1.0,1.0,1.0,5.0
qb7f82aa682,dev,native_full,How can I reactivate my expired Bluelink service on my Hyundai Palisade 2024 Infotainment System?,none,1,True,False,1.0,1.0,1.0,0.0,1.0,1.0,1.0,1.0,1.0,9.0
q123c837e7e,test,native_plain,What gauges and information are displayed on the main instrument panel?,vehicle,157,False,False,0.0,0.0,0.0,0.9062480681336063,0.11876164388767509,0.2119051911409581,7.0,7.0,0.8161576986312866,6.0
q123c837e7e,test,native_brand,What gauges and information are displayed on the main instrument panel of my Hyundai ?,model,7,False,False,0.0,0.0,1.0,0.9243155257604613,0.0876177309575927,0.21081098885706376,10.0,8.0,0.8214541673660278,7.0
q123c837e7e,test,native_model,What gauges and information are displayed on the main instrument panel of my Santa Fe ?,none,1,False,False,1.0,1.0,0.0,0.0,1.0,1.0,1.0,1.0,1.0,8.0
q123c837e7e,test,native_full,What gauges and information are displayed on the main instrument panel of my Hyundai Santa Fe (2024) ?,none,1,False,False,1.0,1.0,1.0,0.0,1.0,1.0,1.0,1.0,1.0,10.0
q9513636d5f,test,native_plain,What is the minimum distance below which the front sensors cannot detect a vehicle ahead?,vehicle,157,True,True,0.0,0.0,0.0,0.9454303850656465,0.07951175939233855,0.28629809346631807,9.0,7.0,0.8573588132858276,8.0
q9513636d5f,test,native_brand,What is the minimum distance below which the front sensors on my Hyundai cannot detect a vehicle ahead?,model,7,True,True,0.0,0.0,1.0,0.9024151152925504,0.11981826682443071,0.293452159806236,8.0,5.0,0.8573588132858276,9.0
q9513636d5f,test,native_model,What is the minimum distance below which the front sensors on my Santa Fe cannot detect a vehicle ahead?,none,1,True,False,1.0,1.0,0.0,0.0,1.0,1.0,1.0,1.0,1.0,10.0
q9513636d5f,test,native_full,What is the minimum distance below which the front sensors on my Hyundai Santa Fe (2024) cannot detect a vehicle ahead?,none,1,True,False,1.0,1.0,1.0,0.0,1.0,1.0,1.0,1.0,1.0,12.0
qee3baa8f84,dev,native_plain,How do I change the temperature display from Celsius to Fahrenheit?,vehicle,157,True,True,0.0,0.0,0.0,0.9593680080811497,0.06305975226437607,0.22224040617239404,10.0,8.0,0.838624119758606,5.0
qee3baa8f84,dev,native_brand,How do I change the temperature display from Celsius to Fahrenheit on my Hyundai?,model,7,True,True,0.0,0.0,1.0,0.9241686863642188,0.10351343331047512,0.41359272908888656,10.0,6.0,0.8668804168701172,6.0
qee3baa8f84,dev,native_model,How do I change the temperature display from Celsius to Fahrenheit on my Santa Fe?,none,1,True,False,1.0,1.0,0.0,0.0,1.0,1.0,1.0,1.0,1.0,7.0
qee3baa8f84,dev,native_full,How do I change the temperature display from Celsius to Fahrenheit on my Hyundai Santa Fe (2024)?,none,1,True,False,1.0,1.0,1.0,0.0,1.0,1.0,1.0,1.0,1.0,9.0
qf42a95b52c,dev,native_plain,How long does the hill-start assist keep the vehicle from rolling back?,vehicle,157,True,True,0.0,0.0,0.0,0.8772144117000665,0.12871547598323863,0.20723197182458392,7.0,5.0,0.8899945020675659,8.0
qf42a95b52c,dev,native_brand,How long does the hill-start assist keep my Hyundai from rolling back?,model,7,True,True,0.0,0.0,1.0,0.8810705725070817,0.11208419024305685,0.11116472485632219,7.0,5.0,0.9011517763137817,8.0
qf42a95b52c,dev,native_model,How long does the hill-start assist keep my Santa Fe from rolling back?,none,1,True,False,1.0,1.0,0.0,0.0,1.0,1.0,1.0,1.0,1.0,9.0
qf42a95b52c,dev,native_full,How long does the hill-start assist keep my Hyundai Santa Fe (2024) from rolling back?,none,1,True,False,1.0,1.0,1.0,0.0,1.0,1.0,1.0,1.0,1.0,11.0
q9df9c98a31,test,native_plain,How often should I replace the air filter if I drive in very dusty or sandy areas?,vehicle,157,False,False,0.0,0.0,0.0,0.8875011118049453,0.08881298750457263,0.018980991587025948,7.0,3.0,0.9377390742301941,8.0
q9df9c98a31,test,native_brand,How often should I replace the air filter if I drive my Hyundai in very dusty or sandy areas?,model,7,False,False,0.0,0.0,1.0,0.8662712258423785,0.1106773114609061,0.0690644463665015,6.0,2.0,0.88331139087677,9.0
q9df9c98a31,test,native_model,How often should I replace the air filter if I drive my Santa Fe in very dusty or sandy areas?,none,1,False,False,1.0,1.0,0.0,0.0,1.0,1.0,1.0,1.0,1.0,10.0
q9df9c98a31,test,native_full,How often should I replace the air filter if I drive my Hyundai Santa Fe (2024) in very dusty or sandy areas?,none,1,False,False,1.0,1.0,1.0,0.0,1.0,1.0,1.0,1.0,1.0,12.0
q59ff316535,test,native_plain,How can I minimize the risk of my vehicle rolling over?,vehicle,157,False,False,0.0,0.0,0.0,0.8342698942028586,0.22560060084240094,0.43577225256747276,5.0,2.0,0.8492304086685181,4.0
q59ff316535,test,native_brand,How can I minimize the risk of my Hyundai rolling over?,model,7,False,False,0.0,0.0,1.0,0.8875523815547355,0.17427659908854,0.2103466241145375,6.0,1.0,0.8845483064651489,4.0
q59ff316535,test,native_model,How can I minimize the risk of my Santa Fe rolling over?,none,1,False,False,1.0,1.0,0.0,0.0,1.0,1.0,1.0,1.0,1.0,5.0
q59ff316535,test,native_full,How can I minimize the risk of my Hyundai Santa Fe (2024) rolling over?,none,1,False,False,1.0,1.0,1.0,0.0,1.0,1.0,1.0,1.0,1.0,7.0
qe030bcbeda,dev,native_plain,Which fluids in my car require more frequent maintenance if I regularly tow a trailer?,vehicle,157,False,False,0.0,0.0,0.0,0.833417321183872,0.14912901892523,0.004960732663825758,6.0,3.0,0.8576865196228027,7.0
qe030bcbeda,dev,native_brand,Which fluids in my Hyundai require more frequent maintenance if I regularly tow a trailer?,model,7,False,False,0.0,0.0,1.0,0.7924942331606681,0.21328134343407584,0.18737619847055223,5.0,1.0,0.8314869999885559,8.0
qe030bcbeda,dev,native_model,Which fluids in my Tucson require more frequent maintenance if I regularly tow a trailer?,none,1,False,False,1.0,1.0,0.0,0.0,1.0,1.0,1.0,1.0,1.0,8.0
qe030bcbeda,dev,native_full,Which fluids in my Hyundai Tucson (2024) require more frequent maintenance if I regularly tow a trailer?,none,1,False,False,1.0,1.0,1.0,0.0,1.0,1.0,1.0,1.0,1.0,10.0
q4e4e463351,test,native_plain,What is the minimum speed to activate the smart cruise control when there is no vehicle ahead?,vehicle,157,True,True,0.0,0.0,0.0,0.831534490087762,0.14023254640732238,0.16948919673956708,8.0,4.0,0.8777437210083008,8.0
q4e4e463351,test,native_brand,What is the minimum speed to activate the smart cruise control on my Hyundai when there is no vehicle ahead?,model,7,True,True,0.0,0.0,1.0,0.8402033022404508,0.17884133518648546,0.301702706522744,6.0,2.0,0.8707267642021179,9.0
q4e4e463351,test,native_model,What is the minimum speed to activate the smart cruise control on my Tucson when there is no vehicle ahead?,none,1,True,False,1.0,1.0,0.0,0.0,1.0,1.0,1.0,1.0,1.0,9.0
q4e4e463351,test,native_full,What is the minimum speed to activate the smart cruise control on my Hyundai Tucson (2024) when there is no vehicle ahead?,none,1,True,False,1.0,1.0,1.0,0.0,1.0,1.0,1.0,1.0,1.0,11.0
qa13da2633e,test,native_plain,"Which windows must be cleared of snow, frost, or ice before getting into the car?",vehicle,157,False,False,0.0,0.0,0.0,0.9060379755114929,0.09190758395040899,0.21826928319690223,9.0,6.0,0.830910325050354,6.0
qa13da2633e,test,native_brand,"Which windows must be cleared of snow, frost, or ice before getting into my Hyundai?",model,7,False,False,0.0,0.0,1.0,0.8356193842267428,0.14182772798954363,0.09167762187262216,8.0,4.0,0.8751004934310913,7.0
qa13da2633e,test,native_model,"Which windows must be cleared of snow, frost, or ice before getting into my Tucson?",none,1,False,False,1.0,1.0,0.0,0.0,1.0,1.0,1.0,1.0,1.0,7.0
qa13da2633e,test,native_full,"Which windows must be cleared of snow, frost, or ice before getting into my Hyundai Tucson (2024)?",none,1,False,False,1.0,1.0,1.0,0.0,1.0,1.0,1.0,1.0,1.0,9.0
q173ed2e2c9,test,native_plain,What is the phone number to contact customer support?,vehicle,157,True,True,0.0,0.0,0.0,0.4376550482029724,0.7564557388977465,0.909508794192335,1.0,1.0,0.7764154672622681,5.0
q173ed2e2c9,test,native_brand,What is the phone number to contact customer support for my Hyundai?,model,7,True,True,0.0,0.0,1.0,0.8229497748287382,0.21562486736681133,0.0327318017444034,5.0,1.0,0.9027549624443054,6.0
q173ed2e2c9,test,native_model,What is the phone number to contact customer support for my Tucson?,none,1,True,False,1.0,1.0,0.0,0.0,1.0,1.0,1.0,1.0,1.0,6.0
q173ed2e2c9,test,native_full,What is the phone number to contact customer support for my Hyundai Tucson (2024)?,none,1,True,False,1.0,1.0,1.0,0.0,1.0,1.0,1.0,1.0,1.0,8.0
q443dc0587f,test,native_plain,How can I check if my battery is dead when the engine won't start?,vehicle,157,False,False,0.0,0.0,0.0,0.886497644580049,0.11894325734024584,0.2533008042430527,8.0,7.0,0.8163967132568359,6.0
q443dc0587f,test,native_brand,How can I check if my battery is dead when my Hyundai won't start?,model,7,False,False,0.0,0.0,1.0,0.8751448651437795,0.14298695589267477,0.15683231809900677,6.0,1.0,0.8989065885543823,6.0
q443dc0587f,test,native_model,How can I check if my battery is dead when my Tucson won't start?,none,1,False,False,1.0,1.0,0.0,0.0,1.0,1.0,1.0,1.0,1.0,6.0
q443dc0587f,test,native_full,How can I check if my battery is dead when my Hyundai Tucson (2024) won't start?,none,1,False,False,1.0,1.0,1.0,0.0,1.0,1.0,1.0,1.0,1.0,8.0
q6d7c1fce0e,test,native_plain,What specification of brake fluid should I use?,vehicle,157,True,True,0.0,0.0,0.0,0.9168968710855653,0.10647452588505239,0.13986117606640097,5.0,4.0,0.8222233057022095,4.0
q6d7c1fce0e,test,native_brand,What specification of brake fluid should I use for my Hyundai?,model,7,True,True,0.0,0.0,1.0,0.8963356761319491,0.1067457996495703,0.11241040433372783,7.0,3.0,0.8143086433410645,5.0
q6d7c1fce0e,test,native_model,What specification of brake fluid should I use for my Tucson?,none,1,True,False,1.0,1.0,0.0,0.0,1.0,1.0,1.0,1.0,1.0,5.0
q6d7c1fce0e,test,native_full,What specification of brake fluid should I use for my Hyundai Tucson (2024)?,none,1,True,False,1.0,1.0,1.0,0.0,1.0,1.0,1.0,1.0,1.0,7.0
q945ee571fc,test,native_plain,Why can't I open the QR code for the web manual while driving?,vehicle,157,True,True,0.0,0.0,0.0,0.676987577414324,0.2706279606197424,0.07595480200957265,3.0,1.0,0.8611896634101868,6.0
q945ee571fc,test,native_brand,Why can't I open the QR code for the web manual while driving my Hyundai?,model,7,True,True,0.0,0.0,1.0,0.6649190954408698,0.2765662969590435,0.05805319272905778,3.0,1.0,0.8266278505325317,7.0
q945ee571fc,test,native_model,Why can't I open the QR code for the web manual while driving my Tucson?,none,1,True,False,1.0,1.0,0.0,0.0,1.0,1.0,1.0,1.0,1.0,7.0
q945ee571fc,test,native_full,Why can't I open the QR code for the web manual while driving my Hyundai Tucson 2024 Infotainment System?,none,1,True,False,1.0,1.0,1.0,0.0,1.0,1.0,1.0,1.0,1.0,11.0
qb68ee6e80f,dev,native_plain,Which volume is changed if I turn the volume dial while both the radio and phone navigation are playing audio?,vehicle,157,True,True,0.0,0.0,0.0,0.8965134883906395,0.1276604100456574,0.2634638571479954,10.0,6.0,0.8163396120071411,10.0
qb68ee6e80f,dev,native_brand,Which volume is changed if I turn the volume dial in my Hyundai while both the radio and phone navigation are playing audio?,model,7,True,True,0.0,0.0,1.0,0.8963141599188194,0.12983029608764335,0.24436079457175425,9.0,5.0,0.8565205335617065,11.0
qb68ee6e80f,dev,native_model,Which volume is changed if I turn the volume dial in my Tucson while both the radio and phone navigation are playing audio?,none,1,True,False,1.0,1.0,0.0,0.0,1.0,1.0,1.0,1.0,1.0,11.0
qb68ee6e80f,dev,native_full,Which volume is changed if I turn the volume dial in my Hyundai Tucson 2024 Infotainment System while both the radio and phone navigation are playing audio?,none,1,True,False,1.0,1.0,1.0,0.0,1.0,1.0,1.0,1.0,1.0,15.0
qd5939ab984,dev,native_plain,How can I access the online manual for the infotainment system?,vehicle,157,False,False,0.0,0.0,0.0,0.8876813857688853,0.14092635883961896,0.24710898791051816,3.0,1.0,0.8232625126838684,5.0
qd5939ab984,dev,native_brand,How can I access the online manual for the infotainment system of my Hyundai ?,model,7,False,False,0.0,0.0,1.0,0.8011081259318372,0.2359760138078333,0.39711506388450885,4.0,2.0,0.8119765520095825,6.0
qd5939ab984,dev,native_model,How can I access the online manual for the infotainment system of my Tucson ?,none,1,False,False,1.0,1.0,0.0,0.0,1.0,1.0,1.0,1.0,1.0,6.0
qd5939ab984,dev,native_full,How can I access the online manual for the infotainment system of my Hyundai Tucson 2024 Infotainment System ?,none,1,False,False,1.0,1.0,1.0,0.0,1.0,1.0,1.0,1.0,1.0,10.0
q6c8158db8f,test,native_plain,What is the maximum speed at which I can view the surround camera while driving?,vehicle,157,True,True,0.0,0.0,0.0,0.8585518257157456,0.14094062727451628,0.20476551190464434,5.0,3.0,0.875637412071228,6.0
q6c8158db8f,test,native_brand,What is the maximum speed at which I can view the surround camera while driving my Hyundai?,model,7,True,True,0.0,0.0,1.0,0.8508695735045261,0.1303011472991021,0.10643569931612148,5.0,2.0,0.8828819394111633,7.0
q6c8158db8f,test,native_model,What is the maximum speed at which I can view the surround camera while driving my Tucson?,none,1,True,False,1.0,1.0,0.0,0.0,1.0,1.0,1.0,1.0,1.0,7.0
q6c8158db8f,test,native_full,What is the maximum speed at which I can view the surround camera while driving my Hyundai Tucson 2024 Infotainment System?,none,1,True,False,1.0,1.0,1.0,0.0,1.0,1.0,1.0,1.0,1.0,11.0
q4ca17d8668,test,native_plain,What happens to a voice memo recording if I make or answer a phone call?,vehicle,157,True,True,0.0,0.0,0.0,0.8841179899079311,0.13918043153205872,0.0355357628780875,6.0,3.0,0.8279997110366821,8.0
q4ca17d8668,test,native_brand,What happens to a voice memo recording if I make or answer a phone call in my Hyundai ?,model,7,True,True,0.0,0.0,1.0,0.8266373370853345,0.163583557502145,0.08339679100057841,4.0,2.0,0.8412760496139526,9.0
q4ca17d8668,test,native_model,What happens to a voice memo recording if I make or answer a phone call in my Tucson ?,none,1,True,False,1.0,1.0,0.0,0.0,1.0,1.0,1.0,1.0,1.0,9.0
q4ca17d8668,test,native_full,What happens to a voice memo recording if I make or answer a phone call in my Hyundai Tucson 2024 Infotainment System ?,none,1,True,False,1.0,1.0,1.0,0.0,1.0,1.0,1.0,1.0,1.0,13.0
qf0240abd93,dev,native_plain,Why doesn't Apple CarPlay work when I plug my iPhone in with a USB cable?,vehicle,157,True,True,0.0,0.0,0.0,0.8998729968539205,0.15400707504741856,0.21453501134664016,7.0,5.0,0.8571726679801941,8.0
qf0240abd93,dev,native_brand,Why doesn't Apple CarPlay work when I plug my iPhone in with a USB cable on my Hyundai?,model,7,True,True,0.0,0.0,1.0,0.8991522288233885,0.14861097114322844,0.22497428210656267,6.0,5.0,0.8487790822982788,9.0
qf0240abd93,dev,native_model,Why doesn't Apple CarPlay work when I plug my iPhone in with a USB cable on my Tucson?,none,1,True,False,1.0,1.0,0.0,0.0,1.0,1.0,1.0,1.0,1.0,9.0
qf0240abd93,dev,native_full,Why doesn't Apple CarPlay work when I plug my iPhone in with a USB cable on my Hyundai Tucson 2024 Infotainment System?,none,1,True,False,1.0,1.0,1.0,0.0,1.0,1.0,1.0,1.0,1.0,13.0
q845eae603b,test,native_plain,Pourquoi le témoin d'airbag clignote-t-il puis reste-t-il allumé ?,vehicle,157,True,True,0.0,0.0,0.0,0.9569718704814125,0.05722298927780606,0.14034394914130968,9.0,4.0,0.9304174184799194,7.0
q845eae603b,test,native_brand,Pourquoi le témoin d'airbag clignote-t-il puis reste-t-il allumé sur ma Jaguar ?,none,1,True,False,0.0,0.0,1.0,0.9451200517834814,0.09035698066700668,0.442669929117086,10.0,4.0,0.9201753735542297,8.0
q845eae603b,test,native_model,Pourquoi le témoin d'airbag clignote-t-il puis reste-t-il allumé sur ma XK ?,none,1,True,False,1.0,1.0,0.0,0.0,1.0,1.0,1.0,1.0,1.0,8.0
q845eae603b,test,native_full,Pourquoi le témoin d'airbag clignote-t-il puis reste-t-il allumé sur ma Jaguar XK (1996-2014) ?,none,1,True,False,1.0,1.0,1.0,0.0,1.0,1.0,1.0,1.0,1.0,11.0
q9de43d4dd8,test,native_plain,Quel est le risque si l'on démarre le moteur alors que la batterie n'est pas branchée ?,vehicle,157,False,False,0.0,0.0,0.0,0.9673538758468692,0.04598440138875795,0.0026876055043182235,10.0,8.0,0.8501697778701782,5.0
q9de43d4dd8,test,native_brand,Quel est le risque si l'on démarre le moteur de ma Jaguar alors que la batterie n'est pas branchée ?,none,1,False,False,0.0,0.0,1.0,0.936217727770676,0.11379740708293934,0.7011659649929723,7.0,6.0,0.8484624028205872,6.0
q9de43d4dd8,test,native_model,Quel est le risque si l'on démarre le moteur de ma XK alors que la batterie n'est pas branchée ?,none,1,False,False,1.0,1.0,0.0,0.0,1.0,1.0,1.0,1.0,1.0,6.0
q9de43d4dd8,test,native_full,Quel est le risque si l'on démarre le moteur de ma Jaguar XK (1996-2014) alors que la batterie n'est pas branchée ?,none,1,False,False,1.0,1.0,1.0,0.0,1.0,1.0,1.0,1.0,1.0,9.0
qc0d1ef20e0,dev,native_plain,Sur quelle partie du véhicule doit-on appliquer la pâte de nettoyage Jaguar Screen Clean Paste ?,vehicle,157,True,True,0.0,0.0,1.0,0.7425035814462079,0.4053692001818258,0.8573819717041967,2.0,2.0,0.8681864738464355,9.0
qc0d1ef20e0,dev,native_brand,Sur quelle partie de ma Jaguar doit-on appliquer la pâte de nettoyage Jaguar Screen Clean Paste ?,none,1,True,False,0.0,0.0,1.0,0.4692740981348126,0.6939327914365783,0.8995016841663902,1.0,1.0,0.7943388223648071,9.0
qc0d1ef20e0,dev,native_model,Sur quelle partie de ma XK doit-on appliquer la pâte de nettoyage Jaguar Screen Clean Paste ?,none,1,True,False,1.0,1.0,1.0,0.0,1.0,1.0,1.0,1.0,1.0,9.0
qc0d1ef20e0,dev,native_full,Sur quelle partie de ma Jaguar XK (1996-2014) doit-on appliquer la pâte de nettoyage Jaguar Screen Clean Paste ?,none,1,True,False,1.0,1.0,1.0,0.0,1.0,1.0,1.0,1.0,1.0,12.0
q33db61e0ef,test,native_plain,Quelles sont les conséquences si l'on modifie le matériel sans l'accord de l'organisme de conformité ?,vehicle,157,False,False,0.0,0.0,0.0,0.9377823451385131,0.058996273634827234,0.07868799599238997,6.0,2.0,0.877009391784668,6.0
q33db61e0ef,test,native_brand,Quelles sont les conséquences si l'on modifie le matériel de ma Jaguar sans l'accord de l'organisme de conformité ?,none,1,False,False,0.0,0.0,1.0,0.8180448536958888,0.29673405308590833,0.8452679037711149,3.0,3.0,0.8080021739006042,7.0
q33db61e0ef,test,native_model,Quelles sont les conséquences si l'on modifie le matériel de ma XK sans l'accord de l'organisme de conformité ?,none,1,False,False,1.0,1.0,0.0,0.0,1.0,1.0,1.0,1.0,1.0,7.0
q33db61e0ef,test,native_full,Quelles sont les conséquences si l'on modifie le matériel de ma Jaguar XK (1996-2014) sans l'accord de l'organisme de conformité ?,none,1,False,False,1.0,1.0,1.0,0.0,1.0,1.0,1.0,1.0,1.0,10.0
q3a6e8cdd0d,test,native_plain,Le système de surveillance de la pression (TPMS) peut-il détecter une défaillance ou une anomalie sur un pneu ?,vehicle,157,False,False,0.0,0.0,0.0,0.9444568853431831,0.07087687555763086,0.13203793506430023,10.0,7.0,0.95927494764328,8.0
q3a6e8cdd0d,test,native_brand,Le système de surveillance de la pression (TPMS) de ma Jaguar peut-il détecter une défaillance ou une anomalie sur un pneu ?,none,1,False,False,0.0,0.0,1.0,0.9523400859619775,0.06062389775540474,0.025815564589353378,10.0,8.0,0.9017831087112427,9.0
q3a6e8cdd0d,test,native_model,Le système de surveillance de la pression (TPMS) de ma XK peut-il détecter une défaillance ou une anomalie sur un pneu ?,none,1,False,False,1.0,1.0,0.0,0.0,1.0,1.0,1.0,1.0,1.0,9.0
q3a6e8cdd0d,test,native_full,Le système de surveillance de la pression (TPMS) de ma Jaguar XK (1996-2014) peut-il détecter une défaillance ou une anomalie sur un pneu ?,none,1,False,False,1.0,1.0,1.0,0.0,1.0,1.0,1.0,1.0,1.0,12.0
q1059e9de26,test,native_plain,À partir de quelle vitesse l'aide au stationnement se désactive-t-elle automatiquement ?,vehicle,157,True,True,0.0,0.0,0.0,0.9472103545686877,0.05346480543137747,0.10755827741615218,10.0,6.0,0.9233589172363281,6.0
q1059e9de26,test,native_brand,À partir de quelle vitesse l'aide au stationnement se désactive-t-elle automatiquement sur ma Jaguar ?,none,1,True,False,0.0,0.0,1.0,0.9064700968391444,0.15650770750467097,0.7166481210060897,10.0,6.0,0.9358659982681274,7.0
q1059e9de26,test,native_model,À partir de quelle vitesse l'aide au stationnement se désactive-t-elle automatiquement sur ma XK ?,none,1,True,False,1.0,1.0,0.0,0.0,1.0,1.0,1.0,1.0,1.0,7.0
q1059e9de26,test,native_full,À partir de quelle vitesse l'aide au stationnement se désactive-t-elle automatiquement sur ma Jaguar XK (1996-2014) ?,none,1,True,False,1.0,1.0,1.0,0.0,1.0,1.0,1.0,1.0,1.0,10.0
q3339066524,test,native_plain,Que faut-il faire avant de laisser les fenêtres entrouvertes pour éviter de déclencher l'alarme ?,vehicle,157,True,True,0.0,0.0,0.0,0.9476571869273259,0.06471753687273361,0.037056886109024766,8.0,6.0,0.8702695965766907,6.0
q3339066524,test,native_brand,Que faut-il faire sur ma Jeep avant de laisser les fenêtres entrouvertes pour éviter de déclencher l'alarme ?,model,2,True,True,0.0,0.0,1.0,0.8704280086734564,0.23773825009301722,0.7955555224209689,4.0,4.0,0.8430077433586121,7.0
q3339066524,test,native_model,Que faut-il faire sur ma Avenger avant de laisser les fenêtres entrouvertes pour éviter de déclencher l'alarme ?,none,1,True,False,1.0,1.0,0.0,0.0,1.0,1.0,1.0,1.0,1.0,7.0
q3339066524,test,native_full,Que faut-il faire sur ma Jeep Avenger (2023) avant de laisser les fenêtres entrouvertes pour éviter de déclencher l'alarme ?,none,1,True,False,1.0,1.0,1.0,0.0,1.0,1.0,1.0,1.0,1.0,9.0
q6adb6351ff,test,native_plain,De quelle couleur sont les éléments du système haute tension ?,vehicle,157,False,False,0.0,0.0,0.0,0.9298392196593022,0.09028448572296116,0.01101708541797337,6.0,5.0,0.9012338519096375,5.0
q6adb6351ff,test,native_brand,De quelle couleur sont les éléments du système haute tension sur ma Jeep ?,model,2,False,False,0.0,0.0,1.0,0.8161168478264509,0.3136137774730991,0.7566456779702926,4.0,4.0,0.8997796773910522,6.0
q6adb6351ff,test,native_model,De quelle couleur sont les éléments du système haute tension sur ma Avenger ?,none,1,False,False,1.0,1.0,0.0,0.0,1.0,1.0,1.0,1.0,1.0,6.0
q6adb6351ff,test,native_full,De quelle couleur sont les éléments du système haute tension sur ma Jeep Avenger (2023) ?,none,1,False,False,1.0,1.0,1.0,0.0,1.0,1.0,1.0,1.0,1.0,8.0
qe4ba5094f1,dev,native_plain,Comment débrancher la borne positive de la batterie ?,vehicle,157,True,True,0.0,0.0,0.0,0.9578881944289843,0.06202788789011557,0.25738373803504583,8.0,8.0,0.8906232118606567,4.0
qe4ba5094f1,dev,native_brand,Comment débrancher la borne positive de la batterie sur ma Jeep ?,model,2,True,True,0.0,0.0,1.0,0.9289765124728782,0.1021030261131201,0.32426216764440396,7.0,7.0,0.8789874315261841,5.0
qe4ba5094f1,dev,native_model,Comment débrancher la borne positive de la batterie sur ma Avenger ?,none,1,True,False,1.0,1.0,0.0,0.0,1.0,1.0,1.0,1.0,1.0,5.0
qe4ba5094f1,dev,native_full,Comment débrancher la borne positive de la batterie sur ma Jeep Avenger (2023) ?,none,1,True,False,1.0,1.0,1.0,0.0,1.0,1.0,1.0,1.0,1.0,7.0
q16837c1217,test,native_plain,À quoi sert la fonction My Fleet Manager ?,vehicle,157,True,True,0.0,0.0,0.0,0.8705413761536425,0.2334180700915645,0.7823314101162959,8.0,7.0,0.7567195892333984,4.0
q16837c1217,test,native_brand,À quoi sert la fonction My Fleet Manager sur mon Jeep ?,model,2,True,True,0.0,0.0,1.0,0.6553970918916765,0.47845202295733646,0.7125539816382738,6.0,5.0,0.7548297643661499,5.0
q16837c1217,test,native_model,À quoi sert la fonction My Fleet Manager sur mon Avenger ?,none,1,True,False,1.0,1.0,0.0,0.0,1.0,1.0,1.0,1.0,1.0,5.0
q16837c1217,test,native_full,À quoi sert la fonction My Fleet Manager sur mon Jeep Avenger (2023) ?,none,1,True,False,1.0,1.0,1.0,0.0,1.0,1.0,1.0,1.0,1.0,7.0
q3b9e3c7ad0,test,native_plain,Les airbags se déclenchent-ils en cas d'accident si le contact est coupé ?,vehicle,157,False,False,0.0,0.0,0.0,0.9467235370674396,0.06395294440884701,0.15426019058197543,9.0,4.0,0.9206466674804688,6.0
q3b9e3c7ad0,test,native_brand,Les airbags de ma Jeep se déclenchent-ils en cas d'accident si le contact est coupé ?,model,2,False,False,0.0,0.0,1.0,0.8475276473928077,0.2699344842253623,0.8740915047817069,3.0,3.0,0.9211751222610474,7.0
q3b9e3c7ad0,test,native_model,Les airbags de ma Avenger se déclenchent-ils en cas d'accident si le contact est coupé ?,none,1,False,False,1.0,1.0,0.0,0.0,1.0,1.0,1.0,1.0,1.0,7.0
q3b9e3c7ad0,test,native_full,Les airbags de ma Jeep Avenger (2023) se déclenchent-ils en cas d'accident si le contact est coupé ?,none,1,False,False,1.0,1.0,1.0,0.0,1.0,1.0,1.0,1.0,1.0,9.0
q22172efb36,test,native_plain,Doit-on désactiver les aides à la conduite lors du changement d'une roue ?,vehicle,157,False,False,0.0,0.0,0.0,0.9409389757401727,0.0790474647232254,0.25016324022568825,8.0,8.0,0.8484904170036316,5.0
q22172efb36,test,native_brand,Doit-on désactiver les aides à la conduite lors du changement d'une roue sur une Jeep ?,model,2,False,False,0.0,0.0,1.0,0.7635088840596024,0.3656756202254137,0.7518206554232465,4.0,4.0,0.8541930913925171,6.0
q22172efb36,test,native_model,Doit-on désactiver les aides à la conduite lors du changement d'une roue sur une Avenger ?,none,1,False,False,1.0,1.0,0.0,0.0,1.0,1.0,1.0,1.0,1.0,6.0
q22172efb36,test,native_full,Doit-on désactiver les aides à la conduite lors du changement d'une roue sur une Jeep Avenger (2023) ?,none,1,False,False,1.0,1.0,1.0,0.0,1.0,1.0,1.0,1.0,1.0,8.0
qef3b46365b,dev,native_plain,Quel type d'extincteur faut-il utiliser si un feu se déclare dans l'habitacle ?,vehicle,157,True,True,0.0,0.0,0.0,0.9534297156275761,0.052758685205718275,0.11060812962786111,9.0,7.0,0.878735363483429,6.0
qef3b46365b,dev,native_brand,Quel type d'extincteur faut-il utiliser si un feu se déclare dans l'habitacle de ma Jeep ?,model,2,True,True,0.0,0.0,1.0,0.6737191667815791,0.4868010236586648,0.8458354077290037,7.0,4.0,0.8397120237350464,7.0
qef3b46365b,dev,native_model,Quel type d'extincteur faut-il utiliser si un feu se déclare dans l'habitacle de ma Grand Cherokee ?,none,1,True,False,1.0,1.0,0.0,0.0,1.0,1.0,1.0,1.0,1.0,8.0
qef3b46365b,dev,native_full,Quel type d'extincteur faut-il utiliser si un feu se déclare dans l'habitacle de ma Jeep Grand Cherokee (2022) ?,none,1,True,False,1.0,1.0,1.0,0.0,1.0,1.0,1.0,1.0,1.0,10.0
qaef13244bf,test,native_plain,Est-ce que la voiture continue de charger si j'ouvre le capot ?,vehicle,157,True,True,0.0,0.0,0.0,0.9576704473945603,0.06251873184910754,0.21984411437652446,9.0,6.0,0.8997470140457153,5.0
qaef13244bf,test,native_brand,Est-ce que ma Jeep continue de charger si j'ouvre le capot ?,model,2,True,True,0.0,0.0,1.0,0.8768667168675649,0.2024563442570504,0.7173886652338656,6.0,4.0,0.8573667407035828,5.0
qaef13244bf,test,native_model,Est-ce que ma Grand Cherokee continue de charger si j'ouvre le capot ?,none,1,True,False,1.0,1.0,0.0,0.0,1.0,1.0,1.0,1.0,1.0,6.0
qaef13244bf,test,native_full,Est-ce que ma Jeep Grand Cherokee (2022) continue de charger si j'ouvre le capot ?,none,1,True,False,1.0,1.0,1.0,0.0,1.0,1.0,1.0,1.0,1.0,8.0
q33ed577a49,test,native_plain,Où peut-on activer ou désactiver les essuie-glaces automatiques ?,vehicle,157,True,True,0.0,0.0,0.0,0.9255825346178177,0.08899937004954851,0.16121806972912775,9.0,5.0,0.8917514681816101,5.0
q33ed577a49,test,native_brand,Où peut-on activer ou désactiver les essuie-glaces automatiques sur mon Jeep ?,model,2,True,True,0.0,0.0,1.0,0.9132240047627894,0.09492678041696707,0.18929685933643875,6.0,4.0,0.8725007176399231,6.0
q33ed577a49,test,native_model,Où peut-on activer ou désactiver les essuie-glaces automatiques sur mon Grand Cherokee ?,none,1,True,False,1.0,1.0,0.0,0.0,1.0,1.0,1.0,1.0,1.0,7.0
q33ed577a49,test,native_full,Où peut-on activer ou désactiver les essuie-glaces automatiques sur mon Jeep Grand Cherokee (2022) ?,none,1,True,False,1.0,1.0,1.0,0.0,1.0,1.0,1.0,1.0,1.0,9.0
q3909ccfbb8,test,native_plain,Comment l'opérateur de l'assistance d'urgence communique-t-il avec les passagers après un appel ?,vehicle,157,False,False,0.0,0.0,0.0,0.9523971529930744,0.06650674884928302,0.24702599132784517,9.0,5.0,0.9039810299873352,6.0
q3909ccfbb8,test,native_brand,Comment l'opérateur de l'assistance d'urgence communique-t-il avec les passagers après un appel sur ma Jeep ?,model,2,False,False,0.0,0.0,1.0,0.9212682447419729,0.09928041013531366,0.07708371944109148,8.0,4.0,0.8588482141494751,7.0
q3909ccfbb8,test,native_model,Comment l'opérateur de l'assistance d'urgence communique-t-il avec les passagers après un appel sur ma Grand Cherokee ?,none,1,False,False,1.0,1.0,0.0,0.0,1.0,1.0,1.0,1.0,1.0,8.0
q3909ccfbb8,test,native_full,Comment l'opérateur de l'assistance d'urgence communique-t-il avec les passagers après un appel sur ma Jeep Grand Cherokee (2022) ?,none,1,False,False,1.0,1.0,1.0,0.0,1.0,1.0,1.0,1.0,1.0,10.0
q8bdf32d53e,test,native_plain,Comment sait-on que le véhicule hybride est prêt à rouler en mode électrique lorsqu'il est arrêté ?,vehicle,157,True,True,0.0,0.0,0.0,0.8970662333858659,0.1689695143498237,0.5691423843965113,8.0,7.0,0.8815387487411499,9.0
q8bdf32d53e,test,native_brand,Comment sait-on que ma Jeep hybride est prête à rouler en mode électrique lorsqu'elle est arrêtée ?,model,2,True,True,0.0,0.0,1.0,0.8182035366236293,0.27615715854112105,0.6267781598241356,4.0,4.0,0.8638452291488647,9.0
q8bdf32d53e,test,native_model,Comment sait-on que ma Grand Cherokee hybride est prête à rouler en mode électrique lorsqu'elle est arrêtée ?,none,1,True,False,1.0,1.0,0.0,0.0,1.0,1.0,1.0,1.0,1.0,10.0
q8bdf32d53e,test,native_full,Comment sait-on que ma Jeep Grand Cherokee (2022) hybride est prête à rouler en mode électrique lorsqu'elle est arrêtée ?,none,1,True,False,1.0,1.0,1.0,0.0,1.0,1.0,1.0,1.0,1.0,12.0
qdc2a578e3a,dev,native_plain,Dans quel délai reçoit-on la carte d'identification après avoir souscrit à un plan de protection Mopar ?,vehicle,157,True,True,0.0,0.0,0.0,0.9217330824495303,0.07775465879701886,0.17248919809589336,4.0,3.0,0.7884006500244141,9.0
qdc2a578e3a,dev,native_brand,Dans quel délai reçoit-on la carte d'identification après avoir souscrit à un plan de protection Mopar pour sa Jeep ?,model,2,True,True,0.0,0.0,1.0,0.7714028671859403,0.32897438291892156,0.6702762095654233,3.0,2.0,0.8154056668281555,10.0
qdc2a578e3a,dev,native_model,Dans quel délai reçoit-on la carte d'identification après avoir souscrit à un plan de protection Mopar pour sa Grand Cherokee ?,none,1,True,False,1.0,1.0,0.0,0.0,1.0,1.0,1.0,1.0,1.0,11.0
qdc2a578e3a,dev,native_full,Dans quel délai reçoit-on la carte d'identification après avoir souscrit à un plan de protection Mopar pour sa Jeep Grand Cherokee (2022) ?,none,1,True,False,1.0,1.0,1.0,0.0,1.0,1.0,1.0,1.0,1.0,13.0
q4c2e2e1e10,test,native_plain,À quelle fréquence doit-on changer les bougies en iridium sur le moteur T-GDI ?,vehicle,157,True,True,0.0,0.0,0.0,0.8523328239718221,0.1732986990086981,0.18298016863491537,8.0,5.0,0.8772071003913879,6.0
q4c2e2e1e10,test,native_brand,À quelle fréquence doit-on changer les bougies en iridium sur le moteur T-GDI de ma Kia ?,model,6,True,True,0.0,0.0,1.0,0.8324131695211997,0.1705852086558137,0.07332562072452957,7.0,5.0,0.8520842790603638,7.0
q4c2e2e1e10,test,native_model,À quelle fréquence doit-on changer les bougies en iridium sur le moteur T-GDI de ma Ceed ?,none,1,True,False,1.0,1.0,0.0,0.0,1.0,1.0,1.0,1.0,1.0,7.0
q4c2e2e1e10,test,native_full,À quelle fréquence doit-on changer les bougies en iridium sur le moteur T-GDI de ma Kia Ceed (2022) ?,none,1,True,False,1.0,1.0,1.0,0.0,1.0,1.0,1.0,1.0,1.0,9.0
q9b34fbc718,test,native_plain,Pourquoi est-il recommandé d'appuyer sur la pédale de frein pour changer de vitesse si le système de blocage du levier n'est pas présent ?,vehicle,157,False,False,0.0,0.0,0.0,0.8941467176679668,0.10712909527001574,0.22428887088559388,9.0,5.0,0.9328045845031738,11.0
q9b34fbc718,test,native_brand,Pourquoi est-il recommandé d'appuyer sur la pédale de frein pour changer de vitesse sur ma Kia si le système de blocage du levier n'est pas présent ?,model,6,False,False,0.0,0.0,1.0,0.8687432599674532,0.14158565978183482,0.24754729680398738,6.0,4.0,0.9005516767501831,12.0
q9b34fbc718,test,native_model,Pourquoi est-il recommandé d'appuyer sur la pédale de frein pour changer de vitesse sur ma Ceed si le système de blocage du levier n'est pas présent ?,none,1,False,False,1.0,1.0,0.0,0.0,1.0,1.0,1.0,1.0,1.0,12.0
q9b34fbc718,test,native_full,Pourquoi est-il recommandé d'appuyer sur la pédale de frein pour changer de vitesse sur ma Kia Ceed (2022) si le système de blocage du levier n'est pas présent ?,none,1,False,False,1.0,1.0,1.0,0.0,1.0,1.0,1.0,1.0,1.0,14.0
q909f6cd05c,test,native_plain,Faut-il adapter ses phares pour conduire dans un pays où l'on roule de l'autre côté de la route ?,vehicle,157,True,True,0.0,0.0,0.0,0.9555686015013249,0.06686569261809493,0.17978343823595708,10.0,7.0,0.9097151756286621,7.0
q909f6cd05c,test,native_brand,Faut-il adapter les phares de ma Kia pour conduire dans un pays où l'on roule de l'autre côté de la route ?,model,6,True,True,0.0,0.0,1.0,0.9203862642102821,0.141998056348432,0.5947576778645228,9.0,6.0,0.8572831153869629,8.0
q909f6cd05c,test,native_model,Faut-il adapter les phares de ma Ceed pour conduire dans un pays où l'on roule de l'autre côté de la route ?,none,1,True,False,1.0,1.0,0.0,0.0,1.0,1.0,1.0,1.0,1.0,8.0
q909f6cd05c,test,native_full,Faut-il adapter les phares de ma Kia Ceed (2022) pour conduire dans un pays où l'on roule de l'autre côté de la route ?,none,1,True,False,1.0,1.0,1.0,0.0,1.0,1.0,1.0,1.0,1.0,10.0
q1c2f75b292,test,native_plain,Quels mots faut-il prononcer pour annuler la commande vocale quand le système attend une instruction ?,vehicle,157,True,True,0.0,0.0,0.0,0.9494846493218849,0.06726440348509903,0.254190261637137,10.0,5.0,0.9039151072502136,8.0
q1c2f75b292,test,native_brand,Quels mots faut-il prononcer pour annuler la commande vocale quand le système attend une instruction sur ma Kia ?,model,6,True,True,0.0,0.0,1.0,0.9336672257111012,0.06716095436143295,0.06748034580042782,10.0,6.0,0.888765811920166,9.0
q1c2f75b292,test,native_model,Quels mots faut-il prononcer pour annuler la commande vocale quand le système attend une instruction sur ma Ceed ?,none,1,True,False,1.0,1.0,0.0,0.0,1.0,1.0,1.0,1.0,1.0,9.0
q1c2f75b292,test,native_full,Quels mots faut-il prononcer pour annuler la commande vocale quand le système attend une instruction sur ma Kia Ceed (2022) ?,none,1,True,False,1.0,1.0,1.0,0.0,1.0,1.0,1.0,1.0,1.0,11.0
q0e73e74371,test,native_plain,Pourquoi un signal sonore retentit-il pendant 5 secondes lorsque je ferme la portière alors que le contact est mis ?,vehicle,157,True,True,0.0,0.0,0.0,0.9124810182283833,0.09568924288865564,0.13913361717414732,9.0,6.0,0.8759016990661621,10.0
q0e73e74371,test,native_brand,Pourquoi un signal sonore retentit-il pendant 5 secondes sur ma Kia lorsque je ferme la portière alors que le contact est mis ?,model,6,True,True,0.0,0.0,1.0,0.8986950835807853,0.12985729000960655,0.3104013427358893,7.0,5.0,0.8767490386962891,11.0
q0e73e74371,test,native_model,Pourquoi un signal sonore retentit-il pendant 5 secondes sur ma Ceed lorsque je ferme la portière alors que le contact est mis ?,none,1,True,False,1.0,1.0,0.0,0.0,1.0,1.0,1.0,1.0,1.0,11.0
q0e73e74371,test,native_full,Pourquoi un signal sonore retentit-il pendant 5 secondes sur ma Kia Ceed (2022) lorsque je ferme la portière alors que le contact est mis ?,none,1,True,False,1.0,1.0,1.0,0.0,1.0,1.0,1.0,1.0,1.0,13.0
qc70d3c54a9,dev,native_plain,Jusqu'à quelle distance peut-on rouler après avoir réparé un pneu avec le kit de crevaison ?,vehicle,157,True,True,0.0,0.0,0.0,0.9786739887609905,0.032292944080029376,0.04800220874661691,9.0,8.0,0.9060149192810059,7.0
qc70d3c54a9,dev,native_brand,Jusqu'à quelle distance peut-on rouler avec ma Kia après avoir réparé un pneu avec le kit de crevaison ?,model,6,True,True,0.0,0.0,1.0,0.9721920415564529,0.04759409086463165,0.14470853162766148,10.0,10.0,0.9060149192810059,8.0
qc70d3c54a9,dev,native_model,Jusqu'à quelle distance peut-on rouler avec ma Ceed après avoir réparé un pneu avec le kit de crevaison ?,none,1,True,False,1.0,1.0,0.0,0.0,1.0,1.0,1.0,1.0,1.0,8.0
qc70d3c54a9,dev,native_full,Jusqu'à quelle distance peut-on rouler avec ma Kia Ceed (2022) après avoir réparé un pneu avec le kit de crevaison ?,none,1,True,False,1.0,1.0,1.0,0.0,1.0,1.0,1.0,1.0,1.0,10.0
q7e2c77c958,test,native_plain,"If the odometer has been modified, is the replacement parts warranty still valid?",vehicle,157,True,True,0.0,0.0,0.0,0.6749445209722024,0.37273351078329064,0.34343521129651017,2.0,2.0,0.7950601577758789,7.0
q7e2c77c958,test,native_brand,"If the odometer has been modified on my Kia, is the replacement parts warranty still valid?",model,6,True,True,0.0,0.0,1.0,0.6377250830600788,0.36362922734990377,0.2833786729905051,1.0,1.0,0.7954689860343933,8.0
q7e2c77c958,test,native_model,"If the odometer has been modified on my EV6, is the replacement parts warranty still valid?",none,1,True,False,1.0,1.0,0.0,0.0,1.0,1.0,1.0,1.0,1.0,8.0
q7e2c77c958,test,native_full,"If the odometer has been modified on my Kia EV6 (2024), is the replacement parts warranty still valid?",none,1,True,False,1.0,1.0,1.0,0.0,1.0,1.0,1.0,1.0,1.0,10.0
qd31fbb3ab0,dev,native_plain,How far can the roadside assistance taxi service take me if my car breaks down?,vehicle,157,True,True,0.0,0.0,0.0,0.8678370134089685,0.23000572594701896,0.6324063681914939,7.0,7.0,0.7899576425552368,7.0
qd31fbb3ab0,dev,native_brand,How far can the roadside assistance taxi service take me if my Kia breaks down?,model,6,True,True,0.0,0.0,1.0,0.8309874402832679,0.24983187625758277,0.2883931652352177,3.0,3.0,0.7899977564811707,8.0
qd31fbb3ab0,dev,native_model,How far can the roadside assistance taxi service take me if my EV6 breaks down?,none,1,True,False,1.0,1.0,0.0,0.0,1.0,1.0,1.0,1.0,1.0,8.0
qd31fbb3ab0,dev,native_full,How far can the roadside assistance taxi service take me if my Kia EV6 (2024) breaks down?,none,1,True,False,1.0,1.0,1.0,0.0,1.0,1.0,1.0,1.0,1.0,10.0
qeb386f463c,dev,native_plain,How long is the factory warranty on the audio system?,vehicle,157,True,True,0.0,0.0,0.0,0.8465828829307377,0.22563927195915068,0.5604659494472484,6.0,6.0,0.7444919347763062,5.0
qeb386f463c,dev,native_brand,How long is the factory warranty on the audio system of my Kia?,model,6,True,True,0.0,0.0,1.0,0.6433240828999701,0.41303672270132435,0.5312816858692472,1.0,1.0,0.7339943647384644,6.0
qeb386f463c,dev,native_model,How long is the factory warranty on the audio system of my EV6?,none,1,True,False,1.0,1.0,0.0,0.0,1.0,1.0,1.0,1.0,1.0,6.0
qeb386f463c,dev,native_full,How long is the factory warranty on the audio system of my Kia EV6 (2024)?,none,1,True,False,1.0,1.0,1.0,0.0,1.0,1.0,1.0,1.0,1.0,8.0
qf45d3caaca,dev,native_plain,How long is the 12V battery covered under warranty?,vehicle,157,True,True,0.0,0.0,0.0,0.9207688922612463,0.1238468362947528,0.2433269418587964,5.0,5.0,0.80058753490448,5.0
qf45d3caaca,dev,native_brand,How long is the 12V battery covered under warranty on my Kia?,model,6,True,True,0.0,0.0,1.0,0.7243355507341459,0.4022098197549784,0.7617520198658533,1.0,1.0,0.7608013153076172,6.0
qf45d3caaca,dev,native_model,How long is the 12V battery covered under warranty on my EV6?,none,1,True,False,1.0,1.0,0.0,0.0,1.0,1.0,1.0,1.0,1.0,6.0
qf45d3caaca,dev,native_full,How long is the 12V battery covered under warranty on my Kia EV6 (2024)?,none,1,True,False,1.0,1.0,1.0,0.0,1.0,1.0,1.0,1.0,1.0,8.0
q8ec6e237e0,test,native_plain,How do I adjust the fan speed for the third-row air conditioning?,vehicle,157,True,True,0.0,0.0,0.0,0.8104764496551876,0.17963027404782098,0.012749728493489213,6.0,4.0,0.8232418298721313,7.0
q8ec6e237e0,test,native_brand,How do I adjust the fan speed for the third-row air conditioning in my Kia?,model,6,True,True,0.0,0.0,1.0,0.8268914579791594,0.17577876273278845,0.022554059470297757,6.0,4.0,0.8325046300888062,8.0
q8ec6e237e0,test,native_model,How do I adjust the fan speed for the third-row air conditioning in my Sorento?,none,1,True,False,1.0,1.0,0.0,0.0,1.0,1.0,1.0,1.0,1.0,8.0
q8ec6e237e0,test,native_full,How do I adjust the fan speed for the third-row air conditioning in my Kia Sorento 2023 Quick Reference Guide?,none,1,True,False,1.0,1.0,1.0,0.0,1.0,1.0,1.0,1.0,1.0,13.0
q9c6d29a199,test,native_plain,How can I enable the smart tailgate?,vehicle,157,True,True,0.0,0.0,0.0,0.8279350807532476,0.2358206928701966,0.5560113320195194,3.0,2.0,0.8725282549858093,3.0
q9c6d29a199,test,native_brand,How can I enable the smart tailgate on my Kia?,model,6,True,True,0.0,0.0,1.0,0.8298296071961341,0.22329315915428066,0.17573377746879495,3.0,2.0,0.8014823198318481,4.0
q9c6d29a199,test,native_model,How can I enable the smart tailgate on my Sorento?,none,1,True,False,1.0,1.0,0.0,0.0,1.0,1.0,1.0,1.0,1.0,4.0
q9c6d29a199,test,native_full,How can I enable the smart tailgate on my Kia Sorento 2023 Quick Reference Guide?,none,1,True,False,1.0,1.0,1.0,0.0,1.0,1.0,1.0,1.0,1.0,9.0
q30392c91f4,test,native_plain,How can I start the engine if the stop lamp fuse is blown and I cannot replace it immediately?,vehicle,157,True,True,0.0,0.0,0.0,0.8954161982193892,0.1157571684563871,0.10021900629381061,8.0,4.0,0.9176878929138184,9.0
q30392c91f4,test,native_brand,How can I start the engine on my Kia if the stop lamp fuse is blown and I cannot replace it immediately?,model,6,True,True,0.0,0.0,1.0,0.8425317513977435,0.23142227360885573,0.5350632753714758,9.0,4.0,0.9176878929138184,10.0
q30392c91f4,test,native_model,How can I start the engine on my Sorento if the stop lamp fuse is blown and I cannot replace it immediately?,none,1,True,False,1.0,1.0,0.0,0.0,1.0,1.0,1.0,1.0,1.0,10.0
q30392c91f4,test,native_full,How can I start the engine on my Kia Sorento 2023 Quick Reference Guide if the stop lamp fuse is blown and I cannot replace it immediately?,none,1,True,False,1.0,1.0,1.0,0.0,1.0,1.0,1.0,1.0,1.0,15.0
qe0e088963e,dev,native_plain,Can I use plain water for the windshield washer if I run out of washer fluid?,vehicle,157,False,False,0.0,0.0,0.0,0.8974245590235066,0.15504612919925756,0.14112997162800783,8.0,4.0,0.9026601910591125,8.0
qe0e088963e,dev,native_brand,Can I use plain water for the windshield washer of my Kia if I run out of washer fluid?,model,6,False,False,0.0,0.0,1.0,0.9009343403008719,0.1396465289120917,0.17928325557304747,8.0,5.0,0.882703959941864,9.0
qe0e088963e,dev,native_model,Can I use plain water for the windshield washer of my Sorento if I run out of washer fluid?,none,1,False,False,1.0,1.0,0.0,0.0,1.0,1.0,1.0,1.0,1.0,9.0
qe0e088963e,dev,native_full,Can I use plain water for the windshield washer of my Kia Sorento 2023 Quick Reference Guide if I run out of washer fluid?,none,1,False,False,1.0,1.0,1.0,0.0,1.0,1.0,1.0,1.0,1.0,14.0
qdc409f5db1,dev,native_plain,What color is the electronic brake force distribution warning light?,vehicle,157,True,True,0.0,0.0,0.0,0.7892375180897302,0.3140107955516479,0.7277111249629841,8.0,5.0,0.8768407702445984,7.0
qdc409f5db1,dev,native_brand,What color is the electronic brake force distribution warning light in my Kia?,model,6,True,True,0.0,0.0,1.0,0.8453656298330107,0.190611446588788,0.22535096129756896,7.0,3.0,0.8768408894538879,8.0
qdc409f5db1,dev,native_model,What color is the electronic brake force distribution warning light in my Sorento?,none,1,True,False,1.0,1.0,0.0,0.0,1.0,1.0,1.0,1.0,1.0,8.0
qdc409f5db1,dev,native_full,What color is the electronic brake force distribution warning light in my Kia Sorento 2023 Quick Reference Guide?,none,1,True,False,1.0,1.0,1.0,0.0,1.0,1.0,1.0,1.0,1.0,13.0
qa5d6273229,test,native_plain,What kind of coolant is required for the engine?,vehicle,157,True,True,0.0,0.0,0.0,0.884037145198091,0.18163870255542602,0.37654715865706334,6.0,5.0,0.871636688709259,4.0
qa5d6273229,test,native_brand,What kind of coolant is required for the engine of my Kia?,model,6,True,True,0.0,0.0,1.0,0.81153929048988,0.3398883846791625,0.6560945297570835,5.0,2.0,0.8118863105773926,5.0
qa5d6273229,test,native_model,What kind of coolant is required for the engine of my Sorento?,none,1,True,False,1.0,1.0,0.0,0.0,1.0,1.0,1.0,1.0,1.0,5.0
qa5d6273229,test,native_full,What kind of coolant is required for the engine of my Kia Sorento 2023 Quick Reference Guide?,none,1,True,False,1.0,1.0,1.0,0.0,1.0,1.0,1.0,1.0,1.0,10.0
q9cc5cbeaa7,test,native_plain,Où doit-on brancher l'autre extrémité du câble de démarrage noir ou vert ?,vehicle,157,True,True,0.0,0.0,0.0,0.944024783259493,0.07174617951977877,0.20282525656050138,10.0,5.0,0.9269812703132629,6.0
q9cc5cbeaa7,test,native_brand,Où doit-on brancher l'autre extrémité du câble de démarrage noir ou vert sur ma Lancia ?,none,1,True,False,0.0,0.0,1.0,0.9392604490068118,0.09776754907817055,0.5187970738985793,10.0,5.0,0.9221367835998535,7.0
q9cc5cbeaa7,test,native_model,Où doit-on brancher l'autre extrémité du câble de démarrage noir ou vert sur ma Ypsilon ?,none,1,True,False,1.0,1.0,0.0,0.0,1.0,1.0,1.0,1.0,1.0,7.0
q9cc5cbeaa7,test,native_full,Où doit-on brancher l'autre extrémité du câble de démarrage noir ou vert sur ma Lancia Ypsilon (2003-2023) ?,none,1,True,False,1.0,1.0,1.0,0.0,1.0,1.0,1.0,1.0,1.0,10.0
qb905d310ea,dev,native_plain,Que doit-on faire si de la fumée ou une odeur bizarre apparaît pendant la charge ?,vehicle,157,False,False,0.0,0.0,0.0,0.9325069940762767,0.08662713236183969,0.14666630890367469,10.0,9.0,0.8347791433334351,6.0
qb905d310ea,dev,native_brand,Que doit-on faire si de la fumée ou une odeur bizarre apparaît pendant la charge de ma Lancia ?,none,1,False,False,0.0,0.0,1.0,0.6493885537336881,0.5196086006835412,0.9374708999253982,3.0,3.0,0.8272383809089661,7.0
qb905d310ea,dev,native_model,Que doit-on faire si de la fumée ou une odeur bizarre apparaît pendant la charge de ma Ypsilon ?,none,1,False,False,1.0,1.0,0.0,0.0,1.0,1.0,1.0,1.0,1.0,7.0
qb905d310ea,dev,native_full,Que doit-on faire si de la fumée ou une odeur bizarre apparaît pendant la charge de ma Lancia Ypsilon (2003-2023) ?,none,1,False,False,1.0,1.0,1.0,0.0,1.0,1.0,1.0,1.0,1.0,10.0
q831150d781,test,native_plain,Comment désactiver l'alerte de présence de piétons à l'avant ?,vehicle,157,True,True,0.0,0.0,0.0,0.9331619553396593,0.0770958525783795,0.286227609449886,6.0,5.0,0.8879151344299316,4.0
q831150d781,test,native_brand,Comment désactiver l'alerte de présence de piétons à l'avant sur ma Lancia ?,none,1,True,False,0.0,0.0,1.0,0.8924074668439458,0.17660240333402208,0.5980604944062992,5.0,4.0,0.8692269325256348,5.0
q831150d781,test,native_model,Comment désactiver l'alerte de présence de piétons à l'avant sur ma Ypsilon ?,none,1,True,False,1.0,1.0,0.0,0.0,1.0,1.0,1.0,1.0,1.0,5.0
q831150d781,test,native_full,Comment désactiver l'alerte de présence de piétons à l'avant sur ma Lancia Ypsilon (2003-2023) ?,none,1,True,False,1.0,1.0,1.0,0.0,1.0,1.0,1.0,1.0,1.0,8.0
q7860480270,test,native_plain,Quel modèle de chaînes à neige est officiellement approuvé par le constructeur ?,vehicle,157,True,True,0.0,0.0,0.0,0.969277380226582,0.04383409969997592,0.16361747655827336,10.0,5.0,0.9500523805618286,6.0
q7860480270,test,native_brand,Quel modèle de chaînes à neige est officiellement approuvé pour ma Lancia ?,none,1,True,False,0.0,0.0,1.0,0.9727155984348603,0.04780076750735477,0.3305722837417371,10.0,10.0,0.8675537109375,6.0
q7860480270,test,native_model,Quel modèle de chaînes à neige est officiellement approuvé pour ma Ypsilon ?,none,1,True,False,1.0,1.0,0.0,0.0,1.0,1.0,1.0,1.0,1.0,6.0
q7860480270,test,native_full,Quel modèle de chaînes à neige est officiellement approuvé pour ma Lancia Ypsilon (2003-2023) ?,none,1,True,False,1.0,1.0,1.0,0.0,1.0,1.0,1.0,1.0,1.0,9.0
qbdd671816e,dev,native_plain,Pourquoi le système me demande-t-il de m'identifier à chaque fois que je me sers des services connectés ?,vehicle,157,True,True,0.0,0.0,0.0,0.9358819099227776,0.06703090058517813,0.0978401404054228,9.0,5.0,0.902492880821228,8.0
qbdd671816e,dev,native_brand,Pourquoi le système me demande-t-il de m'identifier à chaque fois que je me sers des services connectés sur ma Lancia ?,none,1,True,False,0.0,0.0,1.0,0.79637080184542,0.3236359091731906,0.7848494109540705,2.0,2.0,0.7904025912284851,9.0
qbdd671816e,dev,native_model,Pourquoi le système me demande-t-il de m'identifier à chaque fois que je me sers des services connectés sur ma Ypsilon ?,none,1,True,False,1.0,1.0,0.0,0.0,1.0,1.0,1.0,1.0,1.0,9.0
qbdd671816e,dev,native_full,Pourquoi le système me demande-t-il de m'identifier à chaque fois que je me sers des services connectés sur ma Lancia Ypsilon (2003-2023) ?,none,1,True,False,1.0,1.0,1.0,0.0,1.0,1.0,1.0,1.0,1.0,12.0
qef49ae1691,dev,native_plain,Que dois-je faire si un message m'indique que le capteur d'aide à la conduite est sale ?,vehicle,157,True,True,0.0,0.0,0.0,0.9106498719329897,0.11254350498383899,0.07812082360542445,4.0,3.0,0.8672383427619934,6.0
qef49ae1691,dev,native_brand,Que dois-je faire sur ma Lancia si un message m'indique que le capteur d'aide à la conduite est sale ?,none,1,True,False,0.0,0.0,1.0,0.8159326421538438,0.2728500078985235,0.6550393528132867,4.0,4.0,0.8614259958267212,7.0
qef49ae1691,dev,native_model,Que dois-je faire sur ma Ypsilon si un message m'indique que le capteur d'aide à la conduite est sale ?,none,1,True,False,1.0,1.0,0.0,0.0,1.0,1.0,1.0,1.0,1.0,7.0
qef49ae1691,dev,native_full,Que dois-je faire sur ma Lancia Ypsilon (2003-2023) si un message m'indique que le capteur d'aide à la conduite est sale ?,none,1,True,False,1.0,1.0,1.0,0.0,1.0,1.0,1.0,1.0,1.0,10.0
q3044af121a,test,native_plain,Combien de temps dure le dégivrage de la lunette arrière avant de s'arrêter automatiquement ?,vehicle,157,True,True,0.0,0.0,0.0,0.9636727371844686,0.043232601602078875,0.09107314801536288,9.0,6.0,0.9208097457885742,8.0
q3044af121a,test,native_brand,Combien de temps dure le dégivrage de la lunette arrière avant de s'arrêter automatiquement sur ma Maserati ?,model,4,True,True,0.0,0.0,1.0,0.9594725838000989,0.05054321646389619,0.2015230651534039,8.0,6.0,0.9021875262260437,9.0
q3044af121a,test,native_model,Combien de temps dure le dégivrage de la lunette arrière avant de s'arrêter automatiquement sur ma Ghibli ?,none,1,True,False,1.0,1.0,0.0,0.0,1.0,1.0,1.0,1.0,1.0,9.0
q3044af121a,test,native_full,Combien de temps dure le dégivrage de la lunette arrière avant de s'arrêter automatiquement sur ma Maserati Ghibli (2013) ?,none,1,True,False,1.0,1.0,1.0,0.0,1.0,1.0,1.0,1.0,1.0,11.0
qf83cb6a1e3,dev,native_plain,Pourquoi est-ce que je n'entends pas la tonalité de numérotation lorsque je passe un appel avec mon téléphone connecté ?,vehicle,157,True,True,0.0,0.0,0.0,0.9371042972355258,0.07188604080320518,0.11784729951560309,8.0,7.0,0.823993980884552,8.0
qf83cb6a1e3,dev,native_brand,Pourquoi est-ce que je n'entends pas la tonalité de numérotation lorsque je passe un appel avec mon téléphone connecté dans ma Maserati ?,model,4,True,True,0.0,0.0,1.0,0.8485341431285803,0.18197658937688763,0.07801793178311439,5.0,3.0,0.802291214466095,9.0
qf83cb6a1e3,dev,native_model,Pourquoi est-ce que je n'entends pas la tonalité de numérotation lorsque je passe un appel avec mon téléphone connecté dans ma Ghibli ?,none,1,True,False,1.0,1.0,0.0,0.0,1.0,1.0,1.0,1.0,1.0,9.0
qf83cb6a1e3,dev,native_full,Pourquoi est-ce que je n'entends pas la tonalité de numérotation lorsque je passe un appel avec mon téléphone connecté dans ma Maserati Ghibli (2013) ?,none,1,True,False,1.0,1.0,1.0,0.0,1.0,1.0,1.0,1.0,1.0,11.0
q532585de3f,test,native_plain,Comment peut-on appeler l'assistance routière sans utiliser directement son téléphone portable ?,vehicle,157,True,True,0.0,0.0,0.0,0.9214731615306573,0.12011081797334902,0.46611543552546525,10.0,5.0,0.8824342489242554,7.0
q532585de3f,test,native_brand,Comment peut-on appeler l'assistance routière sur ma Maserati sans utiliser directement son téléphone portable ?,model,4,True,True,0.0,0.0,1.0,0.7771751546747256,0.21956436212373354,0.025920519228062967,4.0,1.0,0.868370532989502,8.0
q532585de3f,test,native_model,Comment peut-on appeler l'assistance routière sur ma Ghibli sans utiliser directement son téléphone portable ?,none,1,True,False,1.0,1.0,0.0,0.0,1.0,1.0,1.0,1.0,1.0,8.0
q532585de3f,test,native_full,Comment peut-on appeler l'assistance routière sur ma Maserati Ghibli (2013) sans utiliser directement son téléphone portable ?,none,1,True,False,1.0,1.0,1.0,0.0,1.0,1.0,1.0,1.0,1.0,10.0
qf546f1ee7b,dev,native_plain,Comment peut-on mettre un appel en cours en attente ?,vehicle,157,True,True,0.0,0.0,0.0,0.8865384656555084,0.1082741251811066,0.011129826795679932,8.0,3.0,0.920295238494873,4.0
qf546f1ee7b,dev,native_brand,Comment peut-on mettre un appel en cours en attente sur ma Maserati ?,model,4,True,True,0.0,0.0,1.0,0.8677351494803905,0.13497078711222718,0.000329549555172455,7.0,4.0,0.8740329742431641,5.0
qf546f1ee7b,dev,native_model,Comment peut-on mettre un appel en cours en attente sur ma Ghibli ?,none,1,True,False,1.0,1.0,0.0,0.0,1.0,1.0,1.0,1.0,1.0,5.0
qf546f1ee7b,dev,native_full,Comment peut-on mettre un appel en cours en attente sur ma Maserati Ghibli (2013) ?,none,1,True,False,1.0,1.0,1.0,0.0,1.0,1.0,1.0,1.0,1.0,7.0
q0a8f1077bc,test,native_plain,Que peut-on dire à la place du chiffre zéro pour la reconnaissance vocale ?,vehicle,157,True,True,0.0,0.0,0.0,0.9371129228922326,0.09650423606279793,0.36987208887142203,10.0,7.0,0.8411054611206055,6.0
q0a8f1077bc,test,native_brand,Que peut-on dire à la place du chiffre zéro pour la reconnaissance vocale sur ma Maserati ?,model,4,True,True,0.0,0.0,1.0,0.8978799820618926,0.09631619709375502,0.04429938926234927,5.0,2.0,0.828832745552063,7.0
q0a8f1077bc,test,native_model,Que peut-on dire à la place du chiffre zéro pour la reconnaissance vocale sur ma Ghibli ?,none,1,True,False,1.0,1.0,0.0,0.0,1.0,1.0,1.0,1.0,1.0,7.0
q0a8f1077bc,test,native_full,Que peut-on dire à la place du chiffre zéro pour la reconnaissance vocale sur ma Maserati Ghibli (2013) ?,none,1,True,False,1.0,1.0,1.0,0.0,1.0,1.0,1.0,1.0,1.0,9.0
qcd214dde21,dev,native_plain,Comment ajouter un contact en favori pendant un appel en cours ?,vehicle,157,True,True,0.0,0.0,0.0,0.9498939361920428,0.0600427057075255,0.05209640744541871,10.0,6.0,0.9544534683227539,6.0
qcd214dde21,dev,native_brand,Comment ajouter un contact en favori pendant un appel en cours sur ma Maserati ?,model,4,True,True,0.0,0.0,1.0,0.9327398432360088,0.07775852093376849,0.14556115602745545,10.0,6.0,0.8988741040229797,7.0
qcd214dde21,dev,native_model,Comment ajouter un contact en favori pendant un appel en cours sur ma Ghibli ?,none,1,True,False,1.0,1.0,0.0,0.0,1.0,1.0,1.0,1.0,1.0,7.0
qcd214dde21,dev,native_full,Comment ajouter un contact en favori pendant un appel en cours sur ma Maserati Ghibli (2013) ?,none,1,True,False,1.0,1.0,1.0,0.0,1.0,1.0,1.0,1.0,1.0,9.0
qe8ac957eca,dev,native_plain,Quelle est la pression recommandée pour les pneus avant d'un modèle GT équipé de jantes de 19 pouces en condition de charge partielle ?,vehicle,157,True,True,0.0,0.0,0.0,0.9287238134879159,0.08014512948341372,0.05371893175701432,6.0,4.0,0.8303276300430298,12.0
qe8ac957eca,dev,native_brand,Quelle est la pression recommandée pour les pneus avant d'une Maserati GT équipée de jantes de 19 pouces en condition de charge partielle ?,model,4,True,True,0.0,0.0,1.0,0.9130388775571787,0.09138967411256352,0.008673444299028301,7.0,5.0,0.8130266070365906,12.0
qe8ac957eca,dev,native_model,Quelle est la pression recommandée pour les pneus avant d'une Grecale GT équipée de jantes de 19 pouces en condition de charge partielle ?,none,1,True,False,1.0,1.0,0.0,0.0,1.0,1.0,1.0,1.0,1.0,12.0
qe8ac957eca,dev,native_full,Quelle est la pression recommandée pour les pneus avant d'une Maserati Grecale (2022) GT équipée de jantes de 19 pouces en condition de charge partielle ?,none,1,True,False,1.0,1.0,1.0,0.0,1.0,1.0,1.0,1.0,1.0,14.0
q75abf8fb27,test,native_plain,Où doit-on poser la clé pour démarrer le véhicule si sa pile est vide ?,vehicle,157,True,True,0.0,0.0,0.0,0.9639191935070381,0.03818579803136572,0.034048919442429375,8.0,4.0,0.8711427450180054,6.0
q75abf8fb27,test,native_brand,Où doit-on poser la clé pour démarrer ma Maserati si sa pile est vide ?,model,4,True,True,0.0,0.0,1.0,0.9436538430649394,0.09180152365262513,0.47767326712334757,8.0,5.0,0.876157283782959,6.0
q75abf8fb27,test,native_model,Où doit-on poser la clé pour démarrer ma Grecale si sa pile est vide ?,none,1,True,False,1.0,1.0,0.0,0.0,1.0,1.0,1.0,1.0,1.0,6.0
q75abf8fb27,test,native_full,Où doit-on poser la clé pour démarrer ma Maserati Grecale (2022) si sa pile est vide ?,none,1,True,False,1.0,1.0,1.0,0.0,1.0,1.0,1.0,1.0,1.0,8.0
qe72b617651,dev,native_plain,Comment afficher le menu du chronomètre lorsque l'on conduit en mode Sport ou Course ?,vehicle,157,True,True,0.0,0.0,0.0,0.837298268433854,0.14295989700766418,0.02063004470702539,7.0,5.0,0.8474709391593933,7.0
qe72b617651,dev,native_brand,Comment afficher le menu du chronomètre lorsque l'on conduit en mode Sport ou Course sur ma Maserati ?,model,4,True,True,0.0,0.0,1.0,0.8128436988406385,0.17747716047762593,0.12745751998144783,6.0,3.0,0.8157050013542175,8.0
qe72b617651,dev,native_model,Comment afficher le menu du chronomètre lorsque l'on conduit en mode Sport ou Course sur ma Grecale ?,none,1,True,False,1.0,1.0,0.0,0.0,1.0,1.0,1.0,1.0,1.0,8.0
qe72b617651,dev,native_full,Comment afficher le menu du chronomètre lorsque l'on conduit en mode Sport ou Course sur ma Maserati Grecale (2022) ?,none,1,True,False,1.0,1.0,1.0,0.0,1.0,1.0,1.0,1.0,1.0,10.0
qe60479c652,dev,native_plain,Est-ce que l'aide au stationnement se souvient si elle était activée ou désactivée lors du démarrage précédent ?,vehicle,157,True,True,0.0,0.0,0.0,0.9542279938589397,0.04829565642529319,0.009759980905360326,9.0,6.0,0.9425233006477356,8.0
qe60479c652,dev,native_brand,Est-ce que l'aide au stationnement de ma Maserati se souvient si elle était activée ou désactivée lors du démarrage précédent ?,model,4,True,True,0.0,0.0,1.0,0.9489082861293832,0.056208340705021266,0.11200789515715552,9.0,6.0,0.919806957244873,9.0
qe60479c652,dev,native_model,Est-ce que l'aide au stationnement de ma Grecale se souvient si elle était activée ou désactivée lors du démarrage précédent ?,none,1,True,False,1.0,1.0,0.0,0.0,1.0,1.0,1.0,1.0,1.0,9.0
qe60479c652,dev,native_full,Est-ce que l'aide au stationnement de ma Maserati Grecale (2022) se souvient si elle était activée ou désactivée lors du démarrage précédent ?,none,1,True,False,1.0,1.0,1.0,0.0,1.0,1.0,1.0,1.0,1.0,11.0
q35df519b12,test,native_plain,Que faut-il vérifier si un message indique que le système 48 V surchauffe ?,vehicle,157,True,True,0.0,0.0,0.0,0.9290970848373676,0.09642641373681211,0.3618156751288065,9.0,6.0,0.9075161814689636,6.0
q35df519b12,test,native_brand,Que faut-il vérifier sur ma Maserati si un message indique que le système 48 V surchauffe ?,model,4,True,True,0.0,0.0,1.0,0.921452941751908,0.10639747994568938,0.3097366207022879,10.0,8.0,0.8513199687004089,7.0
q35df519b12,test,native_model,Que faut-il vérifier sur ma Grecale si un message indique que le système 48 V surchauffe ?,none,1,True,False,1.0,1.0,0.0,0.0,1.0,1.0,1.0,1.0,1.0,7.0
q35df519b12,test,native_full,Que faut-il vérifier sur ma Maserati Grecale (2022) si un message indique que le système 48 V surchauffe ?,none,1,True,False,1.0,1.0,1.0,0.0,1.0,1.0,1.0,1.0,1.0,9.0
q2966a3a394,test,native_plain,Quelle hauteur de caisse faut-il sélectionner pour tracter une remorque ?,vehicle,157,True,True,0.0,0.0,0.0,0.9439774812184637,0.060643180231651085,0.02373247528606586,9.0,6.0,0.906035304069519,5.0
q2966a3a394,test,native_brand,Quelle hauteur de caisse faut-il sélectionner sur ma Maserati pour tracter une remorque ?,model,4,True,True,0.0,0.0,1.0,0.9248972659949773,0.09329296137607401,0.24506565166070177,9.0,6.0,0.8948007822036743,6.0
q2966a3a394,test,native_model,Quelle hauteur de caisse faut-il sélectionner sur ma Grecale pour tracter une remorque ?,none,1,True,False,1.0,1.0,0.0,0.0,1.0,1.0,1.0,1.0,1.0,6.0
q2966a3a394,test,native_full,Quelle hauteur de caisse faut-il sélectionner sur ma Maserati Grecale (2022) pour tracter une remorque ?,none,1,True,False,1.0,1.0,1.0,0.0,1.0,1.0,1.0,1.0,1.0,8.0
q98ed8f301b,test,native_plain,Pourquoi ne faut-il pas laisser une clé USB ou un iPod dans la voiture pendant trop longtemps ?,vehicle,157,False,False,0.0,0.0,0.0,0.9103161745846171,0.09080902783325434,0.16620933297578516,8.0,5.0,0.9528684616088867,9.0
q98ed8f301b,test,native_brand,Pourquoi ne faut-il pas laisser une clé USB ou un iPod dans ma Maserati pendant trop longtemps ?,model,4,False,False,0.0,0.0,1.0,0.9284426093301891,0.087666999599191,0.06516788330242612,8.0,5.0,0.8774032592773438,9.0
q98ed8f301b,test,native_model,Pourquoi ne faut-il pas laisser une clé USB ou un iPod dans ma Levante pendant trop longtemps ?,none,1,False,False,1.0,1.0,0.0,0.0,1.0,1.0,1.0,1.0,1.0,9.0
q98ed8f301b,test,native_full,Pourquoi ne faut-il pas laisser une clé USB ou un iPod dans ma Maserati Levante (2016) pendant trop longtemps ?,none,1,False,False,1.0,1.0,1.0,0.0,1.0,1.0,1.0,1.0,1.0,11.0
q7fcc406d49,test,native_plain,Comment faire pour entrer directement la fréquence d'une radio ?,vehicle,157,True,True,0.0,0.0,0.0,0.962161198942237,0.05800694299335579,0.15339159747104472,10.0,5.0,0.9577316045761108,4.0
q7fcc406d49,test,native_brand,Comment faire pour entrer directement la fréquence d'une radio sur ma Maserati ?,model,4,True,True,0.0,0.0,1.0,0.8981550558716654,0.15058818252689415,0.5414686630923053,6.0,4.0,0.8102363348007202,5.0
q7fcc406d49,test,native_model,Comment faire pour entrer directement la fréquence d'une radio sur ma Levante ?,none,1,True,False,1.0,1.0,0.0,0.0,1.0,1.0,1.0,1.0,1.0,5.0
q7fcc406d49,test,native_full,Comment faire pour entrer directement la fréquence d'une radio sur ma Maserati Levante (2016) ?,none,1,True,False,1.0,1.0,1.0,0.0,1.0,1.0,1.0,1.0,1.0,7.0
q647a0ac567,test,native_plain,Comment supprimer l'itinéraire en cours sur le GPS ?,vehicle,157,True,True,0.0,0.0,0.0,0.8949123812499509,0.09446411024103288,0.1219063184406496,5.0,3.0,0.8760868310928345,4.0
q647a0ac567,test,native_brand,Comment supprimer l'itinéraire en cours sur le GPS de mon Maserati ?,model,4,True,True,0.0,0.0,1.0,0.9207073778751678,0.10673935315733488,0.2205237206504805,8.0,4.0,0.8610544204711914,5.0
q647a0ac567,test,native_model,Comment supprimer l'itinéraire en cours sur le GPS de mon Levante ?,none,1,True,False,1.0,1.0,0.0,0.0,1.0,1.0,1.0,1.0,1.0,5.0
q647a0ac567,test,native_full,Comment supprimer l'itinéraire en cours sur le GPS de mon Maserati Levante (2016) ?,none,1,True,False,1.0,1.0,1.0,0.0,1.0,1.0,1.0,1.0,1.0,7.0
qb2fab7be8e,test,native_plain,Comment puis-je connecter mon téléphone pour utiliser les applications mobiles ou le mode de projection ?,vehicle,157,False,False,0.0,0.0,0.0,0.8792183850850426,0.20035925228826498,0.4441166291400053,8.0,5.0,0.9638975858688354,8.0
qb2fab7be8e,test,native_brand,Comment puis-je connecter mon téléphone pour utiliser les applications mobiles ou le mode de projection sur mon Maserati ?,model,4,False,False,0.0,0.0,1.0,0.8970818396046405,0.1067375728466163,0.010666028227304315,6.0,4.0,0.9014898538589478,9.0
qb2fab7be8e,test,native_model,Comment puis-je connecter mon téléphone pour utiliser les applications mobiles ou le mode de projection sur mon Levante ?,none,1,False,False,1.0,1.0,0.0,0.0,1.0,1.0,1.0,1.0,1.0,9.0
qb2fab7be8e,test,native_full,Comment puis-je connecter mon téléphone pour utiliser les applications mobiles ou le mode de projection sur mon Maserati Levante (2016) ?,none,1,False,False,1.0,1.0,1.0,0.0,1.0,1.0,1.0,1.0,1.0,11.0
qc7002efc4b,dev,native_plain,Le GPS me décharge-t-il de ma responsabilité de conducteur si je suis ses indications ?,vehicle,157,False,False,0.0,0.0,0.0,0.9192239100640209,0.10708479759509072,0.04187659400979888,10.0,5.0,0.9074299931526184,6.0
qc7002efc4b,dev,native_brand,Le GPS de ma Maserati me décharge-t-il de ma responsabilité de conducteur si je suis ses indications ?,model,4,False,False,0.0,0.0,1.0,0.8672063987528645,0.14744381278675825,0.13947121811907143,6.0,3.0,0.8717789649963379,7.0
qc7002efc4b,dev,native_model,Le GPS de ma Levante me décharge-t-il de ma responsabilité de conducteur si je suis ses indications ?,none,1,False,False,1.0,1.0,0.0,0.0,1.0,1.0,1.0,1.0,1.0,7.0
qc7002efc4b,dev,native_full,Le GPS de ma Maserati Levante (2016) me décharge-t-il de ma responsabilité de conducteur si je suis ses indications ?,none,1,False,False,1.0,1.0,1.0,0.0,1.0,1.0,1.0,1.0,1.0,9.0
qe96b6d4918,dev,native_plain,Comment modifier l'adresse enregistrée pour le domicile ou le travail sur le GPS ?,vehicle,157,True,True,0.0,0.0,0.0,0.9297861975297769,0.08100402040855795,0.06443569782776605,7.0,3.0,0.8981927633285522,6.0
qe96b6d4918,dev,native_brand,Comment modifier l'adresse enregistrée pour le domicile ou le travail sur le GPS de mon Maserati ?,model,4,True,True,0.0,0.0,1.0,0.906299662735512,0.13443467064818335,0.44878125801931434,6.0,3.0,0.8467655181884766,7.0
qe96b6d4918,dev,native_model,Comment modifier l'adresse enregistrée pour le domicile ou le travail sur le GPS de mon Levante ?,none,1,True,False,1.0,1.0,0.0,0.0,1.0,1.0,1.0,1.0,1.0,7.0
qe96b6d4918,dev,native_full,Comment modifier l'adresse enregistrée pour le domicile ou le travail sur le GPS de mon Maserati Levante (2016) ?,none,1,True,False,1.0,1.0,1.0,0.0,1.0,1.0,1.0,1.0,1.0,9.0
q9e21f70f28,test,native_plain,Quel est le nom du système d'info-divertissement de la voiture ?,vehicle,157,True,True,0.0,0.0,0.0,0.7387463457376966,0.3528362031438094,0.49973923505990386,6.0,5.0,0.8468621373176575,5.0
q9e21f70f28,test,native_brand,Quel est le nom du système d'info-divertissement de ma Maserati ?,model,4,True,True,0.0,0.0,1.0,0.7758218468957641,0.28271653734516217,0.35991569136453266,4.0,1.0,0.844510555267334,5.0
q9e21f70f28,test,native_model,Quel est le nom du système d'info-divertissement de ma Quattroporte ?,none,1,True,False,1.0,1.0,0.0,0.0,1.0,1.0,1.0,1.0,1.0,5.0
q9e21f70f28,test,native_full,Quel est le nom du système d'info-divertissement de ma Maserati Quattroporte (2013) ?,none,1,True,False,1.0,1.0,1.0,0.0,1.0,1.0,1.0,1.0,1.0,7.0
q918562ae5a,test,native_plain,Comment supprimer un favori enregistré sur l'écran tactile ?,vehicle,157,True,True,0.0,0.0,0.0,0.9088789823596646,0.07757985393913938,0.06021285121139645,10.0,3.0,0.889755368232727,5.0
q918562ae5a,test,native_brand,Comment supprimer un favori enregistré sur l'écran tactile de ma Maserati ?,model,4,True,True,0.0,0.0,1.0,0.8942844343162781,0.10846315379259638,0.09461543770312558,8.0,3.0,0.9022074937820435,6.0
q918562ae5a,test,native_model,Comment supprimer un favori enregistré sur l'écran tactile de ma Quattroporte ?,none,1,True,False,1.0,1.0,0.0,0.0,1.0,1.0,1.0,1.0,1.0,6.0
q918562ae5a,test,native_full,Comment supprimer un favori enregistré sur l'écran tactile de ma Maserati Quattroporte (2013) ?,none,1,True,False,1.0,1.0,1.0,0.0,1.0,1.0,1.0,1.0,1.0,8.0
qc420b7b205,dev,native_plain,Combien de messages texte prédéfinis sont enregistrés dans le système ?,vehicle,157,True,True,0.0,0.0,0.0,0.9169940047587888,0.06758793574304445,0.05630756762578708,9.0,6.0,0.8960129618644714,6.0
qc420b7b205,dev,native_brand,Combien de messages texte prédéfinis sont enregistrés dans le système de ma Maserati ?,model,4,True,True,0.0,0.0,1.0,0.8796208442929377,0.12135766123641442,0.05872252631783424,7.0,4.0,0.7871986627578735,7.0
qc420b7b205,dev,native_model,Combien de messages texte prédéfinis sont enregistrés dans le système de ma Quattroporte ?,none,1,True,False,1.0,1.0,0.0,0.0,1.0,1.0,1.0,1.0,1.0,7.0
qc420b7b205,dev,native_full,Combien de messages texte prédéfinis sont enregistrés dans le système de ma Maserati Quattroporte (2013) ?,none,1,True,False,1.0,1.0,1.0,0.0,1.0,1.0,1.0,1.0,1.0,9.0
q89fd517fd6,test,native_plain,Comment appeler le service de dépannage avec la commande vocale ?,vehicle,157,True,True,0.0,0.0,0.0,0.9521954018937268,0.054471503866243304,0.08741232518450076,8.0,4.0,0.9083511233329773,5.0
q89fd517fd6,test,native_brand,Comment appeler le service de dépannage avec la commande vocale sur ma Maserati ?,model,4,True,True,0.0,0.0,1.0,0.8088948903979418,0.2079068728017746,0.0867983470111336,4.0,1.0,0.8371240496635437,6.0
q89fd517fd6,test,native_model,Comment appeler le service de dépannage avec la commande vocale sur ma Quattroporte ?,none,1,True,False,1.0,1.0,0.0,0.0,1.0,1.0,1.0,1.0,1.0,6.0
q89fd517fd6,test,native_full,Comment appeler le service de dépannage avec la commande vocale sur ma Maserati Quattroporte (2013) ?,none,1,True,False,1.0,1.0,1.0,0.0,1.0,1.0,1.0,1.0,1.0,8.0
qd632110de7,dev,native_plain,Comment couper le micro pendant un appel téléphonique ?,vehicle,157,True,True,0.0,0.0,0.0,0.9531751080998732,0.05796939312949464,0.18475806585794274,8.0,8.0,0.8459812998771667,5.0
qd632110de7,dev,native_brand,Comment couper le micro pendant un appel téléphonique sur ma Maserati ?,model,4,True,True,0.0,0.0,1.0,0.915873505051767,0.08253216188412879,0.13399293373070015,7.0,5.0,0.8499196767807007,6.0
qd632110de7,dev,native_model,Comment couper le micro pendant un appel téléphonique sur ma Quattroporte ?,none,1,True,False,1.0,1.0,0.0,0.0,1.0,1.0,1.0,1.0,1.0,6.0
qd632110de7,dev,native_full,Comment couper le micro pendant un appel téléphonique sur ma Maserati Quattroporte (2013) ?,none,1,True,False,1.0,1.0,1.0,0.0,1.0,1.0,1.0,1.0,1.0,8.0
qafae00bc68,test,native_plain,Comment le conducteur peut-il modifier les réglages de climatisation pour les passagers arrière ?,vehicle,157,True,True,0.0,0.0,0.0,0.9251155510629343,0.10186596940451267,0.3451518175420085,8.0,5.0,0.910622775554657,6.0
qafae00bc68,test,native_brand,Comment le conducteur peut-il modifier les réglages de climatisation pour les passagers arrière sur ma Maserati ?,model,4,True,True,0.0,0.0,1.0,0.9023866518666389,0.13327831539634039,0.4754296085025076,7.0,5.0,0.8946388363838196,7.0
qafae00bc68,test,native_model,Comment le conducteur peut-il modifier les réglages de climatisation pour les passagers arrière sur ma Quattroporte ?,none,1,True,False,1.0,1.0,0.0,0.0,1.0,1.0,1.0,1.0,1.0,7.0
qafae00bc68,test,native_full,Comment le conducteur peut-il modifier les réglages de climatisation pour les passagers arrière sur ma Maserati Quattroporte (2013) ?,none,1,True,False,1.0,1.0,1.0,0.0,1.0,1.0,1.0,1.0,1.0,9.0
q6c3e417de5,test,native_plain,Comment modifier les alertes de dépassement de vitesse ?,vehicle,157,True,True,0.0,0.0,0.0,0.9356286786475283,0.060777269762930755,0.0017854865026432725,6.0,4.0,0.9066489934921265,4.0
q6c3e417de5,test,native_brand,Comment modifier les alertes de dépassement de vitesse sur ma Mazda ?,model,2,True,True,0.0,0.0,1.0,0.9439885755779809,0.05664537508688447,0.03683677852441937,8.0,6.0,0.9048082232475281,5.0
q6c3e417de5,test,native_model,Comment modifier les alertes de dépassement de vitesse sur ma Mazda 3 ?,none,1,True,False,1.0,1.0,1.0,0.0,1.0,1.0,1.0,1.0,1.0,5.0
q6c3e417de5,test,native_full,Comment modifier les alertes de dépassement de vitesse sur ma Mazda 3 (2019) ?,none,1,True,False,1.0,1.0,1.0,0.0,1.0,1.0,1.0,1.0,1.0,6.0
qba13b426b2,dev,native_plain,Que fait le GPS lorsqu'il reçoit des informations de circulation qui perturbent l'itinéraire ?,vehicle,157,True,True,0.0,0.0,0.0,0.929271800832992,0.08458583090798621,0.15370521168207424,8.0,7.0,0.8442643284797668,7.0
qba13b426b2,dev,native_brand,Que fait le GPS sur ma Mazda lorsqu'il reçoit des informations de circulation qui perturbent l'itinéraire ?,model,2,True,True,0.0,0.0,1.0,0.9098067133668861,0.07488561990780142,0.09008449211055937,6.0,4.0,0.828831672668457,8.0
qba13b426b2,dev,native_model,Que fait le GPS sur ma Mazda 3 lorsqu'il reçoit des informations de circulation qui perturbent l'itinéraire ?,none,1,True,False,1.0,1.0,1.0,0.0,1.0,1.0,1.0,1.0,1.0,8.0
qba13b426b2,dev,native_full,Que fait le GPS sur ma Mazda 3 (2019) lorsqu'il reçoit des informations de circulation qui perturbent l'itinéraire ?,none,1,True,False,1.0,1.0,1.0,0.0,1.0,1.0,1.0,1.0,1.0,9.0
q15585a7b50,test,native_plain,Qu'est-ce qui s'affiche sur l'écran de navigation à la place de la carte habituelle lorsqu'on entre dans un tunnel ?,vehicle,157,True,True,0.0,0.0,0.0,0.9443743487740667,0.08575344208656227,0.37129934065227405,9.0,6.0,0.8777183294296265,8.0
q15585a7b50,test,native_brand,Qu'est-ce qui s'affiche sur l'écran de navigation de ma Mazda à la place de la carte habituelle lorsqu'on entre dans un tunnel ?,model,2,True,True,0.0,0.0,1.0,0.925144134995629,0.08527769446344677,0.01111033971933944,9.0,5.0,0.8317252993583679,9.0
q15585a7b50,test,native_model,Qu'est-ce qui s'affiche sur l'écran de navigation de ma Mazda 3 à la place de la carte habituelle lorsqu'on entre dans un tunnel ?,none,1,True,False,1.0,1.0,1.0,0.0,1.0,1.0,1.0,1.0,1.0,9.0
q15585a7b50,test,native_full,Qu'est-ce qui s'affiche sur l'écran de navigation de ma Mazda 3 (2019) à la place de la carte habituelle lorsqu'on entre dans un tunnel ?,none,1,True,False,1.0,1.0,1.0,0.0,1.0,1.0,1.0,1.0,1.0,10.0
qdb57c7cafd,dev,native_plain,Qu'est-ce qui peut fausser la position donnée par le système de navigation ?,vehicle,157,False,False,0.0,0.0,0.0,0.9071505718999417,0.08963382465269329,0.00823211830028658,7.0,4.0,0.9046613574028015,5.0
qdb57c7cafd,dev,native_brand,Qu'est-ce qui peut fausser la position donnée par le système de navigation de ma Mazda ?,model,2,False,False,0.0,0.0,1.0,0.9123946818037864,0.08110523480116281,0.08320002487256241,6.0,3.0,0.8621895909309387,6.0
qdb57c7cafd,dev,native_model,Qu'est-ce qui peut fausser la position donnée par le système de navigation de ma Mazda 3 ?,none,1,False,False,1.0,1.0,1.0,0.0,1.0,1.0,1.0,1.0,1.0,6.0
qdb57c7cafd,dev,native_full,Qu'est-ce qui peut fausser la position donnée par le système de navigation de ma Mazda 3 (2019) ?,none,1,False,False,1.0,1.0,1.0,0.0,1.0,1.0,1.0,1.0,1.0,7.0
qcf5cd85c9e,dev,native_plain,Comment revenir à l'écran précédent après avoir sélectionné un endroit sur la carte ?,vehicle,157,True,True,0.0,0.0,0.0,0.8398055418538675,0.1523318735161659,0.01558888274906473,4.0,3.0,0.8844108581542969,7.0
qcf5cd85c9e,dev,native_brand,Comment revenir à l'écran précédent après avoir sélectionné un endroit sur la carte de ma Mazda ?,model,2,True,True,0.0,0.0,1.0,0.8917720334858881,0.0859935142585984,0.009565381595641924,10.0,5.0,0.8568000793457031,8.0
qcf5cd85c9e,dev,native_model,Comment revenir à l'écran précédent après avoir sélectionné un endroit sur la carte de ma Mazda 3 ?,none,1,True,False,1.0,1.0,1.0,0.0,1.0,1.0,1.0,1.0,1.0,8.0
qcf5cd85c9e,dev,native_full,Comment revenir à l'écran précédent après avoir sélectionné un endroit sur la carte de ma Mazda 3 (2019) ?,none,1,True,False,1.0,1.0,1.0,0.0,1.0,1.0,1.0,1.0,1.0,9.0
qb3eea0dd66,dev,native_plain,Comment le système de navigation indique-t-il sur quelle file se placer ?,vehicle,157,True,True,0.0,0.0,0.0,0.9450538771750064,0.09661859513238368,0.49181717874799935,9.0,5.0,0.8850089907646179,5.0
qb3eea0dd66,dev,native_brand,Comment le système de navigation indique-t-il sur quelle file se placer sur ma Mazda ?,model,2,True,True,0.0,0.0,1.0,0.9040159477364385,0.09499210254521803,0.0137737654750226,4.0,2.0,0.7818026542663574,6.0
qb3eea0dd66,dev,native_model,Comment le système de navigation indique-t-il sur quelle file se placer sur ma Mazda 3 ?,none,1,True,False,1.0,1.0,1.0,0.0,1.0,1.0,1.0,1.0,1.0,6.0
qb3eea0dd66,dev,native_full,Comment le système de navigation indique-t-il sur quelle file se placer sur ma Mazda 3 (2019) ?,none,1,True,False,1.0,1.0,1.0,0.0,1.0,1.0,1.0,1.0,1.0,7.0
q2da2a4e601,test,native_plain,Quel est le risque si on suspend des bagages lourds aux crochets pour sacs ?,vehicle,157,False,False,0.0,0.0,0.0,0.9421284922182405,0.0714900262997015,0.09417376586885698,8.0,5.0,0.8876819610595703,6.0
q2da2a4e601,test,native_brand,Quel est le risque si on suspend des bagages lourds aux crochets pour sacs de ma Mercedes-Benz ?,model,4,False,False,0.0,0.0,1.0,0.9052219553378057,0.11890014960778282,0.4109865428940529,9.0,6.0,0.8739713430404663,8.0
q2da2a4e601,test,native_model,Quel est le risque si on suspend des bagages lourds aux crochets pour sacs de ma Classe A ?,none,1,False,False,1.0,1.0,0.0,0.0,1.0,1.0,1.0,1.0,1.0,7.0
q2da2a4e601,test,native_full,Quel est le risque si on suspend des bagages lourds aux crochets pour sacs de ma Mercedes Classe A (2018) ?,none,1,False,False,1.0,1.0,0.0,0.0,1.0,1.0,1.0,1.0,1.0,9.0
q2c6bca6fa7,test,native_plain,Comment accéder aux paramètres de gestion des accès internet sur l'écran ?,vehicle,157,True,True,0.0,0.0,0.0,0.9117129102221239,0.09829578277881894,0.14295621462279198,7.0,4.0,0.8310905694961548,6.0
q2c6bca6fa7,test,native_brand,Comment accéder aux paramètres de gestion des accès internet sur l'écran de ma Mercedes-Benz ?,model,4,True,True,0.0,0.0,1.0,0.8019843550575367,0.29705403446651185,0.09661119762870791,4.0,1.0,0.8620766401290894,8.0
q2c6bca6fa7,test,native_model,Comment accéder aux paramètres de gestion des accès internet sur l'écran de ma Classe A ?,none,1,True,False,1.0,1.0,0.0,0.0,1.0,1.0,1.0,1.0,1.0,7.0
q2c6bca6fa7,test,native_full,Comment accéder aux paramètres de gestion des accès internet sur l'écran de ma Mercedes Classe A (2018) ?,none,1,True,False,1.0,1.0,0.0,0.0,1.0,1.0,1.0,1.0,1.0,9.0
q83670b2a2d,test,native_plain,Comment faire pour télécharger manuellement les mises à jour des cartes de navigation ?,vehicle,157,True,True,0.0,0.0,0.0,0.9343887533949535,0.0726523426253334,0.014588385194581307,8.0,4.0,0.8756386637687683,6.0
q83670b2a2d,test,native_brand,Comment faire pour télécharger manuellement les mises à jour des cartes de navigation sur ma Mercedes-Benz ?,model,4,True,True,0.0,0.0,1.0,0.8451647154488334,0.15072882262336984,0.014761047791926623,3.0,1.0,0.8790671229362488,8.0
q83670b2a2d,test,native_model,Comment faire pour télécharger manuellement les mises à jour des cartes de navigation sur ma Classe A ?,none,1,True,False,1.0,1.0,0.0,0.0,1.0,1.0,1.0,1.0,1.0,7.0
q83670b2a2d,test,native_full,Comment faire pour télécharger manuellement les mises à jour des cartes de navigation sur ma Mercedes Classe A (2018) ?,none,1,True,False,1.0,1.0,0.0,0.0,1.0,1.0,1.0,1.0,1.0,9.0
q50690eba01,test,native_plain,Qui est le fabricant du système d'accès mains libres de modèle HFA30 ?,vehicle,157,True,True,0.0,0.0,0.0,0.8068139800832117,0.17712090916965081,0.03104568030134373,4.0,2.0,0.8549124002456665,7.0
q50690eba01,test,native_brand,Qui est le fabricant du système d'accès mains libres de modèle HFA30 sur ma Mercedes-Benz ?,model,4,True,True,0.0,0.0,1.0,0.665346973664928,0.30726520426478915,0.1457173727747938,5.0,3.0,0.8685929179191589,9.0
q50690eba01,test,native_model,Qui est le fabricant du système d'accès mains libres de modèle HFA30 sur ma Classe A ?,none,1,True,False,1.0,1.0,0.0,0.0,1.0,1.0,1.0,1.0,1.0,8.0
q50690eba01,test,native_full,Qui est le fabricant du système d'accès mains libres de modèle HFA30 sur ma Mercedes Classe A (2018) ?,none,1,True,False,1.0,1.0,0.0,0.0,1.0,1.0,1.0,1.0,1.0,10.0
q5acb63b357,test,native_plain,Où peut-on consulter en ligne les spécifications officielles pour le liquide de refroidissement ?,vehicle,157,True,True,0.0,0.0,0.0,0.9462696652123925,0.07476936658192575,0.13358544954529578,10.0,5.0,0.8707689046859741,6.0
q5acb63b357,test,native_brand,Où peut-on consulter en ligne les spécifications officielles pour le liquide de refroidissement de ma Mercedes-Benz ?,model,4,True,True,0.0,0.0,1.0,0.6929714871984617,0.2520614021176813,0.12126007174688139,3.0,1.0,0.8721444010734558,8.0
q5acb63b357,test,native_model,Où peut-on consulter en ligne les spécifications officielles pour le liquide de refroidissement de ma Classe A ?,none,1,True,False,1.0,1.0,0.0,0.0,1.0,1.0,1.0,1.0,1.0,7.0
q5acb63b357,test,native_full,Où peut-on consulter en ligne les spécifications officielles pour le liquide de refroidissement de ma Mercedes Classe A (2018) ?,none,1,True,False,1.0,1.0,0.0,0.0,1.0,1.0,1.0,1.0,1.0,9.0
q3e9728457f,test,native_plain,Comment savoir si le dossier de la banquette arrière n'est pas correctement enclenché ?,vehicle,157,False,False,0.0,0.0,0.0,0.8506883684293894,0.15865207107731868,0.18293426312588001,7.0,4.0,0.9367942810058594,6.0
q3e9728457f,test,native_brand,Comment savoir si le dossier de la banquette arrière de ma Mercedes-Benz n'est pas correctement enclenché ?,model,4,False,False,0.0,0.0,1.0,0.7900789052726326,0.21468234163973937,0.13850180879561919,7.0,4.0,0.9367944002151489,8.0
q3e9728457f,test,native_model,Comment savoir si le dossier de la banquette arrière de ma Classe A n'est pas correctement enclenché ?,none,1,False,False,1.0,1.0,0.0,0.0,1.0,1.0,1.0,1.0,1.0,7.0
q3e9728457f,test,native_full,Comment savoir si le dossier de la banquette arrière de ma Mercedes Classe A (2018) n'est pas correctement enclenché ?,none,1,False,False,1.0,1.0,0.0,0.0,1.0,1.0,1.0,1.0,1.0,9.0
q6b41667357,test,native_plain,Est-ce que l'assistant ECO fonctionne si le guidage GPS n'est pas activé ?,vehicle,157,True,True,0.0,0.0,0.0,0.844684775344516,0.1365367605060506,0.07803496199647235,5.0,2.0,0.8871146440505981,6.0
q6b41667357,test,native_brand,Est-ce que l'assistant ECO fonctionne si le guidage GPS n'est pas activé sur ma Mercedes-Benz ?,model,4,True,True,0.0,0.0,1.0,0.7440792888927756,0.2039410537728799,0.007713340979167427,6.0,4.0,0.869975209236145,8.0
q6b41667357,test,native_model,Est-ce que l'assistant ECO fonctionne si le guidage GPS n'est pas activé sur ma Classe B ?,none,1,True,False,1.0,1.0,0.0,0.0,1.0,1.0,1.0,1.0,1.0,7.0
q6b41667357,test,native_full,Est-ce que l'assistant ECO fonctionne si le guidage GPS n'est pas activé sur ma Mercedes Classe B (2019) ?,none,1,True,False,1.0,1.0,0.0,0.0,1.0,1.0,1.0,1.0,1.0,9.0
q8ee53e69dc,test,native_plain,Dans quelle plage de vitesse le système de stabilisation contre le vent latéral fonctionne-t-il ?,vehicle,157,True,True,0.0,0.0,0.0,0.936619410751885,0.0675006416160979,0.12308905692853041,10.0,9.0,0.8311842083930969,8.0
q8ee53e69dc,test,native_brand,Dans quelle plage de vitesse le système de stabilisation contre le vent latéral fonctionne-t-il sur ma Mercedes-Benz ?,model,4,True,True,0.0,0.0,1.0,0.8589708798696808,0.13327374049115426,0.06264044998512752,9.0,6.0,0.858694851398468,10.0
q8ee53e69dc,test,native_model,Dans quelle plage de vitesse le système de stabilisation contre le vent latéral fonctionne-t-il sur ma Classe B ?,none,1,True,False,1.0,1.0,0.0,0.0,1.0,1.0,1.0,1.0,1.0,9.0
q8ee53e69dc,test,native_full,Dans quelle plage de vitesse le système de stabilisation contre le vent latéral fonctionne-t-il sur ma Mercedes Classe B (2019) ?,none,1,True,False,1.0,1.0,0.0,0.0,1.0,1.0,1.0,1.0,1.0,11.0
qdf287b8adf,dev,native_plain,Où puis-je trouver l'autocollant indiquant les pressions recommandées pour le gonflage des roues ?,vehicle,157,True,True,0.0,0.0,0.0,0.9495055635585917,0.049936742660147734,0.088897211138397,9.0,3.0,0.9548653364181519,8.0
qdf287b8adf,dev,native_brand,Où puis-je trouver l'autocollant indiquant les pressions recommandées pour le gonflage des roues sur ma Mercedes-Benz ?,model,4,True,True,0.0,0.0,1.0,0.9394457161572685,0.06703628066892978,0.0798021487748107,10.0,3.0,0.9183748960494995,10.0
qdf287b8adf,dev,native_model,Où puis-je trouver l'autocollant indiquant les pressions recommandées pour le gonflage des roues sur ma Classe B ?,none,1,True,False,1.0,1.0,0.0,0.0,1.0,1.0,1.0,1.0,1.0,9.0
qdf287b8adf,dev,native_full,Où puis-je trouver l'autocollant indiquant les pressions recommandées pour le gonflage des roues sur ma Mercedes Classe B (2019) ?,none,1,True,False,1.0,1.0,0.0,0.0,1.0,1.0,1.0,1.0,1.0,11.0
q2ebbe837b3,test,native_plain,Comment doit-on régler le siège avant si l'on installe un siège enfant de taille ISO/R3 ?,vehicle,157,True,True,0.0,0.0,0.0,0.9405375895267927,0.09214428695880048,0.32565434937678805,7.0,6.0,0.9085003733634949,8.0
q2ebbe837b3,test,native_brand,Comment doit-on régler le siège avant sur ma Mercedes-Benz si l'on installe un siège enfant de taille ISO/R3 ?,model,4,True,True,0.0,0.0,1.0,0.9024503087631656,0.08181779910422736,0.0122776050084957,6.0,3.0,0.9177242517471313,10.0
q2ebbe837b3,test,native_model,Comment doit-on régler le siège avant sur ma Classe B si l'on installe un siège enfant de taille ISO/R3 ?,none,1,True,False,1.0,1.0,0.0,0.0,1.0,1.0,1.0,1.0,1.0,9.0
q2ebbe837b3,test,native_full,Comment doit-on régler le siège avant sur ma Mercedes Classe B (2019) si l'on installe un siège enfant de taille ISO/R3 ?,none,1,True,False,1.0,1.0,0.0,0.0,1.0,1.0,1.0,1.0,1.0,11.0
qbea7369365,dev,native_plain,Qui est le fabricant du système d'accès mains libres (Handsfree-Access) ?,vehicle,157,True,True,0.0,0.0,0.0,0.9143559940952385,0.07768695454124117,0.02661477167080837,10.0,6.0,0.8443595767021179,7.0
qbea7369365,dev,native_brand,Qui est le fabricant du système d'accès mains libres (Handsfree-Access) sur ma Mercedes-Benz ?,model,4,True,True,0.0,0.0,1.0,0.720146438609057,0.21778924321760226,0.0036118189651326224,7.0,4.0,0.7874007225036621,9.0
qbea7369365,dev,native_model,Qui est le fabricant du système d'accès mains libres (Handsfree-Access) sur ma Classe B ?,none,1,True,False,1.0,1.0,0.0,0.0,1.0,1.0,1.0,1.0,1.0,8.0
qbea7369365,dev,native_full,Qui est le fabricant du système d'accès mains libres (Handsfree-Access) sur ma Mercedes Classe B (2019) ?,none,1,True,False,1.0,1.0,0.0,0.0,1.0,1.0,1.0,1.0,1.0,10.0
q1ee10db007,test,native_plain,Que dois-je faire après avoir détaché une remorque avec des feux LED ?,vehicle,157,True,True,0.0,0.0,0.0,0.9406922143194434,0.06954100037477681,0.24351398739964733,9.0,5.0,0.8719657063484192,5.0
q1ee10db007,test,native_brand,Que dois-je faire après avoir détaché une remorque avec des feux LED sur ma Mercedes-Benz ?,model,4,True,True,0.0,0.0,1.0,0.8296641364514811,0.17528397972366286,0.13585251745146912,9.0,4.0,0.8575894236564636,7.0
q1ee10db007,test,native_model,Que dois-je faire après avoir détaché une remorque avec des feux LED sur ma Classe B ?,none,1,True,False,1.0,1.0,0.0,0.0,1.0,1.0,1.0,1.0,1.0,6.0
q1ee10db007,test,native_full,Que dois-je faire après avoir détaché une remorque avec des feux LED sur ma Mercedes Classe B (2019) ?,none,1,True,False,1.0,1.0,0.0,0.0,1.0,1.0,1.0,1.0,1.0,8.0
qa203f99d68,test,native_plain,Puis-je effacer les informations que j'ai enregistrées moi-même dans le système multimédia ?,vehicle,157,False,False,0.0,0.0,0.0,0.9439760942545872,0.06547691130407202,0.13040486739863888,10.0,5.0,0.873710036277771,7.0
qa203f99d68,test,native_brand,Puis-je effacer les informations que j'ai enregistrées moi-même dans le système multimédia de ma Mercedes-Benz ?,model,4,False,False,0.0,0.0,1.0,0.8104644272102194,0.17726580088148505,0.060417997367945744,9.0,3.0,0.8897498250007629,9.0
qa203f99d68,test,native_model,Puis-je effacer les informations que j'ai enregistrées moi-même dans le système multimédia de ma Classe E ?,none,1,False,False,1.0,1.0,0.0,0.0,1.0,1.0,1.0,1.0,1.0,8.0
qa203f99d68,test,native_full,Puis-je effacer les informations que j'ai enregistrées moi-même dans le système multimédia de ma Mercedes Classe E (2024) ?,none,1,False,False,1.0,1.0,0.0,0.0,1.0,1.0,1.0,1.0,1.0,10.0
q9b6f090cb3,test,native_plain,À partir de quelle vitesse l'aide au maintien dans la voie peut-elle commencer à fonctionner ?,vehicle,157,True,True,0.0,0.0,0.0,0.937752784945916,0.08569161104795298,0.3989992807767745,10.0,8.0,0.9092975854873657,7.0
q9b6f090cb3,test,native_brand,À partir de quelle vitesse l'aide au maintien dans la voie peut-elle commencer à fonctionner sur ma Mercedes-Benz ?,model,4,True,True,0.0,0.0,1.0,0.9159935604815497,0.10516109813359546,0.19214067309249058,9.0,6.0,0.9115741848945618,9.0
q9b6f090cb3,test,native_model,À partir de quelle vitesse l'aide au maintien dans la voie peut-elle commencer à fonctionner sur ma Classe E ?,none,1,True,False,1.0,1.0,0.0,0.0,1.0,1.0,1.0,1.0,1.0,8.0
q9b6f090cb3,test,native_full,À partir de quelle vitesse l'aide au maintien dans la voie peut-elle commencer à fonctionner sur ma Mercedes Classe E (2024) ?,none,1,True,False,1.0,1.0,0.0,0.0,1.0,1.0,1.0,1.0,1.0,10.0
q6ce17fdb12,test,native_plain,Quelle quantité d'huile faut-il rajouter lorsque le niveau d'huile moteur atteint le minimum ?,vehicle,157,False,False,0.0,0.0,0.0,0.9366404495042504,0.05304981146401399,0.024274945032159632,8.0,5.0,0.9354097247123718,8.0
q6ce17fdb12,test,native_brand,Quelle quantité d'huile faut-il rajouter sur ma Mercedes-Benz lorsque le niveau d'huile moteur atteint le minimum ?,model,4,False,False,0.0,0.0,1.0,0.9283903352105255,0.06947347909582743,0.12429583688554117,7.0,4.0,0.8726927638053894,10.0
q6ce17fdb12,test,native_model,Quelle quantité d'huile faut-il rajouter sur ma Classe E lorsque le niveau d'huile moteur atteint le minimum ?,none,1,False,False,1.0,1.0,0.0,0.0,1.0,1.0,1.0,1.0,1.0,9.0
q6ce17fdb12,test,native_full,Quelle quantité d'huile faut-il rajouter sur ma Mercedes Classe E (2024) lorsque le niveau d'huile moteur atteint le minimum ?,none,1,False,False,1.0,1.0,0.0,0.0,1.0,1.0,1.0,1.0,1.0,11.0
qb4e2ab5785,dev,native_plain,Quelle est la largeur de la voiture avec les rétroviseurs extérieurs dépliés ?,vehicle,157,True,True,0.0,0.0,0.0,0.951501770367297,0.05279366163756189,0.0869838739644146,9.0,7.0,0.8163038492202759,5.0
qb4e2ab5785,dev,native_brand,Quelle est la largeur de ma Mercedes-Benz avec les rétroviseurs extérieurs dépliés ?,model,4,True,True,0.0,0.0,1.0,0.9212468827787199,0.10162359605318892,0.18897199643453344,8.0,5.0,0.8362363576889038,6.0
qb4e2ab5785,dev,native_model,Quelle est la largeur de ma Classe E avec les rétroviseurs extérieurs dépliés ?,none,1,True,False,1.0,1.0,0.0,0.0,1.0,1.0,1.0,1.0,1.0,5.0
qb4e2ab5785,dev,native_full,Quelle est la largeur de ma Mercedes Classe E (2024) avec les rétroviseurs extérieurs dépliés ?,none,1,True,False,1.0,1.0,0.0,0.0,1.0,1.0,1.0,1.0,1.0,7.0
q797a6fd791,test,native_plain,Quel est le risque si les essuie-glaces se mettent en marche pendant que l'on nettoie le pare-brise ?,vehicle,157,False,False,0.0,0.0,0.0,0.944979866939789,0.0644816297603168,0.04607421207578193,6.0,3.0,0.9200210571289062,9.0
q797a6fd791,test,native_brand,Quel est le risque si les essuie-glaces de ma Mercedes-Benz se mettent en marche pendant que l'on nettoie le pare-brise ?,model,4,False,False,0.0,0.0,1.0,0.924828421000596,0.08336989770847605,0.05549777007916787,5.0,2.0,0.9200210571289062,11.0
q797a6fd791,test,native_model,Quel est le risque si les essuie-glaces de ma Classe E se mettent en marche pendant que l'on nettoie le pare-brise ?,none,1,False,False,1.0,1.0,0.0,0.0,1.0,1.0,1.0,1.0,1.0,10.0
q797a6fd791,test,native_full,Quel est le risque si les essuie-glaces de ma Mercedes Classe E (2024) se mettent en marche pendant que l'on nettoie le pare-brise ?,none,1,False,False,1.0,1.0,0.0,0.0,1.0,1.0,1.0,1.0,1.0,12.0
q2b7fe38d83,test,native_plain,Que faire si un symbole n'apparaît pas sur le contacteur d'écran ?,vehicle,157,True,True,0.0,0.0,0.0,0.8420569973604835,0.17237339483348701,0.15798813997171451,3.0,2.0,0.840347409248352,4.0
q2b7fe38d83,test,native_brand,Que faire si un symbole n'apparaît pas sur le contacteur d'écran de ma Mercedes-Benz ?,model,4,True,True,0.0,0.0,1.0,0.7072439870269865,0.28157778894884045,0.04490697204471474,4.0,1.0,0.7888498306274414,6.0
q2b7fe38d83,test,native_model,Que faire si un symbole n'apparaît pas sur le contacteur d'écran de ma Classe E ?,none,1,True,False,1.0,1.0,0.0,0.0,1.0,1.0,1.0,1.0,1.0,5.0
q2b7fe38d83,test,native_full,Que faire si un symbole n'apparaît pas sur le contacteur d'écran de ma Mercedes Classe E (2024) ?,none,1,True,False,1.0,1.0,0.0,0.0,1.0,1.0,1.0,1.0,1.0,7.0
qe875785683,dev,native_plain,"What should I do if the parking assist display lights up red for three seconds, goes out, and a symbol appears on the driver's display?",vehicle,157,True,True,0.0,0.0,0.0,0.7086313255726328,0.45170809171395665,0.8477295997909102,6.0,3.0,0.8285318613052368,12.0
qe875785683,dev,native_brand,"What should I do if the parking assist display on my Mercedes-Benz lights up red for three seconds, goes out, and a symbol appears on the driver's display?",model,4,True,True,0.0,0.0,1.0,0.7263329431991532,0.4437731844739047,0.8021907121901235,6.0,4.0,0.7879508137702942,14.0
qe875785683,dev,native_model,"What should I do if the parking assist display on my Classe C lights up red for three seconds, goes out, and a symbol appears on the driver's display?",none,1,True,False,1.0,1.0,0.0,0.0,1.0,1.0,1.0,1.0,1.0,13.0
qe875785683,dev,native_full,"What should I do if the parking assist display on my Mercedes Classe C (2022) lights up red for three seconds, goes out, and a symbol appears on the driver's display?",none,1,True,False,1.0,1.0,0.0,0.0,1.0,1.0,1.0,1.0,1.0,15.0
q0ce689fc11,test,native_plain,What product should be avoided on matte decorative wraps to prevent permanent stains?,vehicle,157,False,False,0.0,0.0,0.0,0.9000037089481622,0.09426915804658519,0.1378887414795033,6.0,2.0,0.851817786693573,8.0
q0ce689fc11,test,native_brand,What product should be avoided on matte decorative wraps on my Mercedes-Benz to prevent permanent stains?,model,4,False,False,0.0,0.0,1.0,0.8124983839663669,0.25005534128236573,0.6376074177933467,4.0,1.0,0.9097771644592285,10.0
q0ce689fc11,test,native_model,What product should be avoided on matte decorative wraps on my Classe C to prevent permanent stains?,none,1,False,False,1.0,1.0,0.0,0.0,1.0,1.0,1.0,1.0,1.0,9.0
q0ce689fc11,test,native_full,What product should be avoided on matte decorative wraps on my Mercedes Classe C (2022) to prevent permanent stains?,none,1,False,False,1.0,1.0,0.0,0.0,1.0,1.0,1.0,1.0,1.0,11.0
q8d56fa67ac,test,native_plain,What can happen if I connect a device to the diagnostic port?,vehicle,157,False,False,0.0,0.0,0.0,0.9560909754875343,0.08953683966662737,0.6280834051230494,7.0,4.0,0.8793565034866333,5.0
q8d56fa67ac,test,native_brand,What can happen if I connect a device to the diagnostic port of my Mercedes-Benz?,model,4,False,False,0.0,0.0,1.0,0.6620286128234057,0.39375737983172227,0.6671246435278898,4.0,1.0,0.8115347623825073,7.0
q8d56fa67ac,test,native_model,What can happen if I connect a device to the diagnostic port of my Classe C?,none,1,False,False,1.0,1.0,0.0,0.0,1.0,1.0,1.0,1.0,1.0,6.0
q8d56fa67ac,test,native_full,What can happen if I connect a device to the diagnostic port of my Mercedes Classe C (2022)?,none,1,False,False,1.0,1.0,0.0,0.0,1.0,1.0,1.0,1.0,1.0,8.0
qa0ebbd8868,test,native_plain,Why can't I adjust the temperature setting when the defrost is turned on?,vehicle,157,True,True,0.0,0.0,0.0,0.8737000701708905,0.11484093672096236,0.17549111060101982,7.0,4.0,0.8926681280136108,5.0
qa0ebbd8868,test,native_brand,Why can't I adjust the temperature setting when the defrost is turned on on my Mercedes-Benz?,model,4,True,True,0.0,0.0,1.0,0.8794633172888263,0.09921596676477053,0.05973471323848479,5.0,3.0,0.82243812084198,7.0
qa0ebbd8868,test,native_model,Why can't I adjust the temperature setting when the defrost is turned on on my Classe C?,none,1,True,False,1.0,1.0,0.0,0.0,1.0,1.0,1.0,1.0,1.0,6.0
qa0ebbd8868,test,native_full,Why can't I adjust the temperature setting when the defrost is turned on on my Mercedes Classe C (2022)?,none,1,True,False,1.0,1.0,0.0,0.0,1.0,1.0,1.0,1.0,1.0,8.0
q59e7c91f66,test,native_plain,Should I remove the headrest when installing a forward-facing child seat in weight category I?,vehicle,157,False,False,0.0,0.0,0.0,0.8690544751683267,0.16214947157608112,0.15289887320496923,6.0,5.0,0.8787616491317749,9.0
q59e7c91f66,test,native_brand,Should I remove the headrest when installing a forward-facing child seat in weight category I in my Mercedes-Benz ?,model,4,False,False,0.0,0.0,1.0,0.8344938562381697,0.21939986893595428,0.38946949086941574,3.0,2.0,0.8899968266487122,11.0
q59e7c91f66,test,native_model,Should I remove the headrest when installing a forward-facing child seat in weight category I in my Classe C ?,none,1,False,False,1.0,1.0,0.0,0.0,1.0,1.0,1.0,1.0,1.0,10.0
q59e7c91f66,test,native_full,Should I remove the headrest when installing a forward-facing child seat in weight category I in my Mercedes Classe C (2022) ?,none,1,False,False,1.0,1.0,0.0,0.0,1.0,1.0,1.0,1.0,1.0,12.0
q52000a0163,test,native_plain,Why is there a warning about trapping when switching driver profiles?,vehicle,157,False,False,0.0,0.0,0.0,0.739353321907022,0.42851124562323956,0.8728502144762378,5.0,2.0,0.8903815150260925,5.0
q52000a0163,test,native_brand,Why is there a warning about trapping when switching driver profiles in my Mercedes-Benz?,model,4,False,False,0.0,0.0,1.0,0.5984990677731913,0.551584582841976,0.8275312713029968,4.0,1.0,0.8761059045791626,7.0
q52000a0163,test,native_model,Why is there a warning about trapping when switching driver profiles in my Classe C?,none,1,False,False,1.0,1.0,0.0,0.0,1.0,1.0,1.0,1.0,1.0,6.0
q52000a0163,test,native_full,Why is there a warning about trapping when switching driver profiles in my Mercedes Classe C (2022)?,none,1,False,False,1.0,1.0,0.0,0.0,1.0,1.0,1.0,1.0,1.0,8.0
q93c45684fa,test,native_plain,Why should I avoid applying force to the brake discs when changing a wheel?,vehicle,157,False,False,0.0,0.0,0.0,0.882529862230482,0.15155318700977666,0.2313439925776477,6.0,4.0,0.8247308731079102,7.0
q93c45684fa,test,native_brand,Why should I avoid applying force to the brake discs when changing a wheel on my Mercedes-Benz?,model,4,False,False,0.0,0.0,1.0,0.8184063416607894,0.2801263633728756,0.46774659916889266,6.0,4.0,0.8423245549201965,9.0
q93c45684fa,test,native_model,Why should I avoid applying force to the brake discs when changing a wheel on my C Class?,none,1,False,False,1.0,1.0,0.0,0.0,1.0,1.0,1.0,1.0,1.0,8.0
q93c45684fa,test,native_full,Why should I avoid applying force to the brake discs when changing a wheel on my Mercedes C Class 2022 Mbux Multimedia?,none,1,False,False,1.0,1.0,0.0,0.0,1.0,1.0,1.0,1.0,1.0,12.0
q3d288c063d,test,native_plain,How can I find the area on the windshield that lets radio signals through to mount a toll transponder?,vehicle,157,True,True,0.0,0.0,0.0,0.8850131905837203,0.14098481406692664,0.3804993646911847,7.0,6.0,0.7708004117012024,9.0
q3d288c063d,test,native_brand,How can I find the area on the windshield of my Mercedes-Benz that lets radio signals through to mount a toll transponder?,model,4,True,True,0.0,0.0,1.0,0.7208301312961762,0.4040611550136557,0.779817632838789,6.0,4.0,0.7755511403083801,11.0
q3d288c063d,test,native_model,How can I find the area on the windshield of my C Class that lets radio signals through to mount a toll transponder?,none,1,True,False,1.0,1.0,0.0,0.0,1.0,1.0,1.0,1.0,1.0,10.0
q3d288c063d,test,native_full,How can I find the area on the windshield of my Mercedes C Class 2022 Mbux Multimedia that lets radio signals through to mount a toll transponder?,none,1,True,False,1.0,1.0,0.0,0.0,1.0,1.0,1.0,1.0,1.0,14.0
q27ec635f9b,test,native_plain,How far behind the car can the blind spot monitoring sensors detect other vehicles?,vehicle,157,True,True,0.0,0.0,0.0,0.9017164873388396,0.09632844206143101,0.027934157998029428,6.0,6.0,0.8467828035354614,8.0
q27ec635f9b,test,native_brand,How far behind the car can the blind spot monitoring sensors detect other vehicles on my Mercedes-Benz?,model,4,True,True,0.0,0.0,1.0,0.8874583431131002,0.08825913890957578,0.04666941969574113,7.0,6.0,0.8478543162345886,10.0
q27ec635f9b,test,native_model,How far behind the car can the blind spot monitoring sensors detect other vehicles on my C Class?,none,1,True,False,1.0,1.0,0.0,0.0,1.0,1.0,1.0,1.0,1.0,9.0
q27ec635f9b,test,native_full,How far behind the car can the blind spot monitoring sensors detect other vehicles on my Mercedes C Class 2022 Mbux Multimedia?,none,1,True,False,1.0,1.0,0.0,0.0,1.0,1.0,1.0,1.0,1.0,13.0
q375b892bdb,test,native_plain,What can happen if the passenger airbag is active while a child is sitting in the front seat?,vehicle,157,False,False,0.0,0.0,0.0,0.8025103026849787,0.2515487963418612,0.4603269186627861,4.0,4.0,0.8885374069213867,8.0
q375b892bdb,test,native_brand,What can happen if the passenger airbag is active while a child is sitting in the front seat of my Mercedes-Benz?,model,4,False,False,0.0,0.0,1.0,0.7887623091488514,0.2377075821053196,0.27797431278438983,5.0,4.0,0.8464354276657104,10.0
q375b892bdb,test,native_model,What can happen if the passenger airbag is active while a child is sitting in the front seat of my C Class?,none,1,False,False,1.0,1.0,0.0,0.0,1.0,1.0,1.0,1.0,1.0,9.0
q375b892bdb,test,native_full,What can happen if the passenger airbag is active while a child is sitting in the front seat of my Mercedes C Class 2022 Mbux Multimedia?,none,1,False,False,1.0,1.0,0.0,0.0,1.0,1.0,1.0,1.0,1.0,13.0
q057b20a535,test,native_plain,What additional securing method is required for IUF category ISOFIX child seats?,vehicle,157,False,False,0.0,0.0,0.0,0.9235561311513325,0.12519946807887292,0.49490619138475483,9.0,4.0,0.9183821678161621,9.0
q057b20a535,test,native_brand,What additional securing method is required for IUF category ISOFIX child seats in my Mercedes-Benz?,model,4,False,False,0.0,0.0,1.0,0.8619269200829254,0.22195430720654924,0.6840246637421744,5.0,2.0,0.889858603477478,11.0
q057b20a535,test,native_model,What additional securing method is required for IUF category ISOFIX child seats in my C Class?,none,1,False,False,1.0,1.0,0.0,0.0,1.0,1.0,1.0,1.0,1.0,10.0
q057b20a535,test,native_full,What additional securing method is required for IUF category ISOFIX child seats in my Mercedes C Class 2022 Mbux Multimedia?,none,1,False,False,1.0,1.0,0.0,0.0,1.0,1.0,1.0,1.0,1.0,14.0
qd1eb651901,dev,native_plain,How can I make the car remember my drive mode and ECO start/stop settings from my last trip?,vehicle,157,True,True,0.0,0.0,0.0,0.9117218174919502,0.1465332850304649,0.47977674693568195,8.0,5.0,0.801386833190918,10.0
qd1eb651901,dev,native_brand,How can I make my Mercedes-Benz remember my drive mode and ECO start/stop settings from my last trip?,model,4,True,True,0.0,0.0,1.0,0.9021491667485598,0.16006220718663985,0.5539987968280052,9.0,5.0,0.7975901365280151,12.0
qd1eb651901,dev,native_model,How can I make my C Class remember my drive mode and ECO start/stop settings from my last trip?,none,1,True,False,1.0,1.0,0.0,0.0,1.0,1.0,1.0,1.0,1.0,11.0
qd1eb651901,dev,native_full,How can I make my Mercedes C Class 2022 Mbux Multimedia remember my drive mode and ECO start/stop settings from my last trip?,none,1,True,False,1.0,1.0,0.0,0.0,1.0,1.0,1.0,1.0,1.0,15.0
q03eb87fb2d,test,native_plain,Comment faire pour retirer les appuis-tête des sièges avant ?,vehicle,157,False,False,0.0,0.0,0.0,0.9650472430620883,0.0469104544685772,0.10367800560447564,10.0,8.0,0.9092826843261719,4.0
q03eb87fb2d,test,native_brand,Comment faire pour retirer les appuis-tête des sièges avant sur mon Mitsubishi ?,model,4,False,False,0.0,0.0,1.0,0.9708795252367379,0.043623041107631155,0.1410814893196211,10.0,8.0,0.9145394563674927,5.0
q03eb87fb2d,test,native_model,Comment faire pour retirer les appuis-tête des sièges avant sur mon ASX ?,none,1,False,False,1.0,1.0,0.0,0.0,1.0,1.0,1.0,1.0,1.0,5.0
q03eb87fb2d,test,native_full,Comment faire pour retirer les appuis-tête des sièges avant sur mon Mitsubishi ASX (2020) ?,none,1,False,False,1.0,1.0,1.0,0.0,1.0,1.0,1.0,1.0,1.0,7.0
q64674c47f9,test,native_plain,Comment faire disparaître le message d'alerte de pile faible après avoir remplacé la pile de la clé ?,vehicle,157,True,True,0.0,0.0,0.0,0.9619719659378473,0.052861432251786196,0.14764669368176225,10.0,5.0,0.967067539691925,9.0
q64674c47f9,test,native_brand,Comment faire disparaître le message d'alerte de pile faible après avoir remplacé la pile de la clé de ma Mitsubishi ?,model,4,True,True,0.0,0.0,1.0,0.957063468949061,0.06485506843149919,0.34480784010692755,10.0,3.0,0.967067539691925,10.0
q64674c47f9,test,native_model,Comment faire disparaître le message d'alerte de pile faible après avoir remplacé la pile de la clé de ma ASX ?,none,1,True,False,1.0,1.0,0.0,0.0,1.0,1.0,1.0,1.0,1.0,10.0
q64674c47f9,test,native_full,Comment faire disparaître le message d'alerte de pile faible après avoir remplacé la pile de la clé de ma Mitsubishi ASX (2020) ?,none,1,True,False,1.0,1.0,1.0,0.0,1.0,1.0,1.0,1.0,1.0,12.0
q609f1a77b4,test,native_plain,Que faut-il faire par grand froid avant de quitter la position P ou N pour éviter de caler ?,vehicle,157,False,False,0.0,0.0,0.0,0.9583378963711574,0.056350261667698104,0.036007500073330916,9.0,7.0,0.8616206049919128,6.0
q609f1a77b4,test,native_brand,Que faut-il faire par grand froid sur ma Mitsubishi avant de quitter la position P ou N pour éviter de caler ?,model,4,False,False,0.0,0.0,1.0,0.9440103654043741,0.07328989376793321,0.204917196786668,8.0,6.0,0.858356773853302,7.0
q609f1a77b4,test,native_model,Que faut-il faire par grand froid sur ma ASX avant de quitter la position P ou N pour éviter de caler ?,none,1,False,False,1.0,1.0,0.0,0.0,1.0,1.0,1.0,1.0,1.0,7.0
q609f1a77b4,test,native_full,Que faut-il faire par grand froid sur ma Mitsubishi ASX (2020) avant de quitter la position P ou N pour éviter de caler ?,none,1,False,False,1.0,1.0,1.0,0.0,1.0,1.0,1.0,1.0,1.0,9.0
q562ae55b6f,test,native_plain,À combien de secondes correspond la distance de sécurité la plus longue (barre D) ?,vehicle,157,True,True,0.0,0.0,0.0,0.9503132260997045,0.05006463762239465,0.084984560823166,10.0,4.0,0.908962070941925,7.0
q562ae55b6f,test,native_brand,À combien de secondes correspond la distance de sécurité la plus longue (barre D) sur ma Mitsubishi ?,model,4,True,True,0.0,0.0,1.0,0.9298514395129962,0.09539262617721254,0.2734187242191062,10.0,4.0,0.8721907734870911,8.0
q562ae55b6f,test,native_model,À combien de secondes correspond la distance de sécurité la plus longue (barre D) sur ma ASX ?,none,1,True,False,1.0,1.0,0.0,0.0,1.0,1.0,1.0,1.0,1.0,8.0
q562ae55b6f,test,native_full,À combien de secondes correspond la distance de sécurité la plus longue (barre D) sur ma Mitsubishi ASX (2020) ?,none,1,True,False,1.0,1.0,1.0,0.0,1.0,1.0,1.0,1.0,1.0,10.0
q569395e519,test,native_plain,Où se trouve la pince permettant de retirer les fusibles ?,vehicle,157,True,True,0.0,0.0,0.0,0.9650413504631815,0.058167960080956205,0.17874658564196325,7.0,4.0,0.8796960711479187,5.0
q569395e519,test,native_brand,Où se trouve la pince permettant de retirer les fusibles sur mon Mitsubishi ?,model,4,True,True,0.0,0.0,1.0,0.9539356287360661,0.06381374235620148,0.04869350199856327,5.0,3.0,0.8903385400772095,6.0
q569395e519,test,native_model,Où se trouve la pince permettant de retirer les fusibles sur mon ASX ?,none,1,True,False,1.0,1.0,0.0,0.0,1.0,1.0,1.0,1.0,1.0,6.0
q569395e519,test,native_full,Où se trouve la pince permettant de retirer les fusibles sur mon Mitsubishi ASX (2020) ?,none,1,True,False,1.0,1.0,1.0,0.0,1.0,1.0,1.0,1.0,1.0,8.0
qa4a0ce650d,test,native_plain,Comment réagissent les aides à la conduite si le pare-brise est sale ou par mauvais temps ?,vehicle,157,False,False,0.0,0.0,0.0,0.9429050064513697,0.054116839963734134,0.021475047273564016,9.0,5.0,0.9195268750190735,8.0
qa4a0ce650d,test,native_brand,Comment réagissent les aides à la conduite sur ma Mitsubishi si le pare-brise est sale ou par mauvais temps ?,model,4,False,False,0.0,0.0,1.0,0.948460487888602,0.07783418592388483,0.3466314836695484,9.0,6.0,0.8470929861068726,9.0
qa4a0ce650d,test,native_model,Comment réagissent les aides à la conduite sur ma ASX si le pare-brise est sale ou par mauvais temps ?,none,1,False,False,1.0,1.0,0.0,0.0,1.0,1.0,1.0,1.0,1.0,9.0
qa4a0ce650d,test,native_full,Comment réagissent les aides à la conduite sur ma Mitsubishi ASX (2020) si le pare-brise est sale ou par mauvais temps ?,none,1,False,False,1.0,1.0,1.0,0.0,1.0,1.0,1.0,1.0,1.0,11.0
q6de5c89afd,test,native_plain,Que doit-on vérifier avant d'installer un siège bébé dos à la route sur le siège passager avant ?,vehicle,157,False,False,0.0,0.0,0.0,0.9343657224346481,0.08068764607723378,0.2649428397653975,10.0,2.0,0.918493390083313,8.0
q6de5c89afd,test,native_brand,Que doit-on vérifier avant d'installer un siège bébé dos à la route sur le siège passager avant de ma Mitsubishi ?,model,4,False,False,0.0,0.0,1.0,0.9228892112211581,0.10537933907429563,0.5139026624296779,9.0,3.0,0.9270699620246887,9.0
q6de5c89afd,test,native_model,Que doit-on vérifier avant d'installer un siège bébé dos à la route sur le siège passager avant de ma Colt ?,none,1,False,False,1.0,1.0,0.0,0.0,1.0,1.0,1.0,1.0,1.0,9.0
q6de5c89afd,test,native_full,Que doit-on vérifier avant d'installer un siège bébé dos à la route sur le siège passager avant de ma Mitsubishi Colt (2004) ?,none,1,False,False,1.0,1.0,1.0,0.0,1.0,1.0,1.0,1.0,1.0,11.0
qe03fca4e42,dev,native_plain,Que doit-on enlever de la coque de protection du téléphone avant de le recharger sans fil ?,vehicle,157,False,False,0.0,0.0,0.0,0.9419018633477089,0.078981302958999,0.24979931151496823,6.0,3.0,0.9230464696884155,6.0
qe03fca4e42,dev,native_brand,Que doit-on enlever de la coque de protection du téléphone avant de le recharger sans fil dans ma Mitsubishi ?,model,4,False,False,0.0,0.0,1.0,0.8740305717536888,0.17969548658068552,0.41720475107023103,8.0,4.0,0.8311648368835449,7.0
qe03fca4e42,dev,native_model,Que doit-on enlever de la coque de protection du téléphone avant de le recharger sans fil dans ma Colt ?,none,1,False,False,1.0,1.0,0.0,0.0,1.0,1.0,1.0,1.0,1.0,7.0
qe03fca4e42,dev,native_full,Que doit-on enlever de la coque de protection du téléphone avant de le recharger sans fil dans ma Mitsubishi Colt (2004) ?,none,1,False,False,1.0,1.0,1.0,0.0,1.0,1.0,1.0,1.0,1.0,9.0
qc4f115791b,dev,native_plain,Quelle est la pression maximale recommandée pour un lavage au jet à haute pression ?,vehicle,157,True,True,0.0,0.0,0.0,0.9675872854244566,0.04372681978916105,0.15240697291741215,10.0,4.0,0.9337043762207031,7.0
qc4f115791b,dev,native_brand,Quelle est la pression maximale recommandée pour laver ma Mitsubishi au jet à haute pression ?,model,4,True,True,0.0,0.0,1.0,0.971200003190982,0.03131313569394224,0.0009674684419815725,9.0,4.0,0.9567111134529114,8.0
qc4f115791b,dev,native_model,Quelle est la pression maximale recommandée pour laver ma Colt au jet à haute pression ?,none,1,True,False,1.0,1.0,0.0,0.0,1.0,1.0,1.0,1.0,1.0,8.0
qc4f115791b,dev,native_full,Quelle est la pression maximale recommandée pour laver ma Mitsubishi Colt (2004) au jet à haute pression ?,none,1,True,False,1.0,1.0,1.0,0.0,1.0,1.0,1.0,1.0,1.0,10.0
q49ba27f4fe,test,native_plain,Que doit-on faire après avoir remplacé une roue ou un pneu ?,vehicle,157,False,False,0.0,0.0,0.0,0.9441598683511159,0.0729173192090128,0.10120115480245882,9.0,7.0,0.8535531759262085,4.0
q49ba27f4fe,test,native_brand,Que doit-on faire après avoir remplacé une roue ou un pneu sur ma Mitsubishi ?,model,4,False,False,0.0,0.0,1.0,0.7250108429650357,0.3013964877576754,0.11950634382848171,2.0,1.0,0.8574298620223999,5.0
q49ba27f4fe,test,native_model,Que doit-on faire après avoir remplacé une roue ou un pneu sur ma Colt ?,none,1,False,False,1.0,1.0,0.0,0.0,1.0,1.0,1.0,1.0,1.0,5.0
q49ba27f4fe,test,native_full,Que doit-on faire après avoir remplacé une roue ou un pneu sur ma Mitsubishi Colt (2004) ?,none,1,False,False,1.0,1.0,1.0,0.0,1.0,1.0,1.0,1.0,1.0,7.0
q100b7f70a6,test,native_plain,Comment sait-on que la pile de la clé carte est déchargée et doit être changée ?,vehicle,157,True,True,0.0,0.0,0.0,0.9608855186049466,0.057525576186385506,0.12587405158366546,10.0,4.0,0.9192765355110168,6.0
q100b7f70a6,test,native_brand,Comment sait-on que la pile de la clé carte de ma Mitsubishi est déchargée et doit être changée ?,model,4,True,True,0.0,0.0,1.0,0.9656049592900332,0.04349074118518957,0.0029118283912739013,10.0,4.0,0.9192765355110168,7.0
q100b7f70a6,test,native_model,Comment sait-on que la pile de la clé carte de ma Colt est déchargée et doit être changée ?,none,1,True,False,1.0,1.0,0.0,0.0,1.0,1.0,1.0,1.0,1.0,7.0
q100b7f70a6,test,native_full,Comment sait-on que la pile de la clé carte de ma Mitsubishi Colt (2004) est déchargée et doit être changée ?,none,1,True,False,1.0,1.0,1.0,0.0,1.0,1.0,1.0,1.0,1.0,9.0
q0b8985cc00,test,native_plain,Que faire si aucun signal sonore ou visuel ne s'affiche au tableau de bord ?,vehicle,157,False,False,0.0,0.0,0.0,0.954992077232759,0.06737718570832922,0.31260920057951885,9.0,4.0,0.9153565168380737,7.0
q0b8985cc00,test,native_brand,Que faire si aucun signal sonore ou visuel ne s'affiche au tableau de bord de ma Mitsubishi ?,model,4,False,False,0.0,0.0,1.0,0.9030327991173172,0.1669903231367766,0.5956851518654194,7.0,6.0,0.75279301404953,8.0
q0b8985cc00,test,native_model,Que faire si aucun signal sonore ou visuel ne s'affiche au tableau de bord de ma Colt ?,none,1,False,False,1.0,1.0,0.0,0.0,1.0,1.0,1.0,1.0,1.0,8.0
q0b8985cc00,test,native_full,Que faire si aucun signal sonore ou visuel ne s'affiche au tableau de bord de ma Mitsubishi Colt (2004) ?,none,1,False,False,1.0,1.0,1.0,0.0,1.0,1.0,1.0,1.0,1.0,10.0
qb041f186dc,test,native_plain,Est-il possible de réutiliser un airbag après un déclenchement ?,vehicle,157,False,False,0.0,0.0,0.0,0.9572785244191774,0.04967649954803265,0.0525735754801308,9.0,6.0,0.8952356576919556,4.0
qb041f186dc,test,native_brand,Est-il possible de réutiliser un airbag après un déclenchement sur ma Mitsubishi ?,model,4,False,False,0.0,0.0,1.0,0.9575038118663781,0.09340469892093718,0.5404742975016363,9.0,7.0,0.8528110384941101,5.0
qb041f186dc,test,native_model,Est-il possible de réutiliser un airbag après un déclenchement sur ma Lancer ?,none,1,False,False,1.0,1.0,0.0,0.0,1.0,1.0,1.0,1.0,1.0,5.0
qb041f186dc,test,native_full,Est-il possible de réutiliser un airbag après un déclenchement sur ma Mitsubishi Lancer (2008) ?,none,1,False,False,1.0,1.0,1.0,0.0,1.0,1.0,1.0,1.0,1.0,7.0
q8ad2dd784b,test,native_plain,Qu'indique un bruit de grincement métallique provenant des freins ?,vehicle,157,False,False,0.0,0.0,0.0,0.9323231013693345,0.07788105197372877,0.10296711567716964,10.0,4.0,0.903171181678772,6.0
q8ad2dd784b,test,native_brand,Qu'indique un bruit de grincement métallique provenant des freins sur ma Mitsubishi ?,model,4,False,False,0.0,0.0,1.0,0.8953171414554211,0.12991396134232847,0.06381024280829216,10.0,4.0,0.8834937810897827,7.0
q8ad2dd784b,test,native_model,Qu'indique un bruit de grincement métallique provenant des freins sur ma Lancer ?,none,1,False,False,1.0,1.0,0.0,0.0,1.0,1.0,1.0,1.0,1.0,7.0
q8ad2dd784b,test,native_full,Qu'indique un bruit de grincement métallique provenant des freins sur ma Mitsubishi Lancer (2008) ?,none,1,False,False,1.0,1.0,1.0,0.0,1.0,1.0,1.0,1.0,1.0,9.0
q58d3798eac,test,native_plain,Comment dégager ma voiture si elle est embourbée ou coincée dans la neige ?,vehicle,157,False,False,0.0,0.0,0.0,0.9421845888101769,0.06080740268084754,0.13843844266311847,9.0,7.0,0.8949134945869446,5.0
q58d3798eac,test,native_brand,Comment dégager ma Mitsubishi si elle est embourbée ou coincée dans la neige ?,model,4,False,False,0.0,0.0,1.0,0.8640230492078396,0.1956218144620896,0.32199296707151404,9.0,6.0,0.8262902498245239,5.0
q58d3798eac,test,native_model,Comment dégager ma Lancer si elle est embourbée ou coincée dans la neige ?,none,1,False,False,1.0,1.0,0.0,0.0,1.0,1.0,1.0,1.0,1.0,5.0
q58d3798eac,test,native_full,Comment dégager ma Mitsubishi Lancer (2008) si elle est embourbée ou coincée dans la neige ?,none,1,False,False,1.0,1.0,1.0,0.0,1.0,1.0,1.0,1.0,1.0,7.0
qb880d2f9d0,dev,native_plain,Comment faire apparaître le menu de réglage du temps de repos (ALARM) sur l'écran du tableau de bord ?,vehicle,157,True,True,0.0,0.0,0.0,0.9339540828292505,0.07088162300008824,0.07089622885272584,8.0,7.0,0.8382524251937866,9.0
qb880d2f9d0,dev,native_brand,Comment faire apparaître le menu de réglage du temps de repos (ALARM) sur l'écran du tableau de bord de ma Mitsubishi ?,model,4,True,True,0.0,0.0,1.0,0.9174747836443673,0.12094211131174212,0.4353448319066448,9.0,8.0,0.7989403009414673,10.0
qb880d2f9d0,dev,native_model,Comment faire apparaître le menu de réglage du temps de repos (ALARM) sur l'écran du tableau de bord de ma Lancer ?,none,1,True,False,1.0,1.0,0.0,0.0,1.0,1.0,1.0,1.0,1.0,10.0
qb880d2f9d0,dev,native_full,Comment faire apparaître le menu de réglage du temps de repos (ALARM) sur l'écran du tableau de bord de ma Mitsubishi Lancer (2008) ?,none,1,True,False,1.0,1.0,1.0,0.0,1.0,1.0,1.0,1.0,1.0,12.0
qbe59a7e741,dev,native_plain,Comment débloquer le contact pour passer de la position LOCK à ACC ?,vehicle,157,True,True,0.0,0.0,0.0,0.8933227798043826,0.1501625962592145,0.46061554187013776,8.0,4.0,0.9011160135269165,6.0
qbe59a7e741,dev,native_brand,Comment débloquer le contact pour passer de la position LOCK à ACC sur ma Mitsubishi ?,model,4,True,True,0.0,0.0,1.0,0.8390150563933626,0.24042542343266907,0.5807399333903038,4.0,4.0,0.8660410046577454,7.0
qbe59a7e741,dev,native_model,Comment débloquer le contact pour passer de la position LOCK à ACC sur ma Lancer ?,none,1,True,False,1.0,1.0,0.0,0.0,1.0,1.0,1.0,1.0,1.0,7.0
qbe59a7e741,dev,native_full,Comment débloquer le contact pour passer de la position LOCK à ACC sur ma Mitsubishi Lancer (2008) ?,none,1,True,False,1.0,1.0,1.0,0.0,1.0,1.0,1.0,1.0,1.0,9.0
q9f0a02b28f,test,native_plain,Quels éléments ne sont pas visibles sur l'écran de la caméra de recul ?,vehicle,157,False,False,0.0,0.0,0.0,0.9546826020717303,0.061339034413662945,0.2893251227415309,10.0,6.0,0.9223742485046387,5.0
q9f0a02b28f,test,native_brand,Quels éléments ne sont pas visibles sur l'écran de la caméra de recul de ma Mitsubishi ?,model,4,False,False,0.0,0.0,1.0,0.9321791160026945,0.08786370911621819,0.015208007172857741,7.0,3.0,0.9201663136482239,6.0
q9f0a02b28f,test,native_model,Quels éléments ne sont pas visibles sur l'écran de la caméra de recul de ma Lancer ?,none,1,False,False,1.0,1.0,0.0,0.0,1.0,1.0,1.0,1.0,1.0,6.0
q9f0a02b28f,test,native_full,Quels éléments ne sont pas visibles sur l'écran de la caméra de recul de ma Mitsubishi Lancer (2008) ?,none,1,False,False,1.0,1.0,1.0,0.0,1.0,1.0,1.0,1.0,1.0,8.0
qae4385f4a1,test,native_plain,Comment activer l'aide au maintien dans la voie LDP ?,vehicle,157,True,True,0.0,0.0,0.0,0.7716595615332953,0.3729757159166789,0.8985425901163123,3.0,3.0,0.8647802472114563,5.0
qae4385f4a1,test,native_brand,Comment activer l'aide au maintien dans la voie LDP sur mon Mitsubishi ?,model,4,True,True,0.0,0.0,1.0,0.7045099486679881,0.45722814245889737,0.9257564851314736,1.0,1.0,0.8652997016906738,6.0
qae4385f4a1,test,native_model,Comment activer l'aide au maintien dans la voie LDP sur mon Outlander ?,none,1,True,False,1.0,1.0,0.0,0.0,1.0,1.0,1.0,1.0,1.0,6.0
qae4385f4a1,test,native_full,Comment activer l'aide au maintien dans la voie LDP sur mon Mitsubishi Outlander (2022) ?,none,1,True,False,1.0,1.0,1.0,0.0,1.0,1.0,1.0,1.0,1.0,8.0
q91bd319cbe,test,native_plain,Pourquoi le message d'erreur 'Défaut du système PHEV Maintenance requise' s'affiche-t-il ?,vehicle,157,True,True,0.0,0.0,0.0,0.8695327354542414,0.1983591107996231,0.49611825258156905,4.0,4.0,0.8443935513496399,9.0
q91bd319cbe,test,native_brand,Pourquoi le message d'erreur 'Défaut du système PHEV Maintenance requise' s'affiche-t-il sur mon Mitsubishi ?,model,4,True,True,0.0,0.0,1.0,0.3364763747072022,0.8195844729747433,0.9673846253760534,1.0,1.0,0.7800215482711792,10.0
q91bd319cbe,test,native_model,Pourquoi le message d'erreur 'Défaut du système PHEV Maintenance requise' s'affiche-t-il sur mon Outlander ?,none,1,True,False,1.0,1.0,0.0,0.0,1.0,1.0,1.0,1.0,1.0,10.0
q91bd319cbe,test,native_full,Pourquoi le message d'erreur 'Défaut du système PHEV Maintenance requise' s'affiche-t-il sur mon Mitsubishi Outlander (2022) ?,none,1,True,False,1.0,1.0,1.0,0.0,1.0,1.0,1.0,1.0,1.0,12.0
qbdc0221169,dev,native_plain,Comment doit-on régler la position du siège de la voiture avant d'y installer un siège pour enfant ?,vehicle,157,False,False,0.0,0.0,0.0,0.9099096395732973,0.13475721964994583,0.33517813972437227,6.0,4.0,0.9394276738166809,7.0
qbdc0221169,dev,native_brand,Comment doit-on régler la position du siège de ma Mitsubishi avant d'y installer un siège pour enfant ?,model,4,False,False,0.0,0.0,1.0,0.9265848919985064,0.12481316303301507,0.5266213040727175,8.0,4.0,0.9046042561531067,7.0
qbdc0221169,dev,native_model,Comment doit-on régler la position du siège de ma Outlander avant d'y installer un siège pour enfant ?,none,1,False,False,1.0,1.0,0.0,0.0,1.0,1.0,1.0,1.0,1.0,7.0
qbdc0221169,dev,native_full,Comment doit-on régler la position du siège de ma Mitsubishi Outlander (2022) avant d'y installer un siège pour enfant ?,none,1,False,False,1.0,1.0,1.0,0.0,1.0,1.0,1.0,1.0,1.0,9.0
qc3d835746d,dev,native_plain,Comment réagir si la batterie de traction surchauffe après une conduite intensive ?,vehicle,157,True,True,0.0,0.0,0.0,0.8896585745796366,0.10920034831136753,0.06583765561675256,7.0,4.0,0.8990098834037781,6.0
qc3d835746d,dev,native_brand,Comment réagir sur ma Mitsubishi si la batterie de traction surchauffe après une conduite intensive ?,model,4,True,True,0.0,0.0,1.0,0.8386948542269704,0.2388459313678459,0.6062987702557489,4.0,4.0,0.8891889452934265,7.0
qc3d835746d,dev,native_model,Comment réagir sur ma Outlander si la batterie de traction surchauffe après une conduite intensive ?,none,1,True,False,1.0,1.0,0.0,0.0,1.0,1.0,1.0,1.0,1.0,7.0
qc3d835746d,dev,native_full,Comment réagir sur ma Mitsubishi Outlander (2022) si la batterie de traction surchauffe après une conduite intensive ?,none,1,True,False,1.0,1.0,1.0,0.0,1.0,1.0,1.0,1.0,1.0,9.0
qfa174e7099,dev,native_plain,Comment peut-on passer des degrés Celsius aux degrés Fahrenheit sur l'écran d'affichage ?,vehicle,157,True,True,0.0,0.0,0.0,0.9617297638499862,0.06462180157338826,0.32850462189377244,10.0,7.0,0.8343362808227539,7.0
qfa174e7099,dev,native_brand,Comment peut-on passer des degrés Celsius aux degrés Fahrenheit sur l'écran d'affichage de ma Mitsubishi ?,model,4,True,True,0.0,0.0,1.0,0.9592827231561738,0.052485314010110445,0.1299103430767796,9.0,7.0,0.8343362808227539,8.0
qfa174e7099,dev,native_model,Comment peut-on passer des degrés Celsius aux degrés Fahrenheit sur l'écran d'affichage de ma Outlander ?,none,1,True,False,1.0,1.0,0.0,0.0,1.0,1.0,1.0,1.0,1.0,8.0
qfa174e7099,dev,native_full,Comment peut-on passer des degrés Celsius aux degrés Fahrenheit sur l'écran d'affichage de ma Mitsubishi Outlander (2022) ?,none,1,True,False,1.0,1.0,1.0,0.0,1.0,1.0,1.0,1.0,1.0,10.0
q45b9d0b276,test,native_plain,Est-ce que la fermeture assistée du coffre fonctionne si le mode automatique est désactivé ?,vehicle,157,True,True,0.0,0.0,0.0,0.8680625155913355,0.1816435595863768,0.5150460401316208,6.0,6.0,0.8687039613723755,7.0
q45b9d0b276,test,native_brand,Est-ce que la fermeture assistée du coffre de ma Mitsubishi fonctionne si le mode automatique est désactivé ?,model,4,True,True,0.0,0.0,1.0,0.8850794380860326,0.14865006775762676,0.12152918173325244,6.0,5.0,0.7779898643493652,8.0
q45b9d0b276,test,native_model,Est-ce que la fermeture assistée du coffre de ma Outlander fonctionne si le mode automatique est désactivé ?,none,1,True,False,1.0,1.0,0.0,0.0,1.0,1.0,1.0,1.0,1.0,8.0
q45b9d0b276,test,native_full,Est-ce que la fermeture assistée du coffre de ma Mitsubishi Outlander (2022) fonctionne si le mode automatique est désactivé ?,none,1,True,False,1.0,1.0,1.0,0.0,1.0,1.0,1.0,1.0,1.0,10.0
qbadb1ea241,dev,native_plain,Où convient-il de placer les objets les plus lourds lors du chargement pour le remorquage ?,vehicle,157,False,False,0.0,0.0,0.0,0.9578087461006976,0.04719079978210314,0.07163666701766608,10.0,5.0,0.8773099184036255,6.0
qbadb1ea241,dev,native_brand,Où convient-il de placer les objets les plus lourds lors du chargement pour le remorquage sur ma Nissan ?,model,6,False,False,0.0,0.0,1.0,0.9544668774249878,0.06298590095528832,0.10375231796249867,9.0,4.0,0.9111143946647644,7.0
qbadb1ea241,dev,native_model,Où convient-il de placer les objets les plus lourds lors du chargement pour le remorquage sur ma Ariya ?,none,1,False,False,1.0,1.0,0.0,0.0,1.0,1.0,1.0,1.0,1.0,7.0
qbadb1ea241,dev,native_full,Où convient-il de placer les objets les plus lourds lors du chargement pour le remorquage sur ma Nissan Ariya (2023) ?,none,1,False,False,1.0,1.0,1.0,0.0,1.0,1.0,1.0,1.0,1.0,9.0
q2387b8ac79,test,native_plain,Peut-on régler le volume de la voix de l'opérateur lors d'un appel d'urgence ?,vehicle,157,False,False,0.0,0.0,0.0,0.9529922504994108,0.048702165144739594,0.010478925147003094,10.0,6.0,0.8505996465682983,6.0
q2387b8ac79,test,native_brand,Peut-on régler le volume de la voix de l'opérateur lors d'un appel d'urgence sur ma Nissan ?,model,6,False,False,0.0,0.0,1.0,0.9375924764863333,0.08004755562440213,0.19954929335417024,8.0,6.0,0.8212699890136719,7.0
q2387b8ac79,test,native_model,Peut-on régler le volume de la voix de l'opérateur lors d'un appel d'urgence sur ma Ariya ?,none,1,False,False,1.0,1.0,0.0,0.0,1.0,1.0,1.0,1.0,1.0,7.0
q2387b8ac79,test,native_full,Peut-on régler le volume de la voix de l'opérateur lors d'un appel d'urgence sur ma Nissan Ariya (2023) ?,none,1,False,False,1.0,1.0,1.0,0.0,1.0,1.0,1.0,1.0,1.0,9.0
qb6b2de0c91,dev,native_plain,Comment éviter que les freins ne surchauffent dans une longue descente ?,vehicle,157,True,True,0.0,0.0,0.0,0.9471951296857828,0.05731734558943489,0.16374217145225875,10.0,4.0,0.9646264910697937,5.0
qb6b2de0c91,dev,native_brand,Comment éviter que les freins ne surchauffent dans une longue descente sur mon Nissan ?,model,6,True,True,0.0,0.0,1.0,0.9490381031869121,0.06020021009848348,0.12579742101180064,10.0,4.0,0.9646264910697937,6.0
qb6b2de0c91,dev,native_model,Comment éviter que les freins ne surchauffent dans une longue descente sur mon Ariya ?,none,1,True,False,1.0,1.0,0.0,0.0,1.0,1.0,1.0,1.0,1.0,6.0
qb6b2de0c91,dev,native_full,Comment éviter que les freins ne surchauffent dans une longue descente sur mon Nissan Ariya (2023) ?,none,1,True,False,1.0,1.0,1.0,0.0,1.0,1.0,1.0,1.0,1.0,8.0
qb8b6e2c4d3,dev,native_plain,Quelle est la fréquence d'émission du système mains-libres ?,vehicle,157,True,True,0.0,0.0,0.0,0.931473476485475,0.09683821149605144,0.39146283143273525,10.0,6.0,0.900166392326355,5.0
qb8b6e2c4d3,dev,native_brand,Quelle est la fréquence d'émission du système mains-libres sur mon Nissan ?,model,6,True,True,0.0,0.0,1.0,0.8824809099335917,0.1586366935427948,0.415403825385036,8.0,5.0,0.7885924577713013,6.0
qb8b6e2c4d3,dev,native_model,Quelle est la fréquence d'émission du système mains-libres sur mon Ariya ?,none,1,True,False,1.0,1.0,0.0,0.0,1.0,1.0,1.0,1.0,1.0,6.0
qb8b6e2c4d3,dev,native_full,Quelle est la fréquence d'émission du système mains-libres sur mon Nissan Ariya (2023) ?,none,1,True,False,1.0,1.0,1.0,0.0,1.0,1.0,1.0,1.0,1.0,8.0
qecf8a86fe1,dev,native_plain,Qu'est-ce qui s'affiche à l'écran si le temps de recharge estimé dépasse une journée ?,vehicle,157,True,True,0.0,0.0,0.0,0.8601108910743956,0.1597263558382237,0.3698536035529339,7.0,4.0,0.8696361780166626,7.0
qecf8a86fe1,dev,native_brand,Qu'est-ce qui s'affiche à l'écran de ma Nissan si le temps de recharge estimé dépasse une journée ?,model,6,True,True,0.0,0.0,1.0,0.8623559309488062,0.16179761105899684,0.4283905799059631,8.0,6.0,0.817517876625061,8.0
qecf8a86fe1,dev,native_model,Qu'est-ce qui s'affiche à l'écran de ma Ariya si le temps de recharge estimé dépasse une journée ?,none,1,True,False,1.0,1.0,0.0,0.0,1.0,1.0,1.0,1.0,1.0,8.0
qecf8a86fe1,dev,native_full,Qu'est-ce qui s'affiche à l'écran de ma Nissan Ariya (2023) si le temps de recharge estimé dépasse une journée ?,none,1,True,False,1.0,1.0,1.0,0.0,1.0,1.0,1.0,1.0,1.0,10.0
qbe6fa8df9b,dev,native_plain,Comment baisser la vitesse du régulateur par tranches de 10 km/h ?,vehicle,157,True,True,0.0,0.0,0.0,0.9482881502641223,0.06470099735373477,0.06520292138637943,8.0,5.0,0.9217941164970398,6.0
qbe6fa8df9b,dev,native_brand,Comment baisser la vitesse du régulateur par tranches de 10 km/h sur mon Nissan ?,model,6,True,True,0.0,0.0,1.0,0.9338839632894123,0.10244122928075906,0.4448348279277067,9.0,5.0,0.8975465893745422,7.0
qbe6fa8df9b,dev,native_model,Comment baisser la vitesse du régulateur par tranches de 10 km/h sur mon Ariya ?,none,1,True,False,1.0,1.0,0.0,0.0,1.0,1.0,1.0,1.0,1.0,7.0
qbe6fa8df9b,dev,native_full,Comment baisser la vitesse du régulateur par tranches de 10 km/h sur mon Nissan Ariya (2023) ?,none,1,True,False,1.0,1.0,1.0,0.0,1.0,1.0,1.0,1.0,1.0,9.0
qe34decea17,dev,native_plain,Combien de fois le signal sonore retentit-il si l'on active le clignotant alors qu'un véhicule se trouve dans l'angle mort ?,vehicle,157,True,True,0.0,0.0,0.0,0.9007235288290178,0.13977363714649707,0.232365591503463,4.0,2.0,0.9011014103889465,11.0
qe34decea17,dev,native_brand,Combien de fois le signal sonore retentit-il sur mon Nissan si l'on active le clignotant alors qu'un véhicule se trouve dans l'angle mort ?,model,6,True,True,0.0,0.0,1.0,0.9041544645806766,0.13235410715286064,0.2773349602430471,5.0,3.0,0.8781408071517944,12.0
qe34decea17,dev,native_model,Combien de fois le signal sonore retentit-il sur mon Juke si l'on active le clignotant alors qu'un véhicule se trouve dans l'angle mort ?,none,1,True,False,1.0,1.0,0.0,0.0,1.0,1.0,1.0,1.0,1.0,12.0
qe34decea17,dev,native_full,Combien de fois le signal sonore retentit-il sur mon Nissan Juke (2020) si l'on active le clignotant alors qu'un véhicule se trouve dans l'angle mort ?,none,1,True,False,1.0,1.0,1.0,0.0,1.0,1.0,1.0,1.0,1.0,14.0
qb9a1f57acf,dev,native_plain,Est-ce que les feux de stop s'allument lorsque le régulateur de vitesse actif fait freiner la voiture ?,vehicle,157,False,False,0.0,0.0,0.0,0.9420289161125591,0.056138203514221566,0.1167328341361486,10.0,5.0,0.8382102847099304,8.0
qb9a1f57acf,dev,native_brand,Est-ce que les feux de stop s'allument lorsque le régulateur de vitesse actif de ma Nissan fait freiner la voiture ?,model,6,False,False,0.0,0.0,1.0,0.9088283385370148,0.08880135527625756,0.05663651463757888,9.0,5.0,0.8254122734069824,9.0
qb9a1f57acf,dev,native_model,Est-ce que les feux de stop s'allument lorsque le régulateur de vitesse actif de ma Juke fait freiner la voiture ?,none,1,False,False,1.0,1.0,0.0,0.0,1.0,1.0,1.0,1.0,1.0,9.0
qb9a1f57acf,dev,native_full,Est-ce que les feux de stop s'allument lorsque le régulateur de vitesse actif de ma Nissan Juke (2020) fait freiner la voiture ?,none,1,False,False,1.0,1.0,1.0,0.0,1.0,1.0,1.0,1.0,1.0,11.0
qa3fccdf481,test,native_plain,Que doit-on faire si le siège enfant n'est pas bien serré après l'installation ?,vehicle,157,True,True,0.0,0.0,0.0,0.9381846504233222,0.08985957083279357,0.23504178241065332,8.0,5.0,0.9333389401435852,4.0
qa3fccdf481,test,native_brand,Que doit-on faire si le siège enfant n'est pas bien serré après l'installation dans mon Nissan ?,model,6,True,True,0.0,0.0,1.0,0.8290676263415774,0.14769329401370063,0.09633614024266607,4.0,1.0,0.9322460293769836,5.0
qa3fccdf481,test,native_model,Que doit-on faire si le siège enfant n'est pas bien serré après l'installation dans mon Juke ?,none,1,True,False,1.0,1.0,0.0,0.0,1.0,1.0,1.0,1.0,1.0,5.0
qa3fccdf481,test,native_full,Que doit-on faire si le siège enfant n'est pas bien serré après l'installation dans mon Nissan Juke (2020) ?,none,1,True,False,1.0,1.0,1.0,0.0,1.0,1.0,1.0,1.0,1.0,7.0
q4c94a8b43f,test,native_plain,En dessous de quelle vitesse le système se désactive-t-il automatiquement ?,vehicle,157,True,True,0.0,0.0,0.0,0.9414064043270519,0.07034334031033955,0.012938838041585904,8.0,6.0,0.8571321368217468,5.0
q4c94a8b43f,test,native_brand,En dessous de quelle vitesse le système se désactive-t-il automatiquement sur mon Nissan ?,model,6,True,True,0.0,0.0,1.0,0.896269025561456,0.09820639926624197,0.02447577572899734,9.0,4.0,0.8804044723510742,6.0
q4c94a8b43f,test,native_model,En dessous de quelle vitesse le système se désactive-t-il automatiquement sur mon Juke ?,none,1,True,False,1.0,1.0,0.0,0.0,1.0,1.0,1.0,1.0,1.0,6.0
q4c94a8b43f,test,native_full,En dessous de quelle vitesse le système se désactive-t-il automatiquement sur mon Nissan Juke (2020) ?,none,1,True,False,1.0,1.0,1.0,0.0,1.0,1.0,1.0,1.0,1.0,8.0
qededacd65c,dev,native_plain,Au bout de combien de temps les données de trajet depuis le démarrage se réinitialisent-elles automatiquement après avoir coupé le moteur ?,vehicle,157,True,True,0.0,0.0,0.0,0.95700174121361,0.05052882453846497,0.08494742008895473,10.0,7.0,0.8509743809700012,12.0
qededacd65c,dev,native_brand,Au bout de combien de temps les données de trajet depuis le démarrage se réinitialisent-elles automatiquement après avoir coupé le moteur sur ma Nissan ?,model,6,True,True,0.0,0.0,1.0,0.9535736112898031,0.04596207383902025,0.0185951581758448,10.0,7.0,0.8509743809700012,13.0
qededacd65c,dev,native_model,Au bout de combien de temps les données de trajet depuis le démarrage se réinitialisent-elles automatiquement après avoir coupé le moteur sur ma Juke ?,none,1,True,False,1.0,1.0,0.0,0.0,1.0,1.0,1.0,1.0,1.0,13.0
qededacd65c,dev,native_full,Au bout de combien de temps les données de trajet depuis le démarrage se réinitialisent-elles automatiquement après avoir coupé le moteur sur ma Nissan Juke (2020) ?,none,1,True,False,1.0,1.0,1.0,0.0,1.0,1.0,1.0,1.0,1.0,15.0
q429fc05699,test,native_plain,Quel est le poids maximum que l'on peut suspendre au crochet porte-vêtements ?,vehicle,157,True,True,0.0,0.0,0.0,0.9573672595401946,0.04902822324995494,0.09601649343629838,10.0,6.0,0.9014225006103516,6.0
q429fc05699,test,native_brand,Quel est le poids maximum que l'on peut suspendre au crochet porte-vêtements sur une Nissan ?,model,6,True,True,0.0,0.0,1.0,0.9505200897846585,0.05297915413350419,0.08471088052575851,9.0,5.0,0.9226651191711426,7.0
q429fc05699,test,native_model,Quel est le poids maximum que l'on peut suspendre au crochet porte-vêtements sur une Juke ?,none,1,True,False,1.0,1.0,0.0,0.0,1.0,1.0,1.0,1.0,1.0,7.0
q429fc05699,test,native_full,Quel est le poids maximum que l'on peut suspendre au crochet porte-vêtements sur une Nissan Juke (2020) ?,none,1,True,False,1.0,1.0,1.0,0.0,1.0,1.0,1.0,1.0,1.0,9.0
q142c072570,test,native_plain,Que faire si le boîtier de recharge détecte une chaleur excessive au niveau de la prise électrique ?,vehicle,157,True,True,0.0,0.0,0.0,0.7909009620814984,0.2091535857418538,0.20689386041100832,3.0,1.0,0.8959619402885437,8.0
q142c072570,test,native_brand,Que faire si le boîtier de recharge de ma Nissan détecte une chaleur excessive au niveau de la prise électrique ?,model,6,True,True,0.0,0.0,1.0,0.8204528786966522,0.16246035545138326,0.13053704955294593,7.0,3.0,0.9052238464355469,9.0
q142c072570,test,native_model,Que faire si le boîtier de recharge de ma Leaf détecte une chaleur excessive au niveau de la prise électrique ?,none,1,True,False,1.0,1.0,0.0,0.0,1.0,1.0,1.0,1.0,1.0,9.0
q142c072570,test,native_full,Que faire si le boîtier de recharge de ma Nissan Leaf (2018) détecte une chaleur excessive au niveau de la prise électrique ?,none,1,True,False,1.0,1.0,1.0,0.0,1.0,1.0,1.0,1.0,1.0,11.0
q8ffa2bfaee,test,native_plain,Qu'est-ce qui s'affiche à l'écran pour le temps de charge quand la batterie est entièrement rechargée ?,vehicle,157,True,True,0.0,0.0,0.0,0.9315221918558667,0.07179863173708813,0.015238328249304938,10.0,5.0,0.9111307263374329,7.0
q8ffa2bfaee,test,native_brand,Qu'est-ce qui s'affiche à l'écran de ma Nissan pour le temps de charge quand la batterie est entièrement rechargée ?,model,6,True,True,0.0,0.0,1.0,0.9284576581239568,0.10034595858678141,0.0892863815156327,10.0,4.0,0.9164228439331055,8.0
q8ffa2bfaee,test,native_model,Qu'est-ce qui s'affiche à l'écran de ma Leaf pour le temps de charge quand la batterie est entièrement rechargée ?,none,1,True,False,1.0,1.0,0.0,0.0,1.0,1.0,1.0,1.0,1.0,8.0
q8ffa2bfaee,test,native_full,Qu'est-ce qui s'affiche à l'écran de ma Nissan Leaf (2018) pour le temps de charge quand la batterie est entièrement rechargée ?,none,1,True,False,1.0,1.0,1.0,0.0,1.0,1.0,1.0,1.0,1.0,10.0
q8c45f8056e,test,native_plain,Que faut-il faire au niveau du véhicule si on installe des roues et des pneus d'une taille différente ?,vehicle,157,True,True,0.0,0.0,0.0,0.9573587272931688,0.05437942666347473,0.019476313015577687,10.0,7.0,0.9187238812446594,7.0
q8c45f8056e,test,native_brand,Que faut-il faire au niveau du véhicule si on installe des roues et des pneus d'une taille différente sur ma Nissan ?,model,6,True,True,0.0,0.0,1.0,0.94529288420457,0.0678655793876835,0.056666424047373966,9.0,4.0,0.8981083035469055,8.0
q8c45f8056e,test,native_model,Que faut-il faire au niveau du véhicule si on installe des roues et des pneus d'une taille différente sur ma Leaf ?,none,1,True,False,1.0,1.0,0.0,0.0,1.0,1.0,1.0,1.0,1.0,8.0
q8c45f8056e,test,native_full,Que faut-il faire au niveau du véhicule si on installe des roues et des pneus d'une taille différente sur ma Nissan Leaf (2018) ?,none,1,True,False,1.0,1.0,1.0,0.0,1.0,1.0,1.0,1.0,1.0,10.0
q856958e97c,test,native_plain,Est-ce que les repères de distance de la caméra sont fiables quand on monte une côte raide ?,vehicle,157,False,False,0.0,0.0,0.0,0.9537595502197717,0.05828601135675107,0.2070134004263294,10.0,5.0,0.8581036329269409,7.0
q856958e97c,test,native_brand,Est-ce que les repères de distance de la caméra de ma Nissan sont fiables quand on monte une côte raide ?,model,6,False,False,0.0,0.0,1.0,0.9020180350740563,0.12983771926485124,0.39554123185332324,8.0,5.0,0.8231016993522644,8.0
q856958e97c,test,native_model,Est-ce que les repères de distance de la caméra de ma Leaf sont fiables quand on monte une côte raide ?,none,1,False,False,1.0,1.0,0.0,0.0,1.0,1.0,1.0,1.0,1.0,8.0
q856958e97c,test,native_full,Est-ce que les repères de distance de la caméra de ma Nissan Leaf (2018) sont fiables quand on monte une côte raide ?,none,1,False,False,1.0,1.0,1.0,0.0,1.0,1.0,1.0,1.0,1.0,10.0
q2f4f7eb520,test,native_plain,Quel est le niveau de charge minimal requis pour que le chauffage de la batterie fonctionne sans être branché ?,vehicle,157,True,True,0.0,0.0,0.0,0.8584178144792147,0.24180702360618067,0.7932553189974042,7.0,4.0,0.8906220197677612,8.0
q2f4f7eb520,test,native_brand,Quel est le niveau de charge minimal requis pour que le chauffage de la batterie fonctionne sur ma Nissan sans être branchée ?,model,6,True,True,0.0,0.0,1.0,0.8285459342383671,0.23295967265249512,0.4902017419860732,6.0,4.0,0.8667093515396118,9.0
q2f4f7eb520,test,native_model,Quel est le niveau de charge minimal requis pour que le chauffage de la batterie fonctionne sur ma Leaf sans être branchée ?,none,1,True,False,1.0,1.0,0.0,0.0,1.0,1.0,1.0,1.0,1.0,9.0
q2f4f7eb520,test,native_full,Quel est le niveau de charge minimal requis pour que le chauffage de la batterie fonctionne sur ma Nissan Leaf (2018) sans être branchée ?,none,1,True,False,1.0,1.0,1.0,0.0,1.0,1.0,1.0,1.0,1.0,11.0
qb41e71e902,dev,native_plain,Que faut-il faire si la vitre arrière est couverte de buée alors qu'on utilise le rétroviseur caméra ?,vehicle,157,True,True,0.0,0.0,0.0,0.9389905293662176,0.08286961516354541,0.12271130421344191,7.0,3.0,0.8924573659896851,7.0
qb41e71e902,dev,native_brand,Que faut-il faire si la vitre arrière est couverte de buée alors qu'on utilise le rétroviseur caméra sur ma Nissan ?,model,6,True,True,0.0,0.0,1.0,0.8596353800557179,0.14280800180149567,0.23666377362598104,7.0,2.0,0.8602310419082642,8.0
qb41e71e902,dev,native_model,Que faut-il faire si la vitre arrière est couverte de buée alors qu'on utilise le rétroviseur caméra sur ma Leaf ?,none,1,True,False,1.0,1.0,0.0,0.0,1.0,1.0,1.0,1.0,1.0,8.0
qb41e71e902,dev,native_full,Que faut-il faire si la vitre arrière est couverte de buée alors qu'on utilise le rétroviseur caméra sur ma Nissan Leaf (2018) ?,none,1,True,False,1.0,1.0,1.0,0.0,1.0,1.0,1.0,1.0,1.0,10.0
qb9b92a5373,dev,native_plain,Où doit-on jeter l'huile de vidange et les filtres à huile usagés ?,vehicle,157,False,False,0.0,0.0,0.0,0.939030284516643,0.05549525730293699,0.0020013163090342023,9.0,7.0,0.9122470021247864,6.0
qb9b92a5373,dev,native_brand,Où doit-on jeter l'huile de vidange et les filtres à huile usagés de ma Nissan ?,model,6,False,False,0.0,0.0,1.0,0.8529120450093005,0.11056241447451078,0.016388182090154788,7.0,4.0,0.8794008493423462,7.0
qb9b92a5373,dev,native_model,Où doit-on jeter l'huile de vidange et les filtres à huile usagés de ma Micra ?,none,1,False,False,1.0,1.0,0.0,0.0,1.0,1.0,1.0,1.0,1.0,7.0
qb9b92a5373,dev,native_full,Où doit-on jeter l'huile de vidange et les filtres à huile usagés de ma Nissan Micra (1982-2022) ?,none,1,False,False,1.0,1.0,1.0,0.0,1.0,1.0,1.0,1.0,1.0,10.0
q194e8b27f8,test,native_plain,Comment puis-je annuler un freinage d'urgence automatique inattendu si j'ai besoin d'accélérer ?,vehicle,157,True,True,0.0,0.0,0.0,0.945641441989641,0.06282221455940801,0.02073219116131477,7.0,4.0,0.8878278732299805,9.0
q194e8b27f8,test,native_brand,Comment puis-je annuler un freinage d'urgence automatique inattendu sur ma Nissan si j'ai besoin d'accélérer ?,model,6,True,True,0.0,0.0,1.0,0.9215729386925583,0.1019061936527101,0.3681843210480964,5.0,3.0,0.8899481892585754,10.0
q194e8b27f8,test,native_model,Comment puis-je annuler un freinage d'urgence automatique inattendu sur ma Micra si j'ai besoin d'accélérer ?,none,1,True,False,1.0,1.0,0.0,0.0,1.0,1.0,1.0,1.0,1.0,10.0
q194e8b27f8,test,native_full,Comment puis-je annuler un freinage d'urgence automatique inattendu sur ma Nissan Micra (1982-2022) si j'ai besoin d'accélérer ?,none,1,True,False,1.0,1.0,1.0,0.0,1.0,1.0,1.0,1.0,1.0,13.0
qa3afb9c3b4,test,native_plain,Où s'affiche la distance que je peux encore parcourir avant de tomber en panne d'essence ?,vehicle,157,True,True,0.0,0.0,0.0,0.9589191074740482,0.06503589359707562,0.17360771756498938,10.0,9.0,0.8467090725898743,6.0
qa3afb9c3b4,test,native_brand,Où s'affiche la distance que je peux encore parcourir avant de tomber en panne d'essence sur ma Nissan ?,model,6,True,True,0.0,0.0,1.0,0.9520522021197865,0.0623576889337279,0.13132379084224347,10.0,6.0,0.825282871723175,7.0
qa3afb9c3b4,test,native_model,Où s'affiche la distance que je peux encore parcourir avant de tomber en panne d'essence sur ma Micra ?,none,1,True,False,1.0,1.0,0.0,0.0,1.0,1.0,1.0,1.0,1.0,7.0
qa3afb9c3b4,test,native_full,Où s'affiche la distance que je peux encore parcourir avant de tomber en panne d'essence sur ma Nissan Micra (1982-2022) ?,none,1,True,False,1.0,1.0,1.0,0.0,1.0,1.0,1.0,1.0,1.0,10.0
qdd4254142c,dev,native_plain,Quelles informations sur une chanson s'affichent à l'écran lors de la lecture d'un fichier MP3 ?,vehicle,157,False,False,0.0,0.0,0.0,0.8648465732120822,0.22914189259034728,0.7340722490694646,7.0,5.0,0.8614412546157837,7.0
qdd4254142c,dev,native_brand,Quelles informations sur une chanson s'affichent à l'écran lors de la lecture d'un fichier MP3 sur ma Nissan ?,model,6,False,False,0.0,0.0,1.0,0.8588442858950754,0.20497703283470983,0.5685023509058419,6.0,4.0,0.8374112844467163,8.0
qdd4254142c,dev,native_model,Quelles informations sur une chanson s'affichent à l'écran lors de la lecture d'un fichier MP3 sur ma Micra ?,none,1,False,False,1.0,1.0,0.0,0.0,1.0,1.0,1.0,1.0,1.0,8.0
qdd4254142c,dev,native_full,Quelles informations sur une chanson s'affichent à l'écran lors de la lecture d'un fichier MP3 sur ma Nissan Micra (1982-2022) ?,none,1,False,False,1.0,1.0,1.0,0.0,1.0,1.0,1.0,1.0,1.0,11.0
qa1cb059da5,test,native_plain,Comment doit-on attacher les bébés et les jeunes enfants en voiture ?,vehicle,157,False,False,0.0,0.0,0.0,0.9314180505079176,0.08367113930968861,0.13304140782537827,10.0,7.0,0.8863356709480286,5.0
qa1cb059da5,test,native_brand,Comment doit-on attacher les bébés et les jeunes enfants dans ma Nissan ?,model,6,False,False,0.0,0.0,1.0,0.8557749248309988,0.12236037222362046,0.27318955215365126,6.0,2.0,0.9464661478996277,5.0
qa1cb059da5,test,native_model,Comment doit-on attacher les bébés et les jeunes enfants dans ma Micra ?,none,1,False,False,1.0,1.0,0.0,0.0,1.0,1.0,1.0,1.0,1.0,5.0
qa1cb059da5,test,native_full,Comment doit-on attacher les bébés et les jeunes enfants dans ma Nissan Micra (1982-2022) ?,none,1,False,False,1.0,1.0,1.0,0.0,1.0,1.0,1.0,1.0,1.0,8.0
qe490b2cba1,dev,native_plain,Que doit faire un conducteur avec un pacemaker avant de se servir de la clé intelligente ?,vehicle,157,False,False,0.0,0.0,0.0,0.8760947082140247,0.10954210420083839,0.03617161338362043,7.0,3.0,0.9041413068771362,5.0
qe490b2cba1,dev,native_brand,Que doit faire un conducteur avec un pacemaker avant de se servir de la clé intelligente sur sa Nissan ?,model,6,False,False,0.0,0.0,1.0,0.7877287079643177,0.16877987083148868,0.06272663812128818,6.0,1.0,0.895006537437439,6.0
qe490b2cba1,dev,native_model,Que doit faire un conducteur avec un pacemaker avant de se servir de la clé intelligente sur sa Micra ?,none,1,False,False,1.0,1.0,0.0,0.0,1.0,1.0,1.0,1.0,1.0,6.0
qe490b2cba1,dev,native_full,Que doit faire un conducteur avec un pacemaker avant de se servir de la clé intelligente sur sa Nissan Micra (1982-2022) ?,none,1,False,False,1.0,1.0,1.0,0.0,1.0,1.0,1.0,1.0,1.0,9.0
q074133f55f,test,native_plain,À partir de quelle vitesse le témoin de pression des pneus s'éteint-il après avoir ajusté la pression ?,vehicle,157,True,True,0.0,0.0,0.0,0.9193719830105658,0.08076972035066302,0.16098046985729897,9.0,5.0,0.9440485835075378,9.0
q074133f55f,test,native_brand,À partir de quelle vitesse le témoin de pression des pneus s'éteint-il sur mon Nissan après avoir ajusté la pression ?,model,6,True,True,0.0,0.0,1.0,0.8581107264281789,0.12902256889267277,0.15572199461654676,7.0,2.0,0.9328163862228394,10.0
q074133f55f,test,native_model,À partir de quelle vitesse le témoin de pression des pneus s'éteint-il sur mon Qashqai après avoir ajusté la pression ?,none,1,True,False,1.0,1.0,0.0,0.0,1.0,1.0,1.0,1.0,1.0,10.0
q074133f55f,test,native_full,À partir de quelle vitesse le témoin de pression des pneus s'éteint-il sur mon Nissan Qashqai (2022) après avoir ajusté la pression ?,none,1,True,False,1.0,1.0,1.0,0.0,1.0,1.0,1.0,1.0,1.0,12.0
qfa63f67514,dev,native_plain,Comment est-ce qu'on allume les liseuses à l'arrière ?,vehicle,157,True,True,0.0,0.0,0.0,0.943178975980402,0.06539397279863692,0.09357353298829553,9.0,2.0,0.9322497248649597,3.0
qfa63f67514,dev,native_brand,Comment est-ce qu'on allume les liseuses à l'arrière sur mon Nissan ?,model,6,True,True,0.0,0.0,1.0,0.9325955047518644,0.08747474215219224,0.23744932386190354,9.0,3.0,0.8972346186637878,4.0
qfa63f67514,dev,native_model,Comment est-ce qu'on allume les liseuses à l'arrière sur mon Qashqai ?,none,1,True,False,1.0,1.0,0.0,0.0,1.0,1.0,1.0,1.0,1.0,4.0
qfa63f67514,dev,native_full,Comment est-ce qu'on allume les liseuses à l'arrière sur mon Nissan Qashqai (2022) ?,none,1,True,False,1.0,1.0,1.0,0.0,1.0,1.0,1.0,1.0,1.0,6.0
q703f5ce49a,test,native_plain,Quel est le pourcentage maximal de freinage que le régulateur de vitesse intelligent peut appliquer automatiquement ?,vehicle,157,True,True,0.0,0.0,0.0,0.9063879902732029,0.13369982382014206,0.2418788369123936,8.0,6.0,0.8786447644233704,8.0
q703f5ce49a,test,native_brand,Quel est le pourcentage maximal de freinage que le régulateur de vitesse intelligent peut appliquer automatiquement sur mon Nissan ?,model,6,True,True,0.0,0.0,1.0,0.8948857976784939,0.10149448444766926,0.10447607342168842,8.0,5.0,0.8358386754989624,9.0
q703f5ce49a,test,native_model,Quel est le pourcentage maximal de freinage que le régulateur de vitesse intelligent peut appliquer automatiquement sur mon Qashqai ?,none,1,True,False,1.0,1.0,0.0,0.0,1.0,1.0,1.0,1.0,1.0,9.0
q703f5ce49a,test,native_full,Quel est le pourcentage maximal de freinage que le régulateur de vitesse intelligent peut appliquer automatiquement sur mon Nissan Qashqai (2022) ?,none,1,True,False,1.0,1.0,1.0,0.0,1.0,1.0,1.0,1.0,1.0,11.0
q3fb91ffd10,test,native_plain,Est-ce que transporter des bagages très lourds à l'arrière peut altérer le fonctionnement des aides à la conduite ?,vehicle,157,False,False,0.0,0.0,0.0,0.9235672239225042,0.0865722082165989,0.32406406639307406,7.0,5.0,0.8961018323898315,8.0
q3fb91ffd10,test,native_brand,Est-ce que transporter des bagages très lourds à l'arrière de ma Nissan peut altérer le fonctionnement des aides à la conduite ?,model,6,False,False,0.0,0.0,1.0,0.9413869523338448,0.06178552089820464,0.03544462758683451,8.0,6.0,0.8555617332458496,9.0
q3fb91ffd10,test,native_model,Est-ce que transporter des bagages très lourds à l'arrière de ma Qashqai peut altérer le fonctionnement des aides à la conduite ?,none,1,False,False,1.0,1.0,0.0,0.0,1.0,1.0,1.0,1.0,1.0,9.0
q3fb91ffd10,test,native_full,Est-ce que transporter des bagages très lourds à l'arrière de ma Nissan Qashqai (2022) peut altérer le fonctionnement des aides à la conduite ?,none,1,False,False,1.0,1.0,1.0,0.0,1.0,1.0,1.0,1.0,1.0,11.0
q4cb8355f71,test,native_plain,Comment désactiver complètement le système ProPILOT Assist ?,vehicle,157,True,True,0.0,0.0,0.0,0.8102961250686624,0.21786925734367243,0.09087091965879915,5.0,1.0,0.9542931318283081,5.0
q4cb8355f71,test,native_brand,Comment désactiver complètement le système ProPILOT Assist sur mon Nissan ?,model,6,True,True,0.0,0.0,1.0,0.8032067930339729,0.21032510461612958,0.06465489917513657,5.0,1.0,0.9542931318283081,6.0
q4cb8355f71,test,native_model,Comment désactiver complètement le système ProPILOT Assist sur mon Qashqai ?,none,1,True,False,1.0,1.0,0.0,0.0,1.0,1.0,1.0,1.0,1.0,6.0
q4cb8355f71,test,native_full,Comment désactiver complètement le système ProPILOT Assist sur mon Nissan Qashqai (2022) ?,none,1,True,False,1.0,1.0,1.0,0.0,1.0,1.0,1.0,1.0,1.0,8.0
q4bfdce0fce,test,native_plain,Est-il recommandé d'installer un boîtier OBD de seconde monte sur la prise diagnostic ?,vehicle,157,True,True,0.0,0.0,0.0,0.9593716964222802,0.040790629984736405,0.0112694011199975,10.0,5.0,0.9183629155158997,8.0
q4bfdce0fce,test,native_brand,Est-il recommandé d'installer un boîtier OBD de seconde monte sur la prise diagnostic de ma Nissan ?,model,6,True,True,0.0,0.0,1.0,0.9371013562499965,0.11258484664396338,0.5418076909088662,10.0,4.0,0.8751410245895386,9.0
q4bfdce0fce,test,native_model,Est-il recommandé d'installer un boîtier OBD de seconde monte sur la prise diagnostic de ma Qashqai ?,none,1,True,False,1.0,1.0,0.0,0.0,1.0,1.0,1.0,1.0,1.0,9.0
q4bfdce0fce,test,native_full,Est-il recommandé d'installer un boîtier OBD de seconde monte sur la prise diagnostic de ma Nissan Qashqai (2022) ?,none,1,True,False,1.0,1.0,1.0,0.0,1.0,1.0,1.0,1.0,1.0,11.0
q319a328171,test,native_plain,Quels types d'écrans peuvent s'afficher sur le tableau de bord au démarrage ?,vehicle,157,True,True,0.0,0.0,0.0,0.9466206407079781,0.06534055250456329,0.12731673615612268,8.0,7.0,0.8349583745002747,7.0
q319a328171,test,native_brand,Quels types d'écrans peuvent s'afficher sur le tableau de bord de ma Nissan au démarrage ?,model,6,True,True,0.0,0.0,1.0,0.8851958094541531,0.15022686202368002,0.2800478511718038,7.0,3.0,0.8687998056411743,8.0
q319a328171,test,native_model,Quels types d'écrans peuvent s'afficher sur le tableau de bord de ma X-Trail au démarrage ?,none,1,True,False,1.0,1.0,0.0,0.0,1.0,1.0,1.0,1.0,1.0,8.0
q319a328171,test,native_full,Quels types d'écrans peuvent s'afficher sur le tableau de bord de ma Nissan X-Trail (2023) au démarrage ?,none,1,True,False,1.0,1.0,1.0,0.0,1.0,1.0,1.0,1.0,1.0,10.0
q6d0c86d4a0,test,native_plain,Comment activer le système de prévention de franchissement de ligne ?,vehicle,157,True,True,0.0,0.0,0.0,0.7743814418502672,0.26045556375777307,0.06174535229537113,6.0,3.0,0.8866071701049805,5.0
q6d0c86d4a0,test,native_brand,Comment activer le système de prévention de franchissement de ligne sur mon Nissan ?,model,6,True,True,0.0,0.0,1.0,0.6845288967788797,0.3206545981840287,0.07013174265134163,2.0,1.0,0.8673801422119141,6.0
q6d0c86d4a0,test,native_model,Comment activer le système de prévention de franchissement de ligne sur mon X-Trail ?,none,1,True,False,1.0,1.0,0.0,0.0,1.0,1.0,1.0,1.0,1.0,6.0
q6d0c86d4a0,test,native_full,Comment activer le système de prévention de franchissement de ligne sur mon Nissan X-Trail (2023) ?,none,1,True,False,1.0,1.0,1.0,0.0,1.0,1.0,1.0,1.0,1.0,8.0
qa0ebc76945,test,native_plain,Qui doit faire l'entretien régulier de ma voiture ?,vehicle,157,True,True,0.0,0.0,0.0,0.9560334383294563,0.04872243492938214,0.013311716387645318,10.0,5.0,0.8716899156570435,3.0
qa0ebc76945,test,native_brand,Qui doit faire l'entretien régulier de ma Nissan ?,model,6,True,True,0.0,0.0,1.0,0.8788099438065023,0.11897027707686994,0.18812932829121368,6.0,1.0,0.954431414604187,3.0
qa0ebc76945,test,native_model,Qui doit faire l'entretien régulier de ma X-Trail ?,none,1,True,False,1.0,1.0,0.0,0.0,1.0,1.0,1.0,1.0,1.0,3.0
qa0ebc76945,test,native_full,Qui doit faire l'entretien régulier de ma Nissan X-Trail (2023) ?,none,1,True,False,1.0,1.0,1.0,0.0,1.0,1.0,1.0,1.0,1.0,5.0
qeb661f4e0d,dev,native_plain,Quels réglages de la ventilation sont gérés automatiquement en mode AUTO ?,vehicle,157,False,False,0.0,0.0,0.0,0.9529816816908326,0.055087050277188264,0.01808244516078415,9.0,4.0,0.9422504305839539,6.0
qeb661f4e0d,dev,native_brand,Quels réglages de la ventilation sont gérés automatiquement en mode AUTO sur mon Nissan ?,model,6,False,False,0.0,0.0,1.0,0.951392774794091,0.0595745569671724,0.04496651619052869,9.0,5.0,0.9376088380813599,7.0
qeb661f4e0d,dev,native_model,Quels réglages de la ventilation sont gérés automatiquement en mode AUTO sur mon X-Trail ?,none,1,False,False,1.0,1.0,0.0,0.0,1.0,1.0,1.0,1.0,1.0,7.0
qeb661f4e0d,dev,native_full,Quels réglages de la ventilation sont gérés automatiquement en mode AUTO sur mon Nissan X-Trail (2023) ?,none,1,False,False,1.0,1.0,1.0,0.0,1.0,1.0,1.0,1.0,1.0,9.0
q8b94b93948,test,native_plain,Que doit-on faire pour charger son téléphone efficacement tout en utilisant Apple CarPlay ?,vehicle,157,True,True,0.0,0.0,0.0,0.9459792759441401,0.060443788552732705,0.010597062394356073,10.0,4.0,0.8992385864257812,6.0
q8b94b93948,test,native_brand,Que doit-on faire pour charger son téléphone efficacement tout en utilisant Apple CarPlay sur un Nissan ?,model,6,True,True,0.0,0.0,1.0,0.9367723165364732,0.06245578115899678,0.010511006693834894,7.0,3.0,0.883592963218689,7.0
q8b94b93948,test,native_model,Que doit-on faire pour charger son téléphone efficacement tout en utilisant Apple CarPlay sur un X-Trail ?,none,1,True,False,1.0,1.0,0.0,0.0,1.0,1.0,1.0,1.0,1.0,7.0
q8b94b93948,test,native_full,Que doit-on faire pour charger son téléphone efficacement tout en utilisant Apple CarPlay sur un Nissan X-Trail (2023) ?,none,1,True,False,1.0,1.0,1.0,0.0,1.0,1.0,1.0,1.0,1.0,9.0
q1e15200a69,test,native_plain,Comment enlever le cache sous le moteur ?,vehicle,157,False,False,0.0,0.0,0.0,0.9631913799562442,0.04159333125053673,0.014775378179940934,9.0,5.0,0.8562335968017578,3.0
q1e15200a69,test,native_brand,Comment enlever le cache sous le moteur sur mon Nissan ?,model,6,False,False,0.0,0.0,1.0,0.9411889399372336,0.06471309677671466,0.16746675817088896,8.0,4.0,0.813753604888916,4.0
q1e15200a69,test,native_model,Comment enlever le cache sous le moteur sur mon X-Trail ?,none,1,False,False,1.0,1.0,0.0,0.0,1.0,1.0,1.0,1.0,1.0,4.0
q1e15200a69,test,native_full,Comment enlever le cache sous le moteur sur mon Nissan X-Trail (2023) ?,none,1,False,False,1.0,1.0,1.0,0.0,1.0,1.0,1.0,1.0,1.0,6.0
q68e8a6d4cb,test,native_plain,Où doit-on éviter d'activer les essuie-glaces et le lave-glace ?,vehicle,157,False,False,0.0,0.0,0.0,0.9572837642034732,0.05077925753647891,0.03256917029474111,10.0,6.0,0.9248251914978027,6.0
q68e8a6d4cb,test,native_brand,Où doit-on éviter d'activer les essuie-glaces et le lave-glace sur une Opel ?,model,4,False,False,0.0,0.0,1.0,0.9504408268915636,0.0628627764993844,0.12550665906821917,8.0,7.0,0.9058855772018433,7.0
q68e8a6d4cb,test,native_model,Où doit-on éviter d'activer les essuie-glaces et le lave-glace sur une Astra ?,none,1,False,False,1.0,1.0,0.0,0.0,1.0,1.0,1.0,1.0,1.0,7.0
q68e8a6d4cb,test,native_full,Où doit-on éviter d'activer les essuie-glaces et le lave-glace sur une Opel Astra (2022) ?,none,1,False,False,1.0,1.0,1.0,0.0,1.0,1.0,1.0,1.0,1.0,9.0
qbe79edd91b,dev,native_plain,Quelle est la vitesse maximale autorisée si la boîte de vitesses automatique est en panne ?,vehicle,157,True,True,0.0,0.0,0.0,0.9057935870984972,0.09922238888707251,0.05652815958837521,10.0,7.0,0.8142986297607422,7.0
qbe79edd91b,dev,native_brand,Quelle est la vitesse maximale autorisée si la boîte de vitesses automatique de ma Opel est en panne ?,model,4,True,True,0.0,0.0,1.0,0.9146225010955439,0.10244926053951683,0.13801635520269867,10.0,7.0,0.8518913984298706,8.0
qbe79edd91b,dev,native_model,Quelle est la vitesse maximale autorisée si la boîte de vitesses automatique de ma Astra est en panne ?,none,1,True,False,1.0,1.0,0.0,0.0,1.0,1.0,1.0,1.0,1.0,8.0
qbe79edd91b,dev,native_full,Quelle est la vitesse maximale autorisée si la boîte de vitesses automatique de ma Opel Astra (2022) est en panne ?,none,1,True,False,1.0,1.0,1.0,0.0,1.0,1.0,1.0,1.0,1.0,10.0
q8aacbf5230,test,native_plain,Quels problèmes peuvent survenir si la caméra interprète mal la route ou les autres voitures ?,vehicle,157,False,False,0.0,0.0,0.0,0.9620334486519901,0.04517404231324721,0.03312007778981223,10.0,6.0,0.8963066339492798,9.0
q8aacbf5230,test,native_brand,Quels problèmes peuvent survenir si la caméra de ma Opel interprète mal la route ou les autres voitures ?,model,4,False,False,0.0,0.0,1.0,0.9617074318370818,0.04594407288589057,0.10668314396957485,10.0,7.0,0.8717843294143677,10.0
q8aacbf5230,test,native_model,Quels problèmes peuvent survenir si la caméra de ma Astra interprète mal la route ou les autres voitures ?,none,1,False,False,1.0,1.0,0.0,0.0,1.0,1.0,1.0,1.0,1.0,10.0
q8aacbf5230,test,native_full,Quels problèmes peuvent survenir si la caméra de ma Opel Astra (2022) interprète mal la route ou les autres voitures ?,none,1,False,False,1.0,1.0,1.0,0.0,1.0,1.0,1.0,1.0,1.0,12.0
q5e646388e1,test,native_plain,Où doit se situer le niveau de liquide de frein ?,vehicle,157,True,True,0.0,0.0,0.0,0.9754675471558143,0.03304745171423258,0.023661175920635404,10.0,5.0,0.9674338102340698,4.0
q5e646388e1,test,native_brand,Où doit se situer le niveau de liquide de frein sur ma Opel ?,model,4,True,True,0.0,0.0,1.0,0.9593643919178815,0.06150759754485796,0.1355958637308809,10.0,6.0,0.927291214466095,5.0
q5e646388e1,test,native_model,Où doit se situer le niveau de liquide de frein sur ma Astra ?,none,1,True,False,1.0,1.0,0.0,0.0,1.0,1.0,1.0,1.0,1.0,5.0
q5e646388e1,test,native_full,Où doit se situer le niveau de liquide de frein sur ma Opel Astra (2022) ?,none,1,True,False,1.0,1.0,1.0,0.0,1.0,1.0,1.0,1.0,1.0,7.0
qa3bfc8bb55,test,native_plain,Où se trouve le bouton pour désactiver l'airbag du passager avant ?,vehicle,157,True,True,0.0,0.0,0.0,0.9686952693505492,0.03421408854856837,0.01975568033676804,9.0,6.0,0.9492783546447754,5.0
qa3bfc8bb55,test,native_brand,Où se trouve le bouton pour désactiver l'airbag du passager avant sur ma Opel ?,model,4,True,True,0.0,0.0,1.0,0.9653967515393523,0.03617439443155172,0.033525210681342246,10.0,6.0,0.9458808898925781,6.0
qa3bfc8bb55,test,native_model,Où se trouve le bouton pour désactiver l'airbag du passager avant sur ma Astra ?,none,1,True,False,1.0,1.0,0.0,0.0,1.0,1.0,1.0,1.0,1.0,6.0
qa3bfc8bb55,test,native_full,Où se trouve le bouton pour désactiver l'airbag du passager avant sur ma Opel Astra (2022) ?,none,1,True,False,1.0,1.0,1.0,0.0,1.0,1.0,1.0,1.0,1.0,8.0
qc78df5aa6b,dev,native_plain,Combien de widgets au maximum est-il possible d'afficher sur l'affichage tête haute ?,vehicle,157,True,True,0.0,0.0,0.0,0.9480619090484101,0.07044889274535263,0.3180865559344645,9.0,7.0,0.8738200068473816,8.0
qc78df5aa6b,dev,native_brand,Combien de widgets au maximum est-il possible d'afficher sur l'affichage tête haute de ma Opel ?,model,4,True,True,0.0,0.0,1.0,0.9289483686758054,0.08565393102724915,0.060413729401368,9.0,5.0,0.8771651983261108,9.0
qc78df5aa6b,dev,native_model,Combien de widgets au maximum est-il possible d'afficher sur l'affichage tête haute de ma Astra ?,none,1,True,False,1.0,1.0,0.0,0.0,1.0,1.0,1.0,1.0,1.0,9.0
qc78df5aa6b,dev,native_full,Combien de widgets au maximum est-il possible d'afficher sur l'affichage tête haute de ma Opel Astra (2022) ?,none,1,True,False,1.0,1.0,1.0,0.0,1.0,1.0,1.0,1.0,1.0,11.0
q03b4db3e8d,test,native_plain,Quels capteurs sont utilisés par le système de protection des piétons pour détecter un obstacle à l'avant ?,vehicle,157,True,True,0.0,0.0,0.0,0.9406510158516439,0.07545098475280211,0.14542490397391308,7.0,5.0,0.8886259198188782,7.0
q03b4db3e8d,test,native_brand,Quels capteurs sont utilisés par le système de protection des piétons pour détecter un obstacle à l'avant de ma Opel ?,model,4,True,True,0.0,0.0,1.0,0.9436526889737993,0.06699897705706452,0.05595904956511135,7.0,5.0,0.8982290029525757,8.0
q03b4db3e8d,test,native_model,Quels capteurs sont utilisés par le système de protection des piétons pour détecter un obstacle à l'avant de ma Corsa ?,none,1,True,False,1.0,1.0,0.0,0.0,1.0,1.0,1.0,1.0,1.0,8.0
q03b4db3e8d,test,native_full,Quels capteurs sont utilisés par le système de protection des piétons pour détecter un obstacle à l'avant de ma Opel Corsa (2020) ?,none,1,True,False,1.0,1.0,1.0,0.0,1.0,1.0,1.0,1.0,1.0,10.0
qcc30ef9f4d,dev,native_plain,À quelle vitesse maximale doit-on se limiter en cas de panne de la boîte de vitesses automatique ?,vehicle,157,True,True,0.0,0.0,0.0,0.9351570422855348,0.05472275996163122,0.015426178211823302,8.0,6.0,0.8435525894165039,8.0
qcc30ef9f4d,dev,native_brand,À quelle vitesse maximale doit-on se limiter en cas de panne de la boîte de vitesses automatique sur ma Opel ?,model,4,True,True,0.0,0.0,1.0,0.9302215783821248,0.06978639557751566,0.014270200444053043,9.0,7.0,0.8518913984298706,9.0
qcc30ef9f4d,dev,native_model,À quelle vitesse maximale doit-on se limiter en cas de panne de la boîte de vitesses automatique sur ma Corsa ?,none,1,True,False,1.0,1.0,0.0,0.0,1.0,1.0,1.0,1.0,1.0,9.0
qcc30ef9f4d,dev,native_full,À quelle vitesse maximale doit-on se limiter en cas de panne de la boîte de vitesses automatique sur ma Opel Corsa (2020) ?,none,1,True,False,1.0,1.0,1.0,0.0,1.0,1.0,1.0,1.0,1.0,11.0
q5a4604223f,test,native_plain,Où puis-je trouver la plaque signalétique du constructeur ?,vehicle,157,True,True,0.0,0.0,0.0,0.9699753506473405,0.03772249787353169,0.029277199862495117,10.0,6.0,0.8721563220024109,5.0
q5a4604223f,test,native_brand,Où puis-je trouver la plaque signalétique du constructeur sur ma Opel ?,model,4,True,True,0.0,0.0,1.0,0.9601611514755382,0.058531283952321975,0.09817793663678834,10.0,4.0,0.8773363828659058,6.0
q5a4604223f,test,native_model,Où puis-je trouver la plaque signalétique du constructeur sur ma Corsa ?,none,1,True,False,1.0,1.0,0.0,0.0,1.0,1.0,1.0,1.0,1.0,6.0
q5a4604223f,test,native_full,Où puis-je trouver la plaque signalétique du constructeur sur ma Opel Corsa (2020) ?,none,1,True,False,1.0,1.0,1.0,0.0,1.0,1.0,1.0,1.0,1.0,8.0
qfb4d99f844,dev,native_plain,À partir de quelle vitesse les pleins phares s'activent-ils tout seuls dans l'obscurité ?,vehicle,157,True,True,0.0,0.0,0.0,0.9432330772450489,0.08154482914008458,0.31213980522564017,9.0,6.0,0.8867083787918091,7.0
qfb4d99f844,dev,native_brand,À partir de quelle vitesse les pleins phares s'activent-ils tout seuls dans l'obscurité sur ma Opel ?,model,4,True,True,0.0,0.0,1.0,0.9459635259376704,0.05882506344118348,0.07429657468002995,10.0,10.0,0.8676208257675171,8.0
qfb4d99f844,dev,native_model,À partir de quelle vitesse les pleins phares s'activent-ils tout seuls dans l'obscurité sur ma Corsa ?,none,1,True,False,1.0,1.0,0.0,0.0,1.0,1.0,1.0,1.0,1.0,8.0
qfb4d99f844,dev,native_full,À partir de quelle vitesse les pleins phares s'activent-ils tout seuls dans l'obscurité sur ma Opel Corsa (2020) ?,none,1,True,False,1.0,1.0,1.0,0.0,1.0,1.0,1.0,1.0,1.0,10.0
qac1a3abaf3,test,native_plain,Comment modifier la langue des menus de l'écran ?,vehicle,157,False,False,0.0,0.0,0.0,0.8912735218639042,0.1126031762958161,0.09086201953362893,4.0,2.0,0.8971284031867981,4.0
qac1a3abaf3,test,native_brand,Comment modifier la langue des menus de l'écran sur ma Opel ?,model,4,False,False,0.0,0.0,1.0,0.910267017618095,0.10097861094423062,0.020141451856357823,6.0,3.0,0.9200057983398438,5.0
qac1a3abaf3,test,native_model,Comment modifier la langue des menus de l'écran sur ma Corsa ?,none,1,False,False,1.0,1.0,0.0,0.0,1.0,1.0,1.0,1.0,1.0,5.0
qac1a3abaf3,test,native_full,Comment modifier la langue des menus de l'écran sur ma Opel Corsa (2020) ?,none,1,False,False,1.0,1.0,1.0,0.0,1.0,1.0,1.0,1.0,1.0,7.0
q575e9233e6,test,native_plain,L'aide au maintien dans la voie fonctionne-t-elle si on tracte une remorque ?,vehicle,157,True,True,0.0,0.0,0.0,0.9385735128031965,0.06409865601697443,0.05642951430584505,9.0,6.0,0.8774873614311218,6.0
q575e9233e6,test,native_brand,L'aide au maintien dans la voie fonctionne-t-elle sur ma Opel si on tracte une remorque ?,model,4,True,True,0.0,0.0,1.0,0.9368988045347086,0.0796379255289359,0.045157901321201635,8.0,7.0,0.851571261882782,7.0
q575e9233e6,test,native_model,L'aide au maintien dans la voie fonctionne-t-elle sur ma Corsa si on tracte une remorque ?,none,1,True,False,1.0,1.0,0.0,0.0,1.0,1.0,1.0,1.0,1.0,7.0
q575e9233e6,test,native_full,L'aide au maintien dans la voie fonctionne-t-elle sur ma Opel Corsa (2020) si on tracte une remorque ?,none,1,True,False,1.0,1.0,1.0,0.0,1.0,1.0,1.0,1.0,1.0,9.0
q047433a8dc,test,native_plain,Que faire pour éviter que la radio numérique ne se coupe complètement quand le signal est trop faible ?,vehicle,157,True,True,0.0,0.0,0.0,0.9447344328425974,0.05596084319063073,0.009047706882094992,8.0,5.0,0.799649715423584,8.0
q047433a8dc,test,native_brand,Que faire pour éviter que la radio numérique ne se coupe complètement quand le signal est trop faible sur ma Opel ?,model,4,True,True,0.0,0.0,1.0,0.9402949540602611,0.06699396493357491,0.20233668118369003,8.0,6.0,0.7993359565734863,9.0
q047433a8dc,test,native_model,Que faire pour éviter que la radio numérique ne se coupe complètement quand le signal est trop faible sur ma Crossland ?,none,1,True,False,1.0,1.0,0.0,0.0,1.0,1.0,1.0,1.0,1.0,9.0
q047433a8dc,test,native_full,Que faire pour éviter que la radio numérique ne se coupe complètement quand le signal est trop faible sur ma Opel Crossland (2017) ?,none,1,True,False,1.0,1.0,1.0,0.0,1.0,1.0,1.0,1.0,1.0,11.0
q24496b6c40,test,native_plain,Comment supprimer tous les téléphones Bluetooth enregistrés et les contacts de l'autoradio ?,vehicle,157,True,True,0.0,0.0,0.0,0.9127820300810182,0.09206616898439203,0.05170511969447194,7.0,4.0,0.8867147564888,6.0
q24496b6c40,test,native_brand,Comment supprimer tous les téléphones Bluetooth enregistrés et les contacts de l'autoradio de ma Opel ?,model,4,True,True,0.0,0.0,1.0,0.9097697963523924,0.09116547152823207,0.23221152871962494,8.0,4.0,0.8788671493530273,7.0
q24496b6c40,test,native_model,Comment supprimer tous les téléphones Bluetooth enregistrés et les contacts de l'autoradio de ma Crossland ?,none,1,True,False,1.0,1.0,0.0,0.0,1.0,1.0,1.0,1.0,1.0,7.0
q24496b6c40,test,native_full,Comment supprimer tous les téléphones Bluetooth enregistrés et les contacts de l'autoradio de ma Opel Crossland (2017) ?,none,1,True,False,1.0,1.0,1.0,0.0,1.0,1.0,1.0,1.0,1.0,9.0
q93f922bae9,test,native_plain,Comment ajouter une étape à son trajet lorsque le GPS est déjà en train de nous guider ?,vehicle,157,True,True,0.0,0.0,0.0,0.8637863459761129,0.17339190983088812,0.011832066615408207,7.0,3.0,0.8574224710464478,6.0
q93f922bae9,test,native_brand,Comment ajouter une étape à son trajet sur mon Opel lorsque le GPS est déjà en train de nous guider ?,model,4,True,True,0.0,0.0,1.0,0.8593705117448898,0.1755940854155864,0.011412374143407357,7.0,4.0,0.8426327705383301,7.0
q93f922bae9,test,native_model,Comment ajouter une étape à son trajet sur mon Crossland lorsque le GPS est déjà en train de nous guider ?,none,1,True,False,1.0,1.0,0.0,0.0,1.0,1.0,1.0,1.0,1.0,7.0
q93f922bae9,test,native_full,Comment ajouter une étape à son trajet sur mon Opel Crossland (2017) lorsque le GPS est déjà en train de nous guider ?,none,1,True,False,1.0,1.0,1.0,0.0,1.0,1.0,1.0,1.0,1.0,9.0
qda0ca1daa4,dev,native_plain,Où peut-on voir l'heure d'arrivée estimée et la distance qu'il reste à parcourir sur la carte du GPS ?,vehicle,157,True,True,0.0,0.0,0.0,0.9449910676891567,0.07859833838767116,0.31661433364175445,7.0,3.0,0.9036756753921509,9.0
qda0ca1daa4,dev,native_brand,Où peut-on voir l'heure d'arrivée estimée et la distance qu'il reste à parcourir sur la carte du GPS de ma Opel ?,model,4,True,True,0.0,0.0,1.0,0.9395148773765357,0.06218643194696371,0.019631202993814493,8.0,3.0,0.8776236772537231,10.0
qda0ca1daa4,dev,native_model,Où peut-on voir l'heure d'arrivée estimée et la distance qu'il reste à parcourir sur la carte du GPS de ma Crossland ?,none,1,True,False,1.0,1.0,0.0,0.0,1.0,1.0,1.0,1.0,1.0,10.0
qda0ca1daa4,dev,native_full,Où peut-on voir l'heure d'arrivée estimée et la distance qu'il reste à parcourir sur la carte du GPS de ma Opel Crossland (2017) ?,none,1,True,False,1.0,1.0,1.0,0.0,1.0,1.0,1.0,1.0,1.0,12.0
q6332a5ac39,test,native_plain,Comment retirer un appareil Bluetooth de la liste des téléphones enregistrés ?,vehicle,157,True,True,0.0,0.0,0.0,0.9098887559768191,0.14147044131220318,0.5370514567929405,8.0,4.0,0.8976019024848938,6.0
q6332a5ac39,test,native_brand,Comment retirer un appareil Bluetooth de la liste des téléphones enregistrés sur ma Opel ?,model,4,True,True,0.0,0.0,1.0,0.9067406266134482,0.15519105234502517,0.5608693416678406,9.0,4.0,0.9304550290107727,7.0
q6332a5ac39,test,native_model,Comment retirer un appareil Bluetooth de la liste des téléphones enregistrés sur ma Crossland ?,none,1,True,False,1.0,1.0,0.0,0.0,1.0,1.0,1.0,1.0,1.0,7.0
q6332a5ac39,test,native_full,Comment retirer un appareil Bluetooth de la liste des téléphones enregistrés sur ma Opel Crossland (2017) ?,none,1,True,False,1.0,1.0,1.0,0.0,1.0,1.0,1.0,1.0,1.0,9.0
qd4eab0f53b,dev,native_plain,Comment améliorer le rendu sonore quand on écoute la musique à faible volume ?,vehicle,157,False,False,0.0,0.0,0.0,0.9584274444442215,0.06413876183623744,0.3604836897493816,9.0,7.0,0.8222106099128723,7.0
qd4eab0f53b,dev,native_brand,Comment améliorer le rendu sonore quand on écoute la musique à faible volume sur ma Opel ?,model,4,False,False,0.0,0.0,1.0,0.9393017175608218,0.06696026539259832,0.0015441620201399689,9.0,8.0,0.8176227807998657,8.0
qd4eab0f53b,dev,native_model,Comment améliorer le rendu sonore quand on écoute la musique à faible volume sur ma Crossland ?,none,1,False,False,1.0,1.0,0.0,0.0,1.0,1.0,1.0,1.0,1.0,8.0
qd4eab0f53b,dev,native_full,Comment améliorer le rendu sonore quand on écoute la musique à faible volume sur ma Opel Crossland (2017) ?,none,1,False,False,1.0,1.0,1.0,0.0,1.0,1.0,1.0,1.0,1.0,10.0
q9e22a955d4,test,native_plain,Quelles informations concernant la batterie et la distance restante sont gardées en mémoire sur les versions électriques ?,vehicle,157,True,True,0.0,0.0,0.0,0.9602908804282727,0.05000645439303129,0.10330866190698312,9.0,6.0,0.8476184606552124,9.0
q9e22a955d4,test,native_brand,Quelles informations concernant la batterie et la distance restante sont gardées en mémoire sur les versions électriques de ma Opel ?,model,4,True,True,0.0,0.0,1.0,0.9266380898765354,0.09519305930253916,0.21621466565417827,9.0,4.0,0.8223589062690735,10.0
q9e22a955d4,test,native_model,Quelles informations concernant la batterie et la distance restante sont gardées en mémoire sur les versions électriques de ma Mokka ?,none,1,True,False,1.0,1.0,0.0,0.0,1.0,1.0,1.0,1.0,1.0,10.0
q9e22a955d4,test,native_full,Quelles informations concernant la batterie et la distance restante sont gardées en mémoire sur les versions électriques de ma Opel Mokka (2021) ?,none,1,True,False,1.0,1.0,1.0,0.0,1.0,1.0,1.0,1.0,1.0,12.0
q9cd4afdc2d,test,native_plain,Comment faire pour baisser l'appuie-tête ?,vehicle,157,False,False,0.0,0.0,0.0,0.963314366506536,0.04493543496428668,0.028440040733655556,9.0,5.0,0.9078998565673828,3.0
q9cd4afdc2d,test,native_brand,Comment faire pour baisser l'appuie-tête sur mon Opel ?,model,4,False,False,0.0,0.0,1.0,0.9673441488138411,0.037193632095114094,0.03720625464307044,8.0,5.0,0.9004338383674622,4.0
q9cd4afdc2d,test,native_model,Comment faire pour baisser l'appuie-tête sur mon Mokka ?,none,1,False,False,1.0,1.0,0.0,0.0,1.0,1.0,1.0,1.0,1.0,4.0
q9cd4afdc2d,test,native_full,Comment faire pour baisser l'appuie-tête sur mon Opel Mokka (2021) ?,none,1,False,False,1.0,1.0,1.0,0.0,1.0,1.0,1.0,1.0,1.0,6.0
q49999c2b07,test,native_plain,Quel est le couple de serrage recommandé pour les boulons de roues ?,vehicle,157,True,True,0.0,0.0,0.0,0.9006452717500855,0.08929245456228929,0.03452249180994072,7.0,3.0,0.9454139471054077,5.0
q49999c2b07,test,native_brand,Quel est le couple de serrage recommandé pour les boulons de roues sur ma Opel ?,model,4,True,True,0.0,0.0,1.0,0.899958530247339,0.0890621640879921,0.03890741814590433,8.0,4.0,0.9454139471054077,6.0
q49999c2b07,test,native_model,Quel est le couple de serrage recommandé pour les boulons de roues sur ma Mokka ?,none,1,True,False,1.0,1.0,0.0,0.0,1.0,1.0,1.0,1.0,1.0,6.0
q49999c2b07,test,native_full,Quel est le couple de serrage recommandé pour les boulons de roues sur ma Opel Mokka (2021) ?,none,1,True,False,1.0,1.0,1.0,0.0,1.0,1.0,1.0,1.0,1.0,8.0
qf7de33e91e,dev,native_plain,Comment réagir si la remorque se met à osciller derrière la voiture ?,vehicle,157,False,False,0.0,0.0,0.0,0.9143453291795369,0.0824620244400926,0.011034954555744676,7.0,4.0,0.9359573125839233,6.0
qf7de33e91e,dev,native_brand,Comment réagir si la remorque se met à osciller derrière mon Opel ?,model,4,False,False,0.0,0.0,1.0,0.9451053384165925,0.060694118136490297,0.0026381034488052175,6.0,3.0,0.9359573125839233,6.0
qf7de33e91e,dev,native_model,Comment réagir si la remorque se met à osciller derrière mon Mokka ?,none,1,False,False,1.0,1.0,0.0,0.0,1.0,1.0,1.0,1.0,1.0,6.0
qf7de33e91e,dev,native_full,Comment réagir si la remorque se met à osciller derrière mon Opel Mokka (2021) ?,none,1,False,False,1.0,1.0,1.0,0.0,1.0,1.0,1.0,1.0,1.0,8.0
qe7c377790d,dev,native_plain,Quelles informations s'affichent sur l'écran d'information ?,vehicle,157,False,False,0.0,0.0,0.0,0.9557858263876714,0.06225780253455127,0.24953526376851182,9.0,7.0,0.8511983752250671,4.0
qe7c377790d,dev,native_brand,Quelles informations s'affichent sur l'écran d'information de ma Opel ?,model,4,False,False,0.0,0.0,1.0,0.8398487194373827,0.15575979829498596,0.01252619324450348,4.0,1.0,0.837541937828064,5.0
qe7c377790d,dev,native_model,Quelles informations s'affichent sur l'écran d'information de ma Mokka ?,none,1,False,False,1.0,1.0,0.0,0.0,1.0,1.0,1.0,1.0,1.0,5.0
qe7c377790d,dev,native_full,Quelles informations s'affichent sur l'écran d'information de ma Opel Mokka (2021) ?,none,1,False,False,1.0,1.0,1.0,0.0,1.0,1.0,1.0,1.0,1.0,7.0
qc120411f76,dev,native_plain,De combien la vitesse programmée est-elle modifiée par un appui court sur le bouton du régulateur ?,vehicle,157,True,True,0.0,0.0,0.0,0.881442338114249,0.15558227348306256,0.5242352603257316,9.0,6.0,0.9048126935958862,8.0
qc120411f76,dev,native_brand,De combien la vitesse programmée est-elle modifiée par un appui court sur le bouton du régulateur de ma Opel ?,model,4,True,True,0.0,0.0,1.0,0.8852293664118136,0.1570240158105608,0.5739545212004912,7.0,3.0,0.8902403116226196,9.0
qc120411f76,dev,native_model,De combien la vitesse programmée est-elle modifiée par un appui court sur le bouton du régulateur de ma Mokka ?,none,1,True,False,1.0,1.0,0.0,0.0,1.0,1.0,1.0,1.0,1.0,9.0
qc120411f76,dev,native_full,De combien la vitesse programmée est-elle modifiée par un appui court sur le bouton du régulateur de ma Opel Mokka (2021) ?,none,1,True,False,1.0,1.0,1.0,0.0,1.0,1.0,1.0,1.0,1.0,11.0
qe3d9dc7911,dev,native_plain,À partir de quelle vitesse est-il conseillé de fermer les fenêtres et d'utiliser les aérateurs pour moins consommer ?,vehicle,157,False,False,0.0,0.0,0.0,0.9712903724189991,0.03684053456223815,0.008959832390755616,10.0,5.0,0.9294562339782715,8.0
qe3d9dc7911,dev,native_brand,À partir de quelle vitesse est-il conseillé de fermer les fenêtres et d'utiliser les aérateurs sur ma Peugeot pour moins consommer ?,model,10,False,False,1.0,1.0,1.0,0.0,1.0,1.0,1.0,1.0,1.0,9.0
qe3d9dc7911,dev,native_model,À partir de quelle vitesse est-il conseillé de fermer les fenêtres et d'utiliser les aérateurs sur ma 107 pour moins consommer ?,none,1,False,False,1.0,1.0,0.0,0.0,1.0,1.0,1.0,1.0,1.0,9.0
qe3d9dc7911,dev,native_full,À partir de quelle vitesse est-il conseillé de fermer les fenêtres et d'utiliser les aérateurs sur ma Peugeot 107 (2005-2014) pour moins consommer ?,none,1,False,False,1.0,1.0,1.0,0.0,1.0,1.0,1.0,1.0,1.0,12.0
q275ea6b09c,test,native_plain,Est-il normal d'avoir de la buée à l'intérieur des phares ?,vehicle,157,False,False,0.0,0.0,0.0,0.9653912754811285,0.041901467997010416,0.13506834719815874,9.0,5.0,0.8511654734611511,5.0
q275ea6b09c,test,native_brand,Est-il normal d'avoir de la buée à l'intérieur des phares de ma Peugeot ?,model,10,False,False,0.0,0.0,1.0,0.9687999296863441,0.04181208233345675,0.18117509302870574,9.0,6.0,0.8468343019485474,6.0
q275ea6b09c,test,native_model,Est-il normal d'avoir de la buée à l'intérieur des phares de ma 107 ?,none,1,False,False,1.0,1.0,0.0,0.0,1.0,1.0,1.0,1.0,1.0,6.0
q275ea6b09c,test,native_full,Est-il normal d'avoir de la buée à l'intérieur des phares de ma Peugeot 107 (2005-2014) ?,none,1,False,False,1.0,1.0,1.0,0.0,1.0,1.0,1.0,1.0,1.0,9.0
q2efedf06c6,test,native_plain,Comment faire pour écouter seulement le début de chaque piste d'un CD ?,vehicle,157,False,False,0.0,0.0,0.0,0.8637616103948037,0.13163269430802993,0.25029727100357857,7.0,7.0,0.8727346658706665,5.0
q2efedf06c6,test,native_brand,Comment faire pour écouter seulement le début de chaque piste d'un CD sur ma Peugeot ?,model,10,False,False,0.0,0.0,1.0,0.8336156236916792,0.1609142733149265,0.07956573362226321,6.0,6.0,0.8577774167060852,6.0
q2efedf06c6,test,native_model,Comment faire pour écouter seulement le début de chaque piste d'un CD sur ma 107 ?,none,1,False,False,1.0,1.0,0.0,0.0,1.0,1.0,1.0,1.0,1.0,6.0
q2efedf06c6,test,native_full,Comment faire pour écouter seulement le début de chaque piste d'un CD sur ma Peugeot 107 (2005-2014) ?,none,1,False,False,1.0,1.0,1.0,0.0,1.0,1.0,1.0,1.0,1.0,9.0
qed6d92e4b8,dev,native_plain,Comment ouvrir le bouchon du réservoir sous pression sans se brûler ?,vehicle,157,False,False,0.0,0.0,0.0,0.941393481639302,0.0606824510578511,0.018363595928758945,9.0,5.0,0.892885684967041,5.0
qed6d92e4b8,dev,native_brand,Comment ouvrir le bouchon du réservoir sous pression sur ma Peugeot sans se brûler ?,model,10,False,False,0.0,0.0,1.0,0.9399258225439815,0.05931859710151649,0.001822387401427233,9.0,6.0,0.8992118835449219,6.0
qed6d92e4b8,dev,native_model,Comment ouvrir le bouchon du réservoir sous pression sur ma 107 sans se brûler ?,none,1,False,False,1.0,1.0,0.0,0.0,1.0,1.0,1.0,1.0,1.0,6.0
qed6d92e4b8,dev,native_full,Comment ouvrir le bouchon du réservoir sous pression sur ma Peugeot 107 (2005-2014) sans se brûler ?,none,1,False,False,1.0,1.0,1.0,0.0,1.0,1.0,1.0,1.0,1.0,9.0
qa96aeb56f3,test,native_plain,Peut-on installer une nacelle pour bébé sur le siège passager avant ?,vehicle,157,True,True,0.0,0.0,0.0,0.9590473625536705,0.05701071425423879,0.18014244175712188,10.0,5.0,0.9169512987136841,5.0
qa96aeb56f3,test,native_brand,Peut-on installer une nacelle pour bébé sur le siège passager avant de ma Peugeot ?,model,10,True,True,0.0,0.0,1.0,0.9550848411285452,0.05513708592896515,0.03538288085088185,9.0,3.0,0.9198333621025085,6.0
qa96aeb56f3,test,native_model,Peut-on installer une nacelle pour bébé sur le siège passager avant de ma 107 ?,none,1,True,False,1.0,1.0,0.0,0.0,1.0,1.0,1.0,1.0,1.0,6.0
qa96aeb56f3,test,native_full,Peut-on installer une nacelle pour bébé sur le siège passager avant de ma Peugeot 107 (2005-2014) ?,none,1,True,False,1.0,1.0,1.0,0.0,1.0,1.0,1.0,1.0,1.0,9.0
q5b5e64420a,test,native_plain,Où se trouve le filtre d'habitacle ?,vehicle,157,True,True,0.0,0.0,0.0,0.9414832326191337,0.08192724839796386,0.42747835474876894,9.0,5.0,0.8467380404472351,3.0
q5b5e64420a,test,native_brand,Où se trouve le filtre d'habitacle sur ma Peugeot ?,model,10,True,True,0.0,0.0,1.0,0.9564563497433127,0.07427346857934669,0.4389979335144361,10.0,6.0,0.845504641532898,4.0
q5b5e64420a,test,native_model,Où se trouve le filtre d'habitacle sur ma 107 ?,none,1,True,False,1.0,1.0,0.0,0.0,1.0,1.0,1.0,1.0,1.0,4.0
q5b5e64420a,test,native_full,Où se trouve le filtre d'habitacle sur ma Peugeot 107 (2005-2014) ?,none,1,True,False,1.0,1.0,1.0,0.0,1.0,1.0,1.0,1.0,1.0,7.0
qb9a39bace6,dev,native_plain,Est-il nécessaire de remplacer les essuie-glaces s'ils font du bruit après un passage au lavage automatique ?,vehicle,157,False,False,0.0,0.0,0.0,0.9578934788652589,0.044551905876394016,0.036929187810441286,10.0,8.0,0.9212225675582886,9.0
qb9a39bace6,dev,native_brand,Est-il nécessaire de remplacer les essuie-glaces de ma Peugeot s'ils font du bruit après un passage au lavage automatique ?,model,10,False,False,0.0,0.0,1.0,0.9647331595532407,0.045796891390419814,0.002389616800342409,9.0,9.0,0.8788188695907593,10.0
qb9a39bace6,dev,native_model,Est-il nécessaire de remplacer les essuie-glaces de ma 2008 s'ils font du bruit après un passage au lavage automatique ?,none,1,False,False,1.0,1.0,0.0,0.0,1.0,1.0,1.0,1.0,1.0,10.0
qb9a39bace6,dev,native_full,Est-il nécessaire de remplacer les essuie-glaces de ma Peugeot 2008 (2019) s'ils font du bruit après un passage au lavage automatique ?,none,1,False,False,1.0,1.0,1.0,0.0,1.0,1.0,1.0,1.0,1.0,12.0
qd6a78a045e,dev,native_plain,Combien de temps le freinage automatique reste-t-il actif après l'arrêt complet de la voiture ?,vehicle,157,True,True,0.0,0.0,0.0,0.9502532416766453,0.0587708370072656,0.16768359578808228,10.0,8.0,0.8787696957588196,9.0
qd6a78a045e,dev,native_brand,Combien de temps le freinage automatique reste-t-il actif après l'arrêt complet de ma Peugeot ?,model,10,True,True,0.0,0.0,1.0,0.9487579626157346,0.06858116373345337,0.1555853475938929,9.0,7.0,0.860983669757843,9.0
qd6a78a045e,dev,native_model,Combien de temps le freinage automatique reste-t-il actif après l'arrêt complet de ma 2008 ?,none,1,True,False,1.0,1.0,0.0,0.0,1.0,1.0,1.0,1.0,1.0,9.0
qd6a78a045e,dev,native_full,Combien de temps le freinage automatique reste-t-il actif après l'arrêt complet de ma Peugeot 2008 (2019) ?,none,1,True,False,1.0,1.0,1.0,0.0,1.0,1.0,1.0,1.0,1.0,11.0
q4eef5cd376,test,native_plain,Que se passe-t-il en mode ECO quand on lâche l'accélérateur avec la boîte automatique EAT8 ?,vehicle,157,True,True,0.0,0.0,0.0,0.9525214415261508,0.06073547820561992,0.12401230507130073,10.0,6.0,0.8735748529434204,8.0
q4eef5cd376,test,native_brand,Que se passe-t-il en mode ECO quand on lâche l'accélérateur avec la boîte automatique EAT8 sur ma Peugeot ?,model,10,True,True,0.0,0.0,1.0,0.9429697854992386,0.05873421550480083,0.07008450571169489,9.0,6.0,0.8822987675666809,9.0
q4eef5cd376,test,native_model,Que se passe-t-il en mode ECO quand on lâche l'accélérateur avec la boîte automatique EAT8 sur ma 2008 ?,none,1,True,False,1.0,1.0,0.0,0.0,1.0,1.0,1.0,1.0,1.0,9.0
q4eef5cd376,test,native_full,Que se passe-t-il en mode ECO quand on lâche l'accélérateur avec la boîte automatique EAT8 sur ma Peugeot 2008 (2019) ?,none,1,True,False,1.0,1.0,1.0,0.0,1.0,1.0,1.0,1.0,1.0,11.0
qbb93500839,dev,native_plain,Faut-il débrancher la batterie avant de la recharger avec un chargeur ?,vehicle,157,True,True,0.0,0.0,0.0,0.9517745821234775,0.05759330298112771,0.171169442735295,9.0,2.0,0.9363104701042175,4.0
qbb93500839,dev,native_brand,Faut-il débrancher la batterie de ma Peugeot avant de la recharger avec un chargeur ?,model,10,True,True,0.0,0.0,1.0,0.9384266354255544,0.07395638369602657,0.14879026174615848,7.0,2.0,0.9457095861434937,5.0
qbb93500839,dev,native_model,Faut-il débrancher la batterie de ma 2008 avant de la recharger avec un chargeur ?,none,1,True,False,1.0,1.0,0.0,0.0,1.0,1.0,1.0,1.0,1.0,5.0
qbb93500839,dev,native_full,Faut-il débrancher la batterie de ma Peugeot 2008 (2019) avant de la recharger avec un chargeur ?,none,1,True,False,1.0,1.0,1.0,0.0,1.0,1.0,1.0,1.0,1.0,7.0
q203a7d0b40,test,native_plain,Quelle commande vocale faut-il utiliser pour écouter le dernier SMS reçu ?,vehicle,157,True,True,0.0,0.0,0.0,0.9383008212932598,0.07637098312521633,0.2758902439535918,9.0,6.0,0.889972984790802,7.0
q203a7d0b40,test,native_brand,Quelle commande vocale faut-il utiliser pour écouter le dernier SMS reçu sur mon Peugeot ?,model,10,True,True,0.0,0.0,1.0,0.9520357527512584,0.07141354770613988,0.052978060880945914,9.0,4.0,0.851556658744812,8.0
q203a7d0b40,test,native_model,Quelle commande vocale faut-il utiliser pour écouter le dernier SMS reçu sur mon 2008 ?,none,1,True,False,1.0,1.0,0.0,0.0,1.0,1.0,1.0,1.0,1.0,8.0
q203a7d0b40,test,native_full,Quelle commande vocale faut-il utiliser pour écouter le dernier SMS reçu sur mon Peugeot 2008 (2019) ?,none,1,True,False,1.0,1.0,1.0,0.0,1.0,1.0,1.0,1.0,1.0,10.0
q52ff18ed9c,test,native_plain,Combien de temps faut-il attendre après l'arrêt du moteur avant d'intervenir sur le circuit de refroidissement ?,vehicle,157,False,False,0.0,0.0,0.0,0.9378536669734101,0.075431496562784,0.13145508105798187,9.0,5.0,0.9067438244819641,8.0
q52ff18ed9c,test,native_brand,Combien de temps faut-il attendre après l'arrêt du moteur avant d'intervenir sur le circuit de refroidissement de ma Peugeot ?,model,10,False,False,0.0,0.0,1.0,0.9580906746057487,0.054825349950139164,0.1872140551269884,10.0,7.0,0.9067438840866089,9.0
q52ff18ed9c,test,native_model,Combien de temps faut-il attendre après l'arrêt du moteur avant d'intervenir sur le circuit de refroidissement de ma 2008 ?,none,1,False,False,1.0,1.0,0.0,0.0,1.0,1.0,1.0,1.0,1.0,9.0
q52ff18ed9c,test,native_full,Combien de temps faut-il attendre après l'arrêt du moteur avant d'intervenir sur le circuit de refroidissement de ma Peugeot 2008 (2019) ?,none,1,False,False,1.0,1.0,1.0,0.0,1.0,1.0,1.0,1.0,1.0,11.0
qd42364e811,dev,native_plain,Comment savoir si le radar de recul est en panne ?,vehicle,157,False,False,0.0,0.0,0.0,0.9460923366345029,0.05894548797623595,0.009329093238587058,9.0,6.0,0.8812991380691528,4.0
qd42364e811,dev,native_brand,Comment savoir si le radar de recul de ma Peugeot est en panne ?,model,10,False,False,0.0,0.0,1.0,0.9517655593516313,0.058911025406650386,0.1526250597778138,9.0,6.0,0.9114119410514832,5.0
qd42364e811,dev,native_model,Comment savoir si le radar de recul de ma 208 est en panne ?,none,1,False,False,1.0,1.0,0.0,0.0,1.0,1.0,1.0,1.0,1.0,5.0
qd42364e811,dev,native_full,Comment savoir si le radar de recul de ma Peugeot 208 (2023) est en panne ?,none,1,False,False,1.0,1.0,1.0,0.0,1.0,1.0,1.0,1.0,1.0,7.0
q88dc963ed8,test,native_plain,Comment faire pour verrouiller le coffre si la fermeture centralisée ne fonctionne plus ?,vehicle,157,True,True,0.0,0.0,0.0,0.9346887441685122,0.08457722444897811,0.1476729419113608,10.0,6.0,0.9001395106315613,5.0
q88dc963ed8,test,native_brand,Comment faire pour verrouiller le coffre de ma Peugeot si la fermeture centralisée ne fonctionne plus ?,model,10,True,True,0.0,0.0,1.0,0.9242920727706029,0.08295167142027429,0.24097028916931854,9.0,3.0,0.9264600872993469,6.0
q88dc963ed8,test,native_model,Comment faire pour verrouiller le coffre de ma 208 si la fermeture centralisée ne fonctionne plus ?,none,1,True,False,1.0,1.0,0.0,0.0,1.0,1.0,1.0,1.0,1.0,6.0
q88dc963ed8,test,native_full,Comment faire pour verrouiller le coffre de ma Peugeot 208 (2023) si la fermeture centralisée ne fonctionne plus ?,none,1,True,False,1.0,1.0,1.0,0.0,1.0,1.0,1.0,1.0,1.0,8.0
q6b8ca19ca9,test,native_plain,Combien de carburant reste-t-il dans le réservoir lorsque le voyant de réserve s'allume pour la première fois ?,vehicle,157,True,True,0.0,0.0,0.0,0.9642740098941897,0.041160798329815514,0.02939708263723895,9.0,5.0,0.8966220617294312,9.0
q6b8ca19ca9,test,native_brand,Combien de carburant reste-t-il dans le réservoir lorsque le voyant de réserve s'allume pour la première fois sur ma Peugeot ?,model,10,True,True,0.0,0.0,1.0,0.9648934996458663,0.04016818542718259,0.038981957794124854,10.0,5.0,0.9211470484733582,10.0
q6b8ca19ca9,test,native_model,Combien de carburant reste-t-il dans le réservoir lorsque le voyant de réserve s'allume pour la première fois sur ma 208 ?,none,1,True,False,1.0,1.0,0.0,0.0,1.0,1.0,1.0,1.0,1.0,10.0
q6b8ca19ca9,test,native_full,Combien de carburant reste-t-il dans le réservoir lorsque le voyant de réserve s'allume pour la première fois sur ma Peugeot 208 (2023) ?,none,1,True,False,1.0,1.0,1.0,0.0,1.0,1.0,1.0,1.0,1.0,12.0
q4073c1beda,test,native_plain,Que faire si le témoin de dysfonctionnement grave du sélecteur de vitesse s'allume ?,vehicle,157,True,True,0.0,0.0,0.0,0.9400555755798722,0.07642069519575943,0.14459002811780863,9.0,5.0,0.9211775660514832,6.0
q4073c1beda,test,native_brand,Que faire si le témoin de dysfonctionnement grave du sélecteur de vitesse s'allume sur ma Peugeot ?,model,10,True,True,0.0,0.0,1.0,0.8890206217937235,0.15041754228540574,0.4460926085022312,9.0,4.0,0.9254118800163269,7.0
q4073c1beda,test,native_model,Que faire si le témoin de dysfonctionnement grave du sélecteur de vitesse s'allume sur ma 208 ?,none,1,True,False,1.0,1.0,0.0,0.0,1.0,1.0,1.0,1.0,1.0,7.0
q4073c1beda,test,native_full,Que faire si le témoin de dysfonctionnement grave du sélecteur de vitesse s'allume sur ma Peugeot 208 (2023) ?,none,1,True,False,1.0,1.0,1.0,0.0,1.0,1.0,1.0,1.0,1.0,9.0
q256a84688c,test,native_plain,Comment décrocher un appel entrant en utilisant les boutons du volant ?,vehicle,157,False,False,0.0,0.0,0.0,0.9411975755528402,0.059762310808333344,0.05787751529445346,9.0,8.0,0.8959129452705383,6.0
q256a84688c,test,native_brand,Comment décrocher un appel entrant en utilisant les boutons du volant sur ma Peugeot ?,model,10,False,False,0.0,0.0,1.0,0.9379645550752428,0.07359887244607295,0.11681225440830148,8.0,6.0,0.8735215067863464,7.0
q256a84688c,test,native_model,Comment décrocher un appel entrant en utilisant les boutons du volant sur ma 208 ?,none,1,False,False,1.0,1.0,0.0,0.0,1.0,1.0,1.0,1.0,1.0,7.0
q256a84688c,test,native_full,Comment décrocher un appel entrant en utilisant les boutons du volant sur ma Peugeot 208 (2023) ?,none,1,False,False,1.0,1.0,1.0,0.0,1.0,1.0,1.0,1.0,1.0,9.0
q1fa741fac7,test,native_plain,Que faut-il éviter de brancher sur la prise USB pour ne pas endommager le système ?,vehicle,157,False,False,0.0,0.0,0.0,0.9503576590596647,0.06296207674406482,0.17891196980557197,8.0,3.0,0.8739861249923706,6.0
q1fa741fac7,test,native_brand,Que faut-il éviter de brancher sur la prise USB pour ne pas endommager le système de ma Peugeot ?,model,10,False,False,0.0,0.0,1.0,0.9400925135853622,0.058764577845571174,0.09486705347991885,9.0,4.0,0.8811259269714355,7.0
q1fa741fac7,test,native_model,Que faut-il éviter de brancher sur la prise USB pour ne pas endommager le système de ma 208 ?,none,1,False,False,1.0,1.0,0.0,0.0,1.0,1.0,1.0,1.0,1.0,7.0
q1fa741fac7,test,native_full,Que faut-il éviter de brancher sur la prise USB pour ne pas endommager le système de ma Peugeot 208 (2023) ?,none,1,False,False,1.0,1.0,1.0,0.0,1.0,1.0,1.0,1.0,1.0,9.0
q67d68fb26e,test,native_plain,What should I do if my USB drive takes several minutes to start playing music?,vehicle,157,False,False,0.0,0.0,0.0,0.8104169637150395,0.17790312467326072,0.1881026669333546,6.0,3.0,0.8570767641067505,8.0
q67d68fb26e,test,native_brand,What should I do if my USB drive takes several minutes to start playing music in my Peugeot?,model,10,False,False,0.0,0.0,1.0,0.8164300522492387,0.2261677263005114,0.422805786074314,6.0,4.0,0.8041655421257019,9.0
q67d68fb26e,test,native_model,What should I do if my USB drive takes several minutes to start playing music in my 3008?,none,1,False,False,1.0,1.0,0.0,0.0,1.0,1.0,1.0,1.0,1.0,9.0
q67d68fb26e,test,native_full,What should I do if my USB drive takes several minutes to start playing music in my Peugeot 3008 (2018)?,none,1,False,False,1.0,1.0,1.0,0.0,1.0,1.0,1.0,1.0,1.0,11.0
q1f22134a0c,test,native_plain,At what speed does the deactivated ESC system automatically turn back on?,vehicle,157,True,True,0.0,0.0,0.0,0.9204597858845444,0.07792492789467141,0.1373115700958902,9.0,7.0,0.8385626673698425,7.0
q1f22134a0c,test,native_brand,At what speed does the deactivated ESC system automatically turn back on in my Peugeot?,model,10,True,True,0.0,0.0,1.0,0.9201246914202222,0.11543638535945999,0.47836691158573785,8.0,5.0,0.8169735670089722,8.0
q1f22134a0c,test,native_model,At what speed does the deactivated ESC system automatically turn back on in my 3008?,none,1,True,False,1.0,1.0,0.0,0.0,1.0,1.0,1.0,1.0,1.0,8.0
q1f22134a0c,test,native_full,At what speed does the deactivated ESC system automatically turn back on in my Peugeot 3008 (2018)?,none,1,True,False,1.0,1.0,1.0,0.0,1.0,1.0,1.0,1.0,1.0,10.0
q9f26ab1e50,test,native_plain,Why does the radio volume get limited or the screen turn off when it is very hot?,vehicle,157,False,False,0.0,0.0,0.0,0.8903337750954443,0.1240605189114575,0.13392370925635047,10.0,7.0,0.8310233950614929,7.0
q9f26ab1e50,test,native_brand,Why does the radio volume get limited or the screen turn off when it is very hot in my Peugeot?,model,10,False,False,0.0,0.0,1.0,0.8750321507735994,0.15172977989883363,0.36237260287724915,8.0,5.0,0.831039309501648,8.0
q9f26ab1e50,test,native_model,Why does the radio volume get limited or the screen turn off when it is very hot in my 3008?,none,1,False,False,1.0,1.0,0.0,0.0,1.0,1.0,1.0,1.0,1.0,8.0
q9f26ab1e50,test,native_full,Why does the radio volume get limited or the screen turn off when it is very hot in my Peugeot 3008 (2018)?,none,1,False,False,1.0,1.0,1.0,0.0,1.0,1.0,1.0,1.0,1.0,10.0
qb1ba4319de,test,native_plain,What should I do if the steering wheel is locked and prevents the engine from starting?,vehicle,157,False,False,0.0,0.0,0.0,0.8698381273713142,0.14678233728774048,0.4500813412655582,7.0,5.0,0.8459264039993286,6.0
qb1ba4319de,test,native_brand,"On my Peugeot, what should I do if the steering wheel is locked and prevents the engine from starting?",model,10,False,False,0.0,0.0,1.0,0.9017865148939895,0.1217477358091149,0.13817910555413404,8.0,4.0,0.8523572087287903,7.0
qb1ba4319de,test,native_model,"On my 3008, what should I do if the steering wheel is locked and prevents the engine from starting?",none,1,False,False,1.0,1.0,0.0,0.0,1.0,1.0,1.0,1.0,1.0,7.0
qb1ba4319de,test,native_full,"On my Peugeot 3008 (2018), what should I do if the steering wheel is locked and prevents the engine from starting?",none,1,False,False,1.0,1.0,1.0,0.0,1.0,1.0,1.0,1.0,1.0,9.0
qeecc9221cc,dev,native_plain,How do you remove the key from the remote control on a model with keyless entry?,vehicle,157,True,True,0.0,0.0,0.0,0.8197365169515158,0.2010457600348768,0.26173457117051824,4.0,3.0,0.851690948009491,7.0
qeecc9221cc,dev,native_brand,How do you remove the key from the remote control on a Peugeot with keyless entry?,model,10,True,True,0.0,0.0,1.0,0.803778205849748,0.23159325582171267,0.32481768514114473,4.0,2.0,0.8396390676498413,7.0
qeecc9221cc,dev,native_model,How do you remove the key from the remote control on a 3008 with keyless entry?,none,1,True,False,1.0,1.0,0.0,0.0,1.0,1.0,1.0,1.0,1.0,7.0
qeecc9221cc,dev,native_full,How do you remove the key from the remote control on a Peugeot 3008 (2018) with keyless entry?,none,1,True,False,1.0,1.0,1.0,0.0,1.0,1.0,1.0,1.0,1.0,9.0
q2538405f31,test,native_plain,Where can I turn the automatic trunk opening on or off?,vehicle,157,True,True,0.0,0.0,0.0,0.8265277345381258,0.21786905382385277,0.3118668489550433,5.0,3.0,0.8688387870788574,4.0
q2538405f31,test,native_brand,Where can I turn the automatic trunk opening on or off on my Peugeot?,model,10,True,True,0.0,0.0,1.0,0.8634003743861997,0.14531114065088763,0.36069173870689614,6.0,4.0,0.8688387870788574,5.0
q2538405f31,test,native_model,Where can I turn the automatic trunk opening on or off on my 3008?,none,1,True,False,1.0,1.0,0.0,0.0,1.0,1.0,1.0,1.0,1.0,5.0
q2538405f31,test,native_full,Where can I turn the automatic trunk opening on or off on my Peugeot 3008 (2018)?,none,1,True,False,1.0,1.0,1.0,0.0,1.0,1.0,1.0,1.0,1.0,7.0
qc306c1aa4b,dev,native_plain,Que faire si l'on souhaite se connecter au Wi-Fi alors qu'un téléphone utilise déjà le Mirror Screen sans fil ?,vehicle,157,True,True,0.0,0.0,0.0,0.9076046586922601,0.08282912807089035,0.022075453973669914,9.0,4.0,0.9674190282821655,9.0
qc306c1aa4b,dev,native_brand,Que faire si l'on souhaite se connecter au Wi-Fi alors qu'un téléphone utilise déjà le Mirror Screen sans fil sur ma Peugeot ?,model,10,True,True,0.0,0.0,1.0,0.8746440511438784,0.09848849083358682,0.029656793597999945,8.0,4.0,0.9706335067749023,10.0
qc306c1aa4b,dev,native_model,Que faire si l'on souhaite se connecter au Wi-Fi alors qu'un téléphone utilise déjà le Mirror Screen sans fil sur ma 308 ?,none,1,True,False,1.0,1.0,0.0,0.0,1.0,1.0,1.0,1.0,1.0,10.0
qc306c1aa4b,dev,native_full,Que faire si l'on souhaite se connecter au Wi-Fi alors qu'un téléphone utilise déjà le Mirror Screen sans fil sur ma Peugeot 308 (2022) ?,none,1,True,False,1.0,1.0,1.0,0.0,1.0,1.0,1.0,1.0,1.0,12.0
q84898a6ccd,test,native_plain,Dans quelles situations le curseur de l'indicateur de puissance se place-t-il dans la partie CHARGE ?,vehicle,157,True,True,0.0,0.0,0.0,0.945357021189842,0.06889453175540435,0.056213529657685106,9.0,6.0,0.896105945110321,7.0
q84898a6ccd,test,native_brand,Dans quelles situations le curseur de l'indicateur de puissance se place-t-il dans la partie CHARGE sur ma Peugeot ?,model,10,True,True,0.0,0.0,1.0,0.9295655505215021,0.08209996784134882,0.06737066424454814,10.0,6.0,0.9410821795463562,8.0
q84898a6ccd,test,native_model,Dans quelles situations le curseur de l'indicateur de puissance se place-t-il dans la partie CHARGE sur ma 308 ?,none,1,True,False,1.0,1.0,0.0,0.0,1.0,1.0,1.0,1.0,1.0,8.0
q84898a6ccd,test,native_full,Dans quelles situations le curseur de l'indicateur de puissance se place-t-il dans la partie CHARGE sur ma Peugeot 308 (2022) ?,none,1,True,False,1.0,1.0,1.0,0.0,1.0,1.0,1.0,1.0,1.0,10.0
q29fd204f6c,test,native_plain,Quel est le niveau de charge recommandé pour la batterie si on laisse la voiture sans rouler pendant plusieurs semaines ?,vehicle,157,True,True,0.0,0.0,0.0,0.95521948388357,0.06003260784601993,0.24119904958145005,10.0,5.0,0.9356656074523926,10.0
q29fd204f6c,test,native_brand,Quel est le niveau de charge recommandé pour la batterie si on laisse ma Peugeot sans rouler pendant plusieurs semaines ?,model,10,True,True,0.0,0.0,1.0,0.945077155528273,0.07413399202248737,0.15527308357420552,10.0,5.0,0.9356657266616821,10.0
q29fd204f6c,test,native_model,Quel est le niveau de charge recommandé pour la batterie si on laisse ma 308 sans rouler pendant plusieurs semaines ?,none,1,True,False,1.0,1.0,0.0,0.0,1.0,1.0,1.0,1.0,1.0,10.0
q29fd204f6c,test,native_full,Quel est le niveau de charge recommandé pour la batterie si on laisse ma Peugeot 308 (2022) sans rouler pendant plusieurs semaines ?,none,1,True,False,1.0,1.0,1.0,0.0,1.0,1.0,1.0,1.0,1.0,12.0
q28ded7876e,test,native_plain,À quelle vitesse le changement de voie assisté est-il disponible ?,vehicle,157,True,True,0.0,0.0,0.0,0.9176685097595895,0.09615421626155433,0.10489500838077437,8.0,5.0,0.8874802589416504,5.0
q28ded7876e,test,native_brand,À quelle vitesse le changement de voie assisté est-il disponible sur ma Peugeot ?,model,10,True,True,0.0,0.0,1.0,0.9235474281202279,0.08557352662248816,0.0476211019857656,9.0,5.0,0.8874803781509399,6.0
q28ded7876e,test,native_model,À quelle vitesse le changement de voie assisté est-il disponible sur ma 308 ?,none,1,True,False,1.0,1.0,0.0,0.0,1.0,1.0,1.0,1.0,1.0,6.0
q28ded7876e,test,native_full,À quelle vitesse le changement de voie assisté est-il disponible sur ma Peugeot 308 (2022) ?,none,1,True,False,1.0,1.0,1.0,0.0,1.0,1.0,1.0,1.0,1.0,8.0
q74885cf8fd,test,native_plain,À quelle distance minimum du thorax doit se trouver le volant ?,vehicle,157,False,False,0.0,0.0,0.0,0.9264173305661331,0.07370644488591027,0.16660326734656436,10.0,5.0,0.9551989436149597,5.0
q74885cf8fd,test,native_brand,À quelle distance minimum du thorax doit se trouver le volant dans ma Peugeot ?,model,10,False,False,0.0,0.0,1.0,0.9420240518367903,0.06755493915142315,0.147640149124362,9.0,5.0,0.9551989436149597,6.0
q74885cf8fd,test,native_model,À quelle distance minimum du thorax doit se trouver le volant dans ma 308 ?,none,1,False,False,1.0,1.0,0.0,0.0,1.0,1.0,1.0,1.0,1.0,6.0
q74885cf8fd,test,native_full,À quelle distance minimum du thorax doit se trouver le volant dans ma Peugeot 308 (2022) ?,none,1,False,False,1.0,1.0,1.0,0.0,1.0,1.0,1.0,1.0,1.0,8.0
q5279259053,test,native_plain,Comment accéder aux outils de bord depuis la deuxième rangée de sièges ?,vehicle,157,True,True,0.0,0.0,0.0,0.8758710931495396,0.17905610151501314,0.32032463265751704,8.0,7.0,0.9096240997314453,7.0
q5279259053,test,native_brand,Comment accéder aux outils de bord depuis la deuxième rangée de sièges sur ma Peugeot ?,model,10,True,True,0.0,0.0,1.0,0.8705310383181135,0.18941770561675902,0.3575117398071834,6.0,6.0,0.8755905032157898,8.0
q5279259053,test,native_model,Comment accéder aux outils de bord depuis la deuxième rangée de sièges sur ma 308 ?,none,1,True,False,1.0,1.0,0.0,0.0,1.0,1.0,1.0,1.0,1.0,8.0
q5279259053,test,native_full,Comment accéder aux outils de bord depuis la deuxième rangée de sièges sur ma Peugeot 308 (2022) ?,none,1,True,False,1.0,1.0,1.0,0.0,1.0,1.0,1.0,1.0,1.0,10.0
q359de56b36,test,native_plain,Quel est le volume minimal de carburant à ajouter pour que l'autonomie restante se mette à jour ?,vehicle,157,True,True,0.0,0.0,0.0,0.957809581861745,0.05735825944804786,0.060082800558041,8.0,6.0,0.8879777193069458,8.0
q359de56b36,test,native_brand,Quel est le volume minimal de carburant à ajouter sur mon Peugeot pour que l'autonomie restante se mette à jour ?,model,10,True,True,0.0,0.0,1.0,0.9537711188874789,0.05876512090324792,0.02683302622375937,9.0,5.0,0.8787820935249329,9.0
q359de56b36,test,native_model,Quel est le volume minimal de carburant à ajouter sur mon 5008 pour que l'autonomie restante se mette à jour ?,none,1,True,False,1.0,1.0,0.0,0.0,1.0,1.0,1.0,1.0,1.0,9.0
q359de56b36,test,native_full,Quel est le volume minimal de carburant à ajouter sur mon Peugeot 5008 (2024) pour que l'autonomie restante se mette à jour ?,none,1,True,False,1.0,1.0,1.0,0.0,1.0,1.0,1.0,1.0,1.0,11.0
qcdeaf7bd29,dev,native_plain,À partir de quelle vitesse minimale peut-on régler le limiteur ?,vehicle,157,True,True,0.0,0.0,0.0,0.9604494402037522,0.06634346255890845,0.13917841405160844,10.0,6.0,0.9180583953857422,5.0
qcdeaf7bd29,dev,native_brand,À partir de quelle vitesse minimale peut-on régler le limiteur sur mon Peugeot ?,model,10,True,True,0.0,0.0,1.0,0.956844935269255,0.06725336988252338,0.26546587245072983,9.0,5.0,0.9405746459960938,6.0
qcdeaf7bd29,dev,native_model,À partir de quelle vitesse minimale peut-on régler le limiteur sur mon 5008 ?,none,1,True,False,1.0,1.0,0.0,0.0,1.0,1.0,1.0,1.0,1.0,6.0
qcdeaf7bd29,dev,native_full,À partir de quelle vitesse minimale peut-on régler le limiteur sur mon Peugeot 5008 (2024) ?,none,1,True,False,1.0,1.0,1.0,0.0,1.0,1.0,1.0,1.0,1.0,8.0
q398491a3a2,test,native_plain,Que dois-je faire si un message m'indique que le capteur d'aide à la conduite est occulté ?,vehicle,157,True,True,0.0,0.0,0.0,0.8640786750998323,0.15683009828571576,0.21774684842754313,6.0,3.0,0.935001015663147,6.0
q398491a3a2,test,native_brand,Que dois-je faire si un message sur ma Peugeot m'indique que le capteur d'aide à la conduite est occulté ?,model,10,True,True,0.0,0.0,1.0,0.8679017761447001,0.1494061085079311,0.2447363834346267,7.0,4.0,0.9272022247314453,7.0
q398491a3a2,test,native_model,Que dois-je faire si un message sur ma 5008 m'indique que le capteur d'aide à la conduite est occulté ?,none,1,True,False,1.0,1.0,0.0,0.0,1.0,1.0,1.0,1.0,1.0,7.0
q398491a3a2,test,native_full,Que dois-je faire si un message sur ma Peugeot 5008 (2024) m'indique que le capteur d'aide à la conduite est occulté ?,none,1,True,False,1.0,1.0,1.0,0.0,1.0,1.0,1.0,1.0,1.0,9.0
q8f6c60edc8,test,native_plain,Comment afficher l'écran avec toutes les applications sur la tablette ?,vehicle,157,True,True,0.0,0.0,0.0,0.9028909696264895,0.0884277713035078,0.22413173249155238,7.0,4.0,0.8762628436088562,4.0
q8f6c60edc8,test,native_brand,Comment afficher l'écran avec toutes les applications sur la tablette de ma Peugeot ?,model,10,True,True,0.0,0.0,1.0,0.8234273106410132,0.2748174028325236,0.7435639368277069,8.0,3.0,0.8322335481643677,5.0
q8f6c60edc8,test,native_model,Comment afficher l'écran avec toutes les applications sur la tablette de ma 5008 ?,none,1,True,False,1.0,1.0,0.0,0.0,1.0,1.0,1.0,1.0,1.0,5.0
q8f6c60edc8,test,native_full,Comment afficher l'écran avec toutes les applications sur la tablette de ma Peugeot 5008 (2024) ?,none,1,True,False,1.0,1.0,1.0,0.0,1.0,1.0,1.0,1.0,1.0,7.0
q02f790a3a4,test,native_plain,Comment le régulateur de vitesse peut-il s'ajuster automatiquement aux limitations de vitesse de la route ?,vehicle,157,False,False,0.0,0.0,0.0,0.9373491147703038,0.06535224639468808,0.05728971923153363,8.0,4.0,0.912678062915802,7.0
q02f790a3a4,test,native_brand,Comment le régulateur de vitesse de ma Peugeot peut-il s'ajuster automatiquement aux limitations de vitesse de la route ?,model,10,False,False,0.0,0.0,1.0,0.9364768334959832,0.05915548057957633,0.004558890821437677,9.0,5.0,0.8835132718086243,8.0
q02f790a3a4,test,native_model,Comment le régulateur de vitesse de ma 5008 peut-il s'ajuster automatiquement aux limitations de vitesse de la route ?,none,1,False,False,1.0,1.0,0.0,0.0,1.0,1.0,1.0,1.0,1.0,8.0
q02f790a3a4,test,native_full,Comment le régulateur de vitesse de ma Peugeot 5008 (2024) peut-il s'ajuster automatiquement aux limitations de vitesse de la route ?,none,1,False,False,1.0,1.0,1.0,0.0,1.0,1.0,1.0,1.0,1.0,10.0
qf4fd66e5d1,dev,native_plain,Peut-on utiliser un chargeur rapide pour démarrer le véhicule si la batterie est à plat ?,vehicle,157,False,False,0.0,0.0,0.0,0.946244505701199,0.07282158096538847,0.022471080061364872,10.0,9.0,0.8144147992134094,7.0
qf4fd66e5d1,dev,native_brand,Peut-on utiliser un chargeur rapide pour démarrer ma Peugeot si la batterie est à plat ?,model,10,False,False,0.0,0.0,1.0,0.9334822735195941,0.06818942127955066,0.11789325910520795,8.0,4.0,0.8840581774711609,7.0
qf4fd66e5d1,dev,native_model,Peut-on utiliser un chargeur rapide pour démarrer ma 5008 si la batterie est à plat ?,none,1,False,False,1.0,1.0,0.0,0.0,1.0,1.0,1.0,1.0,1.0,7.0
qf4fd66e5d1,dev,native_full,Peut-on utiliser un chargeur rapide pour démarrer ma Peugeot 5008 (2024) si la batterie est à plat ?,none,1,False,False,1.0,1.0,1.0,0.0,1.0,1.0,1.0,1.0,1.0,9.0
qbfc10bc458,dev,native_plain,Comment relancer l'aide au maintien dans la voie si elle s'est désactivée car je ne tenais plus le volant ?,vehicle,157,True,True,0.0,0.0,0.0,0.9553970688219344,0.055747139805071046,0.09955326878863284,10.0,7.0,0.9142740964889526,7.0
qbfc10bc458,dev,native_brand,Comment relancer l'aide au maintien dans la voie sur ma Peugeot si elle s'est désactivée car je ne tenais plus le volant ?,model,10,True,True,0.0,0.0,1.0,0.9571757418410725,0.04657702140483191,0.028415227087560866,10.0,8.0,0.8961976766586304,8.0
qbfc10bc458,dev,native_model,Comment relancer l'aide au maintien dans la voie sur ma 508 si elle s'est désactivée car je ne tenais plus le volant ?,version,2,True,True,2.0,0.0,0.0,0.6256970973173248,0.8435712601315004,0.8145636921721175,2.0,1.0,0.7805764675140381,8.0
qbfc10bc458,dev,native_full,Comment relancer l'aide au maintien dans la voie sur ma Peugeot 508 (2019) si elle s'est désactivée car je ne tenais plus le volant ?,version,2,True,True,2.0,0.0,1.0,0.6256970973173248,0.8435712601315004,0.8145636921721175,2.0,1.0,0.7805764675140381,10.0
qff20206f89,dev,native_plain,Comment immobiliser manuellement la voiture avec la commande du frein de stationnement électrique ?,vehicle,157,True,True,0.0,0.0,0.0,0.9362470889967869,0.0813077326388876,0.2059871843833193,8.0,3.0,0.9731990694999695,7.0
qff20206f89,dev,native_brand,Comment immobiliser manuellement ma Peugeot avec la commande du frein de stationnement électrique ?,model,10,True,True,0.0,0.0,1.0,0.9142751041734424,0.07859111247107366,0.02334824055063142,8.0,3.0,0.9731990694999695,7.0
qff20206f89,dev,native_model,Comment immobiliser manuellement ma 508 avec la commande du frein de stationnement électrique ?,version,2,True,True,2.0,0.0,0.0,0.8864219925631605,0.6957518401216509,0.562705921373989,1.0,1.0,0.8556176424026489,7.0
qff20206f89,dev,native_full,Comment immobiliser manuellement ma Peugeot 508 (2019) avec la commande du frein de stationnement électrique ?,version,2,True,True,2.0,0.0,1.0,0.8864219925631605,0.6957518401216509,0.562705921373989,1.0,1.0,0.8556176424026489,9.0
qbfdd63a783,dev,native_plain,Comment puis-je régler l'heure manuellement ?,vehicle,157,True,True,0.0,0.0,0.0,0.9604966931783402,0.06454116452579522,0.4901774873247419,10.0,6.0,0.9286826848983765,4.0
qbfdd63a783,dev,native_brand,Comment puis-je régler l'heure manuellement sur ma Peugeot ?,model,10,True,True,0.0,0.0,1.0,0.941809878637144,0.07181544925490484,0.0983717156454632,10.0,6.0,0.9848222732543945,5.0
qbfdd63a783,dev,native_model,Comment puis-je régler l'heure manuellement sur ma 508 ?,version,2,True,True,2.0,0.0,0.0,0.9569264277118608,0.6215688846900401,0.3911678582516667,2.0,1.0,0.8568425178527832,5.0
qbfdd63a783,dev,native_full,Comment puis-je régler l'heure manuellement sur ma Peugeot 508 (2019) ?,version,2,True,True,2.0,0.0,1.0,0.9569264277118608,0.6215688846900401,0.3911678582516667,2.0,1.0,0.8568425178527832,7.0
q93757a72f2,test,native_plain,Peut-on installer un porte-vélo sur le hayon ?,vehicle,157,True,True,0.0,0.0,0.0,0.930062958219278,0.07438447202397454,0.18795225266298865,7.0,4.0,0.9397247433662415,4.0
q93757a72f2,test,native_brand,Peut-on installer un porte-vélo sur le hayon de ma Peugeot ?,model,10,True,True,0.0,0.0,1.0,0.9248476594555244,0.08828971232752471,0.14813643208427532,7.0,4.0,0.9397248029708862,5.0
q93757a72f2,test,native_model,Peut-on installer un porte-vélo sur le hayon de ma 508 ?,version,2,True,True,2.0,0.0,0.0,0.8514218630670994,0.722934216121343,0.6167482770906058,1.0,1.0,0.7966654300689697,5.0
q93757a72f2,test,native_full,Peut-on installer un porte-vélo sur le hayon de ma Peugeot 508 (2019) ?,version,2,True,True,2.0,0.0,1.0,0.8514218630670994,0.722934216121343,0.6167482770906058,1.0,1.0,0.7966654300689697,7.0
q0c23115220,test,native_plain,Comment réinitialiser le système antipincement des vitres électriques ?,vehicle,157,True,True,0.0,0.0,0.0,0.9230229940541921,0.0902782496448478,0.024997597918083512,5.0,3.0,0.9196688532829285,5.0
q0c23115220,test,native_brand,Comment réinitialiser le système antipincement des vitres électriques sur ma Peugeot ?,model,10,True,True,0.0,0.0,1.0,0.9162398703845961,0.09416819219343875,0.05858257036348746,6.0,3.0,0.9165483713150024,6.0
q0c23115220,test,native_model,Comment réinitialiser le système antipincement des vitres électriques sur ma 508 ?,version,2,True,True,2.0,0.0,0.0,0.9845375346481906,0.5730733160470888,0.25502257390425914,2.0,1.0,0.8385728597640991,6.0
q0c23115220,test,native_full,Comment réinitialiser le système antipincement des vitres électriques sur ma Peugeot 508 (2019) ?,version,2,True,True,2.0,0.0,1.0,0.9845375346481906,0.5730733160470888,0.25502257390425914,2.0,1.0,0.8385728597640991,8.0
qbea1522c01,dev,native_plain,Comment le mode éco permet-il de consommer moins d'énergie ?,vehicle,157,True,True,0.0,0.0,0.0,0.9497745749782591,0.057021018584724414,0.09891344604547475,9.0,5.0,0.8757502436637878,5.0
qbea1522c01,dev,native_brand,Comment le mode éco permet-il de consommer moins d'énergie sur une Peugeot ?,model,10,True,True,0.0,0.0,1.0,0.9470831947203872,0.06383033423066405,0.1899630491936571,8.0,5.0,0.8822806477546692,6.0
qbea1522c01,dev,native_model,Comment le mode éco permet-il de consommer moins d'énergie sur une 508 ?,version,2,True,True,2.0,0.0,0.0,0.8894751835388024,0.693174339279854,0.5573614842134659,2.0,1.0,0.8820803165435791,6.0
qbea1522c01,dev,native_full,Comment le mode éco permet-il de consommer moins d'énergie sur une Peugeot 508 (2019) ?,version,2,True,True,2.0,0.0,1.0,0.8894751835388024,0.693174339279854,0.5573614842134659,2.0,1.0,0.8820803165435791,8.0
q95646a1ee9,test,native_plain,How do you manually release the parking brake?,vehicle,157,True,True,0.0,0.0,0.0,0.8868877564613059,0.16496126477416886,0.2963675517734645,5.0,4.0,0.8779357075691223,4.0
q95646a1ee9,test,native_brand,How do you manually release the parking brake on a Peugeot?,model,10,True,True,0.0,0.0,1.0,0.8319043393304785,0.17466928940064122,0.3130731869327189,6.0,4.0,0.8746134042739868,5.0
q95646a1ee9,test,native_model,How do you manually release the parking brake on a 508?,version,2,True,True,2.0,0.0,0.0,0.8589415470394952,0.7174206855021055,0.6061176932748683,1.0,1.0,0.8449358940124512,5.0
q95646a1ee9,test,native_full,How do you manually release the parking brake on a Peugeot 508 (2019)?,version,2,True,True,2.0,0.0,1.0,0.8589415470394952,0.7174206855021055,0.6061176932748683,1.0,1.0,0.8449358940124512,7.0
q0bf7474e01,test,native_plain,How far and at what speed should I drive right after using the temporary tire repair kit?,vehicle,157,True,True,0.0,0.0,0.0,0.912332992922963,0.07966630195441346,0.09600842687650556,7.0,5.0,0.8904216885566711,9.0
q0bf7474e01,test,native_brand,How far and at what speed should I drive right after using the temporary tire repair kit on my Peugeot?,model,10,True,True,0.0,0.0,1.0,0.9391325408456267,0.06153635577919364,0.06137726620548932,9.0,7.0,0.8622443079948425,10.0
q0bf7474e01,test,native_model,How far and at what speed should I drive right after using the temporary tire repair kit on my 508?,version,2,True,True,2.0,0.0,0.0,0.8869907587557126,0.6952745664961992,0.5617192858938462,2.0,1.0,0.8488044738769531,10.0
q0bf7474e01,test,native_full,How far and at what speed should I drive right after using the temporary tire repair kit on my Peugeot 508 (2019)?,version,2,True,True,2.0,0.0,1.0,0.8869907587557126,0.6952745664961992,0.5617192858938462,2.0,1.0,0.8488044738769531,12.0
qc74d076b2e,dev,native_plain,How can I roll up the windows from the outside when locking the car?,vehicle,157,True,True,0.0,0.0,0.0,0.8863723482067959,0.13607641140901358,0.306363165801087,6.0,6.0,0.8219963908195496,4.0
qc74d076b2e,dev,native_brand,How can I roll up the windows from the outside when locking my Peugeot?,model,10,True,True,0.0,0.0,1.0,0.9148183373068763,0.09067902994687149,0.12407465472744685,8.0,7.0,0.8426139950752258,5.0
qc74d076b2e,dev,native_model,How can I roll up the windows from the outside when locking my 508?,version,2,True,True,2.0,0.0,0.0,0.8702768195373781,0.708791822413162,0.589148508238446,2.0,1.0,0.8066006898880005,5.0
qc74d076b2e,dev,native_full,How can I roll up the windows from the outside when locking my Peugeot 508 (2019)?,version,2,True,True,2.0,0.0,1.0,0.8702768195373781,0.708791822413162,0.589148508238446,2.0,1.0,0.8066006898880005,7.0
q05df4841e4,test,native_plain,When is it recommended to turn off the traction control system?,vehicle,157,False,False,0.0,0.0,0.0,0.9000258420163977,0.09446924935031305,0.1862504291270079,7.0,6.0,0.8072733879089355,5.0
q05df4841e4,test,native_brand,When is it recommended to turn off the traction control system on my Peugeot?,model,10,False,False,0.0,0.0,1.0,0.9156048107811283,0.13812433045525715,0.6345208981965778,7.0,6.0,0.8171435594558716,6.0
q05df4841e4,test,native_model,When is it recommended to turn off the traction control system on my 508?,version,2,False,False,2.0,0.0,0.0,0.8828127419802363,0.698750646601428,0.5688743117966566,2.0,1.0,0.7652896642684937,6.0
q05df4841e4,test,native_full,When is it recommended to turn off the traction control system on my Peugeot 508 (2019)?,version,2,False,False,2.0,0.0,1.0,0.8828127419802363,0.698750646601428,0.5688743117966566,2.0,1.0,0.7652896642684937,8.0
q2a60dd402c,test,native_plain,How do I turn off the high beam headlights?,vehicle,157,False,False,0.0,0.0,0.0,0.8748159393941949,0.14125491823699568,0.3061726604174777,9.0,4.0,0.8776682019233704,4.0
q2a60dd402c,test,native_brand,How do I turn off the high beam headlights on my Peugeot?,model,10,False,False,0.0,0.0,1.0,0.8785418390961176,0.1012077997080924,0.054451628001221934,8.0,4.0,0.8690301179885864,5.0
q2a60dd402c,test,native_model,How do I turn off the high beam headlights on my 508?,version,2,False,False,2.0,0.0,0.0,0.6058656668116429,0.8515825878500303,0.8257157740570112,1.0,1.0,0.8249340057373047,5.0
q2a60dd402c,test,native_full,How do I turn off the high beam headlights on my Peugeot 508 (2019)?,version,2,False,False,2.0,0.0,1.0,0.6058656668116429,0.8515825878500303,0.8257157740570112,1.0,1.0,0.8249340057373047,7.0
q64d355aaa5,test,native_plain,Do I need to start the engine to use the air conditioning?,vehicle,157,False,False,0.0,0.0,0.0,0.923593142099162,0.08274783308527445,0.034768870200507083,8.0,4.0,0.8460027575492859,6.0
q64d355aaa5,test,native_brand,Do I need to start the engine to use the air conditioning in my Peugeot?,model,10,False,False,0.0,0.0,1.0,0.8962700458222068,0.13852814929024584,0.4250059255558616,7.0,5.0,0.8627821207046509,7.0
q64d355aaa5,test,native_model,Do I need to start the engine to use the air conditioning in my 508?,version,2,False,False,2.0,0.0,0.0,0.8088497134222972,0.7515264930161053,0.6693749198558594,2.0,1.0,0.8410739898681641,7.0
q64d355aaa5,test,native_full,Do I need to start the engine to use the air conditioning in my Peugeot 508 (2019)?,version,2,False,False,2.0,0.0,1.0,0.8088497134222972,0.7515264930161053,0.6693749198558594,2.0,1.0,0.8410739898681641,9.0
q813f0acfd6,test,native_plain,Quels éléments en tissu de l'habitacle sont considérés comme des pièces d'usure ?,vehicle,157,True,True,0.0,0.0,0.0,0.9512537000494384,0.061539087973897226,0.1452000173100106,10.0,8.0,0.8265916705131531,7.0
q813f0acfd6,test,native_brand,Quels éléments en tissu de l'habitacle de ma Peugeot sont considérés comme des pièces d'usure ?,model,10,True,True,0.0,0.0,1.0,0.9553747809023586,0.06411745189727652,0.2959764371972859,8.0,5.0,0.8196161985397339,8.0
q813f0acfd6,test,native_model,Quels éléments en tissu de l'habitacle de ma Peugeot Carnet Entretien Et Garanties sont considérés comme des pièces d'usure ?,none,1,True,False,1.0,1.0,1.0,0.0,1.0,1.0,1.0,1.0,1.0,11.0
q813f0acfd6,test,native_full,Quels éléments en tissu de l'habitacle de ma Peugeot Carnet Entretien Et Garanties sont considérés comme des pièces d'usure ?,none,1,True,False,1.0,1.0,1.0,0.0,1.0,1.0,1.0,1.0,1.0,11.0
q5690fb660e,test,native_plain,Qu'est-ce qu'il est possible de louer avec le service Mu ?,vehicle,157,True,True,0.0,0.0,0.0,0.7625614578354215,0.1767767646446408,0.04741163132534713,4.0,1.0,0.8066600561141968,4.0
q5690fb660e,test,native_brand,Qu'est-ce qu'il est possible de louer avec le service Mu de ma Peugeot ?,model,10,True,True,0.0,0.0,1.0,0.8939523658161788,0.09686421534393666,0.07375959089689808,9.0,4.0,0.8302810788154602,5.0
q5690fb660e,test,native_model,Qu'est-ce qu'il est possible de louer avec le service Mu de ma Peugeot Carnet Entretien Et Garanties ?,none,1,True,False,1.0,1.0,1.0,0.0,1.0,1.0,1.0,1.0,1.0,8.0
q5690fb660e,test,native_full,Qu'est-ce qu'il est possible de louer avec le service Mu de ma Peugeot Carnet Entretien Et Garanties ?,none,1,True,False,1.0,1.0,1.0,0.0,1.0,1.0,1.0,1.0,1.0,8.0
qa87ec1a1ff,test,native_plain,Quand commence la garantie de ma voiture ?,vehicle,157,False,False,0.0,0.0,0.0,0.7965057708802534,0.15637111002003906,0.02248725999786736,8.0,6.0,0.7722098231315613,3.0
qa87ec1a1ff,test,native_brand,Quand commence la garantie de ma Peugeot ?,model,10,False,False,0.0,0.0,1.0,0.7300006819122499,0.3952590788351726,0.7916459914655966,1.0,1.0,0.764858067035675,3.0
qa87ec1a1ff,test,native_model,Quand commence la garantie de ma Peugeot Carnet Entretien Et Garanties ?,none,1,False,False,1.0,1.0,1.0,0.0,1.0,1.0,1.0,1.0,1.0,6.0
qa87ec1a1ff,test,native_full,Quand commence la garantie de ma Peugeot Carnet Entretien Et Garanties ?,none,1,False,False,1.0,1.0,1.0,0.0,1.0,1.0,1.0,1.0,1.0,6.0
qef1557acc5,dev,native_plain,Combien de temps au maximum peut-on me prêter un véhicule de remplacement en cas de panne ?,vehicle,157,True,True,0.0,0.0,0.0,0.949072249518446,0.07941317677943298,0.39742963846776636,7.0,5.0,0.772976279258728,8.0
qef1557acc5,dev,native_brand,Combien de temps au maximum peut-on me prêter un véhicule de remplacement en cas de panne sur ma Peugeot ?,model,10,True,True,0.0,0.0,1.0,0.8598304570675334,0.18976640524632618,0.5551979796639236,4.0,2.0,0.7956265211105347,9.0
qef1557acc5,dev,native_model,Combien de temps au maximum peut-on me prêter un véhicule de remplacement en cas de panne sur ma Peugeot Carnet Entretien Et Garanties ?,none,1,True,False,1.0,1.0,1.0,0.0,1.0,1.0,1.0,1.0,1.0,12.0
qef1557acc5,dev,native_full,Combien de temps au maximum peut-on me prêter un véhicule de remplacement en cas de panne sur ma Peugeot Carnet Entretien Et Garanties ?,none,1,True,False,1.0,1.0,1.0,0.0,1.0,1.0,1.0,1.0,1.0,12.0
q2f4347eed6,test,native_plain,À quelle fréquence est-il conseillé de remplacer les essuie-glaces ?,vehicle,157,False,False,0.0,0.0,0.0,0.9455774353310424,0.053700482909930805,0.027105078933428454,10.0,5.0,0.9144545793533325,5.0
q2f4347eed6,test,native_brand,À quelle fréquence est-il conseillé de remplacer les essuie-glaces sur une Peugeot ?,model,10,False,False,0.0,0.0,1.0,0.9565629204024567,0.05504080604407402,0.20939303561196132,10.0,6.0,0.9031369090080261,6.0
q2f4347eed6,test,native_model,À quelle fréquence est-il conseillé de remplacer les essuie-glaces sur une Peugeot Carnet Entretien Et Garanties ?,none,1,False,False,1.0,1.0,1.0,0.0,1.0,1.0,1.0,1.0,1.0,9.0
q2f4347eed6,test,native_full,À quelle fréquence est-il conseillé de remplacer les essuie-glaces sur une Peugeot Carnet Entretien Et Garanties ?,none,1,False,False,1.0,1.0,1.0,0.0,1.0,1.0,1.0,1.0,1.0,9.0
q10fed7f168,test,native_plain,Quel document doit-on fournir pour faire valoir la garantie contre la perforation de la carrosserie ?,vehicle,157,True,True,0.0,0.0,0.0,0.9189874241241366,0.14433189544933586,0.5944672296744049,10.0,4.0,0.9916284680366516,7.0
q10fed7f168,test,native_brand,Quel document doit-on fournir pour faire valoir la garantie contre la perforation de la carrosserie sur ma Peugeot ?,model,10,True,True,0.0,0.0,1.0,0.8447702547548885,0.2718872657669843,0.8238712990587048,8.0,4.0,0.9547467231750488,8.0
q10fed7f168,test,native_model,Quel document doit-on fournir pour faire valoir la garantie contre la perforation de la carrosserie sur ma Peugeot Carnet Entretien Et Garanties ?,none,1,True,False,1.0,1.0,1.0,0.0,1.0,1.0,1.0,1.0,1.0,11.0
q10fed7f168,test,native_full,Quel document doit-on fournir pour faire valoir la garantie contre la perforation de la carrosserie sur ma Peugeot Carnet Entretien Et Garanties ?,none,1,True,False,1.0,1.0,1.0,0.0,1.0,1.0,1.0,1.0,1.0,11.0
q4756aab4d0,test,native_plain,Pourquoi le système Stop and Start ne fonctionne-t-il pas juste après avoir rebranché la batterie ?,vehicle,157,True,True,0.0,0.0,0.0,0.9439342215814177,0.07594155542410977,0.04673144979125708,9.0,6.0,0.8502664566040039,9.0
q4756aab4d0,test,native_brand,Pourquoi le système Stop and Start ne fonctionne-t-il pas juste après avoir rebranché la batterie sur mon Peugeot ?,model,10,True,True,0.0,0.0,1.0,0.937025695408818,0.07949611622010828,0.0069053090236959975,8.0,5.0,0.8645423650741577,10.0
q4756aab4d0,test,native_model,Pourquoi le système Stop and Start ne fonctionne-t-il pas juste après avoir rebranché la batterie sur mon Partner ?,none,1,True,False,1.0,1.0,0.0,0.0,1.0,1.0,1.0,1.0,1.0,10.0
q4756aab4d0,test,native_full,Pourquoi le système Stop and Start ne fonctionne-t-il pas juste après avoir rebranché la batterie sur mon Peugeot Partner (2019) ?,none,1,True,False,1.0,1.0,1.0,0.0,1.0,1.0,1.0,1.0,1.0,12.0
qbe9d9a5d7f,dev,native_plain,Comment forcer le passage au-dessus de la vitesse programmée sur le limiteur en cas d'urgence ?,vehicle,157,False,False,0.0,0.0,0.0,0.9649898087483789,0.04719185857783332,0.060698697927277716,10.0,6.0,0.935469925403595,8.0
qbe9d9a5d7f,dev,native_brand,Comment forcer le passage au-dessus de la vitesse programmée sur le limiteur de ma Peugeot en cas d'urgence ?,model,10,False,False,0.0,0.0,1.0,0.9518565273003791,0.05612889408369346,0.0034178653838061964,9.0,7.0,0.8985392451286316,9.0
qbe9d9a5d7f,dev,native_model,Comment forcer le passage au-dessus de la vitesse programmée sur le limiteur de ma Partner en cas d'urgence ?,none,1,False,False,1.0,1.0,0.0,0.0,1.0,1.0,1.0,1.0,1.0,9.0
qbe9d9a5d7f,dev,native_full,Comment forcer le passage au-dessus de la vitesse programmée sur le limiteur de ma Peugeot Partner (2019) en cas d'urgence ?,none,1,False,False,1.0,1.0,1.0,0.0,1.0,1.0,1.0,1.0,1.0,11.0
q37d768b9b9,test,native_plain,Où doit-on brancher le compresseur de gonflage de pneu ?,vehicle,157,True,True,0.0,0.0,0.0,0.9638187031832444,0.0455452926698449,0.05405760582948879,10.0,8.0,0.8820545077323914,4.0
q37d768b9b9,test,native_brand,Où doit-on brancher le compresseur de gonflage de pneu sur ma Peugeot ?,model,10,True,True,0.0,0.0,1.0,0.9675587782147487,0.04278104805729819,0.07611584971656461,10.0,8.0,0.8899908065795898,5.0
q37d768b9b9,test,native_model,Où doit-on brancher le compresseur de gonflage de pneu sur ma Partner ?,none,1,True,False,1.0,1.0,0.0,0.0,1.0,1.0,1.0,1.0,1.0,5.0
q37d768b9b9,test,native_full,Où doit-on brancher le compresseur de gonflage de pneu sur ma Peugeot Partner (2019) ?,none,1,True,False,1.0,1.0,1.0,0.0,1.0,1.0,1.0,1.0,1.0,7.0
qc3e9a28786,dev,native_plain,Où doit-on fixer la galerie de toit si la voiture est équipée de rails ?,vehicle,157,True,True,0.0,0.0,0.0,0.9404709322697845,0.07214648915037983,0.20226662914671764,8.0,6.0,0.912209689617157,6.0
qc3e9a28786,dev,native_brand,Où doit-on fixer la galerie de toit si mon Peugeot est équipé de rails ?,model,10,True,True,0.0,0.0,1.0,0.9473728314945767,0.06689565736307883,0.13299851999445683,9.0,5.0,0.9054311513900757,6.0
qc3e9a28786,dev,native_model,Où doit-on fixer la galerie de toit si mon Partner est équipé de rails ?,none,1,True,False,1.0,1.0,0.0,0.0,1.0,1.0,1.0,1.0,1.0,6.0
qc3e9a28786,dev,native_full,Où doit-on fixer la galerie de toit si mon Peugeot Partner (2019) est équipé de rails ?,none,1,True,False,1.0,1.0,1.0,0.0,1.0,1.0,1.0,1.0,1.0,8.0
q90cea5ef7b,test,native_plain,Est-il conseillé de s'arrêter pour manipuler l'écran multimédia ?,vehicle,157,False,False,0.0,0.0,0.0,0.9358116914258471,0.09214681479101554,0.27093967676163416,9.0,3.0,0.9375459551811218,5.0
q90cea5ef7b,test,native_brand,Est-il conseillé de s'arrêter pour manipuler l'écran multimédia sur mon Peugeot ?,model,10,False,False,0.0,0.0,1.0,0.9306849902089233,0.08265100315280237,0.27039566357723177,10.0,3.0,0.9636658430099487,6.0
q90cea5ef7b,test,native_model,Est-il conseillé de s'arrêter pour manipuler l'écran multimédia sur mon Partner ?,none,1,False,False,1.0,1.0,0.0,0.0,1.0,1.0,1.0,1.0,1.0,6.0
q90cea5ef7b,test,native_full,Est-il conseillé de s'arrêter pour manipuler l'écran multimédia sur mon Peugeot Partner (2019) ?,none,1,False,False,1.0,1.0,1.0,0.0,1.0,1.0,1.0,1.0,1.0,8.0
q26725310b4,test,native_plain,Comment nettoyer les tissus intérieurs ?,vehicle,157,False,False,0.0,0.0,0.0,0.9568189837339856,0.04788985771596984,0.0934602005007354,9.0,5.0,0.9150609970092773,3.0
q26725310b4,test,native_brand,Comment nettoyer les tissus intérieurs sur mon Peugeot ?,model,10,False,False,0.0,0.0,1.0,0.9661277591097245,0.04878899351018362,0.29704620224620776,10.0,9.0,0.8904730677604675,4.0
q26725310b4,test,native_model,Comment nettoyer les tissus intérieurs sur mon Partner ?,none,1,False,False,1.0,1.0,0.0,0.0,1.0,1.0,1.0,1.0,1.0,4.0
q26725310b4,test,native_full,Comment nettoyer les tissus intérieurs sur mon Peugeot Partner (2019) ?,none,1,False,False,1.0,1.0,1.0,0.0,1.0,1.0,1.0,1.0,1.0,6.0
q6495b42dd1,test,native_plain,What is the maximum water depth that the car can drive through?,vehicle,157,True,True,0.0,0.0,0.0,0.9407460826396505,0.06632438191725817,0.113359892824993,9.0,6.0,0.8322649002075195,4.0
q6495b42dd1,test,native_brand,What is the maximum water depth that the Land Rover can drive through?,none,1,True,False,0.0,0.0,1.0,0.6965596595294687,0.4636404264900205,0.8728024243619891,4.0,4.0,0.7685908079147339,6.0
q6495b42dd1,test,native_model,What is the maximum water depth that the Range Rover Evoque can drive through?,none,1,True,False,0.0,0.0,0.0,0.5492347115992084,0.6270127201301819,0.9320459669765218,2.0,2.0,0.801986813545227,7.0
q6495b42dd1,test,native_full,What is the maximum water depth that the Range Rover Evoque (2024) can drive through?,none,1,True,False,0.0,0.0,0.0,0.5475263541710287,0.6296643894779758,0.9423241804834203,2.0,2.0,0.7986109852790833,8.0
q42a6b314db,test,native_plain,How long is the SOS emergency call service included for after the car is registered?,vehicle,157,True,True,0.0,0.0,0.0,0.9035298434345996,0.17367590318078313,0.602027705699742,8.0,5.0,0.8159992098808289,7.0
q42a6b314db,test,native_brand,How long is the SOS emergency call service included for after my Land Rover is registered?,none,1,True,False,0.0,0.0,1.0,0.7605035800553211,0.3416632320116221,0.6425641105396344,5.0,5.0,0.8206632733345032,9.0
q42a6b314db,test,native_model,How long is the SOS emergency call service included for after my Range Rover Evoque is registered?,none,1,True,False,0.0,0.0,0.0,0.7303058981380557,0.43560152059116997,0.8839104824188886,5.0,5.0,0.8218134641647339,10.0
q42a6b314db,test,native_full,How long is the SOS emergency call service included for after my Range Rover Evoque (2024) is registered?,none,1,True,False,0.0,0.0,0.0,0.6863504582076532,0.4712750715235169,0.8705432581956243,6.0,6.0,0.8218134045600891,11.0
q2082c2ad3f,test,native_plain,What is the range of wheel sizes available for this model?,vehicle,157,True,True,0.0,0.0,0.0,0.942834890007474,0.07130701451631127,0.17267475847772054,9.0,7.0,0.7798380851745605,5.0
q2082c2ad3f,test,native_brand,What is the range of wheel sizes available for my Land Rover?,none,1,True,False,0.0,0.0,1.0,0.44549613141714106,0.7230367563985656,0.9689418898218338,1.0,1.0,0.8002463579177856,6.0
q2082c2ad3f,test,native_model,What is the range of wheel sizes available for my Range Rover Evoque?,none,1,True,False,0.0,0.0,0.0,0.43373488645011415,0.7318044503377976,0.9765256611002646,1.0,1.0,0.7896456718444824,7.0
q2082c2ad3f,test,native_full,What is the range of wheel sizes available for my Range Rover Evoque (2024)?,none,1,True,False,0.0,0.0,0.0,0.4340402966126926,0.7310347704780109,0.97522982254547,1.0,1.0,0.7947551012039185,8.0
qa9640cc020,test,native_plain,How long can the portable rinse system spray water continuously?,vehicle,157,True,True,0.0,0.0,0.0,0.8499264958856606,0.21369551339688334,0.5018149857258273,3.0,3.0,0.7550510168075562,7.0
qa9640cc020,test,native_brand,How long can the portable rinse system in my Land Rover spray water continuously?,none,1,True,False,0.0,0.0,1.0,0.6941248071091767,0.4360475163995364,0.6717836397296909,7.0,6.0,0.7724612355232239,9.0
qa9640cc020,test,native_model,How long can the portable rinse system in my Range Rover Evoque spray water continuously?,none,1,True,False,0.0,0.0,0.0,0.5420928874668507,0.6272160351182571,0.9396162312383705,1.0,1.0,0.7453755140304565,10.0
qa9640cc020,test,native_full,How long can the portable rinse system in my Range Rover Evoque (2024) spray water continuously?,none,1,True,False,0.0,0.0,0.0,0.5813213387434663,0.5983215162771088,0.9585009422017058,1.0,1.0,0.7408407330513,11.0
qb5605935a2,dev,native_plain,Quelles conditions doivent être remplies pour que la mesure de l'indicateur de niveau d'huile soit fiable ?,vehicle,157,False,False,0.0,0.0,0.0,0.9498225314006031,0.06630845406766847,0.06472744359677943,9.0,6.0,0.8675618171691895,9.0
qb5605935a2,dev,native_brand,Quelles conditions doivent être remplies pour que la mesure de l'indicateur de niveau d'huile soit fiable sur ma Renault ?,model,20,False,False,0.0,0.0,1.0,0.9222133916371725,0.12075364389635922,0.5001416968936085,8.0,4.0,0.8904765248298645,10.0
qb5605935a2,dev,native_model,Quelles conditions doivent être remplies pour que la mesure de l'indicateur de niveau d'huile soit fiable sur ma Renault 19 ?,none,1,False,False,1.0,1.0,1.0,0.0,1.0,1.0,1.0,1.0,1.0,11.0
qb5605935a2,dev,native_full,Quelles conditions doivent être remplies pour que la mesure de l'indicateur de niveau d'huile soit fiable sur ma Renault 19 (1988-1997) ?,none,1,False,False,1.0,1.0,1.0,0.0,1.0,1.0,1.0,1.0,1.0,13.0
q757f834d92,test,native_plain,Comment enlever le cache des haut-parleurs de portière ?,vehicle,157,True,True,0.0,0.0,0.0,0.9626044440452916,0.04014065799796174,0.01825721072178336,10.0,7.0,0.8171887397766113,5.0
q757f834d92,test,native_brand,Comment enlever le cache des haut-parleurs de portière sur ma Renault ?,model,20,True,True,0.0,0.0,1.0,0.9413102035327285,0.06446445186589383,0.12121841957263417,6.0,2.0,0.9058030843734741,6.0
q757f834d92,test,native_model,Comment enlever le cache des haut-parleurs de portière sur ma Renault 19 ?,none,1,True,False,1.0,1.0,1.0,0.0,1.0,1.0,1.0,1.0,1.0,7.0
q757f834d92,test,native_full,Comment enlever le cache des haut-parleurs de portière sur ma Renault 19 (1988-1997) ?,none,1,True,False,1.0,1.0,1.0,0.0,1.0,1.0,1.0,1.0,1.0,9.0
q429bd6d36b,test,native_plain,Comment vider le cendrier de la portière arrière ?,vehicle,157,True,True,0.0,0.0,0.0,0.962441286624565,0.04892282558329865,0.09216828058501723,8.0,4.0,0.894813060760498,4.0
q429bd6d36b,test,native_brand,Comment vider le cendrier de la portière arrière sur ma Renault ?,model,20,True,True,0.0,0.0,1.0,0.9463123675735834,0.058003097931725416,0.12766336798700229,10.0,4.0,0.894813060760498,5.0
q429bd6d36b,test,native_model,Comment vider le cendrier de la portière arrière sur ma Renault 19 ?,none,1,True,False,1.0,1.0,1.0,0.0,1.0,1.0,1.0,1.0,1.0,6.0
q429bd6d36b,test,native_full,Comment vider le cendrier de la portière arrière sur ma Renault 19 (1988-1997) ?,none,1,True,False,1.0,1.0,1.0,0.0,1.0,1.0,1.0,1.0,1.0,8.0
q7685c26ea7,test,native_plain,De combien doit-on réduire le poids total roulant autorisé si on roule sur une pente de 7 % à 12 % ?,vehicle,157,True,True,0.0,0.0,0.0,0.9432787812094037,0.07660388915945797,0.24746786289470782,9.0,5.0,0.906390368938446,9.0
q7685c26ea7,test,native_brand,De combien doit-on réduire le poids total roulant autorisé de ma Renault si on roule sur une pente de 7 % à 12 % ?,model,20,True,True,0.0,0.0,1.0,0.9308527332424452,0.08380438380545417,0.14883128046365957,6.0,4.0,0.9155157208442688,10.0
q7685c26ea7,test,native_model,De combien doit-on réduire le poids total roulant autorisé de ma Renault 19 si on roule sur une pente de 7 % à 12 % ?,none,1,True,False,1.0,1.0,1.0,0.0,1.0,1.0,1.0,1.0,1.0,11.0
q7685c26ea7,test,native_full,De combien doit-on réduire le poids total roulant autorisé de ma Renault 19 (1988-1997) si on roule sur une pente de 7 % à 12 % ?,none,1,True,False,1.0,1.0,1.0,0.0,1.0,1.0,1.0,1.0,1.0,13.0
q80a804be62,test,native_plain,Comment peut-on baisser la hauteur des phares ?,vehicle,157,True,True,0.0,0.0,0.0,0.921250551505871,0.11389395543797402,0.38432086375342367,9.0,6.0,0.8548837900161743,3.0
q80a804be62,test,native_brand,Comment peut-on baisser la hauteur des phares sur une Renault ?,model,20,True,True,0.0,0.0,1.0,0.9341969309024486,0.0751144298249926,0.0203079730045324,9.0,6.0,0.8817108869552612,4.0
q80a804be62,test,native_model,Comment peut-on baisser la hauteur des phares sur une Renault 19 ?,none,1,True,False,1.0,1.0,1.0,0.0,1.0,1.0,1.0,1.0,1.0,5.0
q80a804be62,test,native_full,Comment peut-on baisser la hauteur des phares sur une Renault 19 (1988-1997) ?,none,1,True,False,1.0,1.0,1.0,0.0,1.0,1.0,1.0,1.0,1.0,7.0
q3778e3cd20,test,native_plain,Quels types de tôles protectrices sont utilisés pour empêcher la rouille sur la carrosserie ?,vehicle,157,True,True,0.0,0.0,0.0,0.9590833142033078,0.05513666654383318,0.0631302768339377,10.0,7.0,0.8670285940170288,7.0
q3778e3cd20,test,native_brand,Quels types de tôles protectrices sont utilisés pour empêcher la rouille sur la carrosserie de ma Renault ?,model,20,True,True,0.0,0.0,1.0,0.9541068355811245,0.05497642268869459,0.0044381968709642965,10.0,6.0,0.8629006147384644,8.0
q3778e3cd20,test,native_model,Quels types de tôles protectrices sont utilisés pour empêcher la rouille sur la carrosserie de ma Renault 19 ?,none,1,True,False,1.0,1.0,1.0,0.0,1.0,1.0,1.0,1.0,1.0,9.0
q3778e3cd20,test,native_full,Quels types de tôles protectrices sont utilisés pour empêcher la rouille sur la carrosserie de ma Renault 19 (1988-1997) ?,none,1,True,False,1.0,1.0,1.0,0.0,1.0,1.0,1.0,1.0,1.0,11.0
q422c3af856,test,native_plain,Comment desserrer la ceinture de sécurité du milieu à l'arrière ?,vehicle,157,False,False,0.0,0.0,0.0,0.947898031963011,0.0884051980578267,0.4747007585326191,9.0,8.0,0.9119442105293274,5.0
q422c3af856,test,native_brand,Comment desserrer la ceinture de sécurité du milieu à l'arrière sur ma Renault ?,model,20,False,False,0.0,0.0,1.0,0.9566204316510596,0.054003866753615015,0.09736956731164118,9.0,3.0,0.911001980304718,6.0
q422c3af856,test,native_model,Comment desserrer la ceinture de sécurité du milieu à l'arrière sur ma Renault 21 ?,none,1,False,False,1.0,1.0,1.0,0.0,1.0,1.0,1.0,1.0,1.0,7.0
q422c3af856,test,native_full,Comment desserrer la ceinture de sécurité du milieu à l'arrière sur ma Renault 21 (1986-1994) ?,none,1,False,False,1.0,1.0,1.0,0.0,1.0,1.0,1.0,1.0,1.0,9.0
q3ce020d40b,test,native_plain,Comment vider le cendrier situé sur la portière arrière ?,vehicle,157,False,False,0.0,0.0,0.0,0.9644419371774533,0.048449214373740786,0.14214108394876,9.0,5.0,0.8779033422470093,5.0
q3ce020d40b,test,native_brand,Comment vider le cendrier situé sur la portière arrière de ma Renault ?,model,20,False,False,0.0,0.0,1.0,0.9519617667200688,0.05613570235322395,0.0908414508286508,9.0,4.0,0.8875331878662109,6.0
q3ce020d40b,test,native_model,Comment vider le cendrier situé sur la portière arrière de ma Renault 21 ?,none,1,False,False,1.0,1.0,1.0,0.0,1.0,1.0,1.0,1.0,1.0,7.0
q3ce020d40b,test,native_full,Comment vider le cendrier situé sur la portière arrière de ma Renault 21 (1986-1994) ?,none,1,False,False,1.0,1.0,1.0,0.0,1.0,1.0,1.0,1.0,1.0,9.0
q406334570f,test,native_plain,Sur quelle position faut-il placer le levier de vitesse pour pouvoir démarrer ?,vehicle,157,False,False,0.0,0.0,0.0,0.8926972520990204,0.13060273462327757,0.257841769028605,6.0,3.0,0.878574550151825,6.0
q406334570f,test,native_brand,Sur quelle position faut-il placer le levier de vitesse pour pouvoir démarrer ma Renault ?,model,20,False,False,0.0,0.0,1.0,0.9067922275360428,0.12197383377717852,0.27729291376891635,7.0,3.0,0.8848240971565247,7.0
q406334570f,test,native_model,Sur quelle position faut-il placer le levier de vitesse pour pouvoir démarrer ma Renault 21 ?,none,1,False,False,1.0,1.0,1.0,0.0,1.0,1.0,1.0,1.0,1.0,8.0
q406334570f,test,native_full,Sur quelle position faut-il placer le levier de vitesse pour pouvoir démarrer ma Renault 21 (1986-1994) ?,none,1,False,False,1.0,1.0,1.0,0.0,1.0,1.0,1.0,1.0,1.0,10.0
qee20204538,dev,native_plain,Quelles précautions faut-il prendre avant de passer la voiture au lavage automatique à brosses ?,vehicle,157,False,False,0.0,0.0,0.0,0.9607414545523261,0.05810143885704042,0.27492431820684327,10.0,7.0,0.8867433667182922,7.0
qee20204538,dev,native_brand,Quelles précautions faut-il prendre avant de passer ma Renault au lavage automatique à brosses ?,model,20,False,False,0.0,0.0,1.0,0.9679273288697128,0.04698017388874319,0.28053227015860177,10.0,8.0,0.8866591453552246,7.0
qee20204538,dev,native_model,Quelles précautions faut-il prendre avant de passer ma Renault 21 au lavage automatique à brosses ?,none,1,False,False,1.0,1.0,1.0,0.0,1.0,1.0,1.0,1.0,1.0,8.0
qee20204538,dev,native_full,Quelles précautions faut-il prendre avant de passer ma Renault 21 (1986-1994) au lavage automatique à brosses ?,none,1,False,False,1.0,1.0,1.0,0.0,1.0,1.0,1.0,1.0,1.0,10.0
qad9e75e2a0,test,native_plain,Quel régime moteur ne doit-on pas dépasser sur les rapports intermédiaires pour conduire de manière économique avec un modèle diesel ?,vehicle,157,True,True,0.0,0.0,0.0,0.933083855479686,0.06846300543902432,0.03315929623102075,10.0,5.0,0.8809345960617065,10.0
qad9e75e2a0,test,native_brand,Quel régime moteur ne doit-on pas dépasser sur les rapports intermédiaires pour conduire de manière économique avec un modèle diesel sur ma Renault ?,model,20,True,True,0.0,0.0,1.0,0.8455165844260628,0.12953663611055155,0.18750582532655496,6.0,1.0,0.8474645614624023,11.0
qad9e75e2a0,test,native_model,Quel régime moteur ne doit-on pas dépasser sur les rapports intermédiaires pour conduire de manière économique avec un modèle diesel sur ma Renault 21 ?,none,1,True,False,1.0,1.0,1.0,0.0,1.0,1.0,1.0,1.0,1.0,12.0
qad9e75e2a0,test,native_full,Quel régime moteur ne doit-on pas dépasser sur les rapports intermédiaires pour conduire de manière économique avec un modèle diesel sur ma Renault 21 (1986-1994) ?,none,1,True,False,1.0,1.0,1.0,0.0,1.0,1.0,1.0,1.0,1.0,14.0
q1d3e55269f,test,native_plain,Comment doit-on nettoyer les ceintures de sécurité ?,vehicle,157,False,False,0.0,0.0,0.0,0.9650686159388744,0.03800510541514127,0.03664691825257672,9.0,6.0,0.9153062105178833,3.0
q1d3e55269f,test,native_brand,Comment doit-on nettoyer les ceintures de sécurité sur ma Renault ?,model,20,False,False,0.0,0.0,1.0,0.9677956233327457,0.048911223754617046,0.22662527745506805,9.0,5.0,0.9138839840888977,4.0
q1d3e55269f,test,native_model,Comment doit-on nettoyer les ceintures de sécurité sur ma Renault 5 ?,none,1,False,False,1.0,1.0,1.0,0.0,1.0,1.0,1.0,1.0,1.0,4.0
q1d3e55269f,test,native_full,Comment doit-on nettoyer les ceintures de sécurité sur ma Renault 5 (1972-1996) ?,none,1,False,False,1.0,1.0,1.0,0.0,1.0,1.0,1.0,1.0,1.0,6.0
qa3edacac01,test,native_plain,Quelle tension doit avoir la batterie de l'autre voiture pour démarrer en cas de panne ?,vehicle,157,False,False,0.0,0.0,0.0,0.9634540768248135,0.05732830375925163,0.16243070286971012,10.0,4.0,0.9304788708686829,7.0
qa3edacac01,test,native_brand,Quelle tension doit avoir la batterie de l'autre voiture pour démarrer ma Renault en cas de panne ?,model,20,False,False,0.0,0.0,1.0,0.9652872495816985,0.05702298262338371,0.1950745202799245,9.0,2.0,0.9555085897445679,8.0
qa3edacac01,test,native_model,Quelle tension doit avoir la batterie de l'autre voiture pour démarrer ma Renault 5 en cas de panne ?,none,1,False,False,1.0,1.0,1.0,0.0,1.0,1.0,1.0,1.0,1.0,8.0
qa3edacac01,test,native_full,Quelle tension doit avoir la batterie de l'autre voiture pour démarrer ma Renault 5 (1972-1996) en cas de panne ?,none,1,False,False,1.0,1.0,1.0,0.0,1.0,1.0,1.0,1.0,1.0,10.0
qdda54ccd81,dev,native_plain,Quelle est la température minimale pour utiliser du diesel sans additif si la voiture possède un réchauffeur ?,vehicle,157,True,True,0.0,0.0,0.0,0.9596002157107408,0.048589519360786405,0.010230677017907797,10.0,7.0,0.8731439709663391,8.0
qdda54ccd81,dev,native_brand,Quelle est la température minimale pour utiliser du diesel sans additif si ma Renault possède un réchauffeur ?,model,20,True,True,0.0,0.0,1.0,0.9504568108922193,0.05723869245138741,0.06996992476845668,9.0,6.0,0.8799182176589966,8.0
qdda54ccd81,dev,native_model,Quelle est la température minimale pour utiliser du diesel sans additif si ma Renault 5 possède un réchauffeur ?,none,1,True,False,1.0,1.0,1.0,0.0,1.0,1.0,1.0,1.0,1.0,8.0
qdda54ccd81,dev,native_full,Quelle est la température minimale pour utiliser du diesel sans additif si ma Renault 5 (1972-1996) possède un réchauffeur ?,none,1,True,False,1.0,1.0,1.0,0.0,1.0,1.0,1.0,1.0,1.0,10.0
